CustomerID,recency,frequency,monetary,monetary_log,frequency_log,r_score,f_score,m_score,rfm_score,cluster,segment,bayesian_churn_prob
12346,27,10,230.55,5.444795832926761,2.3978952727983707,3,5,2,10,3,Champions,0.5
12358,111,1,1429.83,7.266009974456078,0.6931471805599453,1,1,5,7,0,Lost,0.5
12359,6,4,1522.23,7.328588359221301,1.6094379124341003,5,5,5,15,3,Champions,0.5
12360,5,2,158.0,5.0689042022202315,1.0986122886681096,5,3,1,9,2,Loyal,0.5
12361,62,1,109.19999999999999,4.702296896718814,0.6931471805599453,2,1,1,4,2,Loyal,0.5
12362,118,1,130.0,4.875197323201151,0.6931471805599453,1,1,1,3,0,Lost,0.5
12366,13,1,500.24,6.217085028297085,0.6931471805599453,4,1,3,8,2,Loyal,0.5
12368,7,1,917.6999999999999,6.822959627277421,0.6931471805599453,5,1,4,10,1,Loyal,0.5
12369,21,1,348.32,5.855988407545532,0.6931471805599453,4,1,3,8,2,Loyal,0.5
12370,4,3,774.62,6.653662709523911,1.3862943611198906,5,4,4,13,1,Loyal,0.5
12371,24,2,607.6800000000001,6.411292678051914,1.0986122886681096,4,3,4,11,1,Loyal,0.5
12373,4,2,763.0500000000001,6.638633232051267,1.0986122886681096,5,3,4,12,1,Loyal,0.5
12380,26,3,3217.3,8.076608548813057,1.3862943611198906,3,4,5,12,3,Champions,0.5
12389,35,1,164.85,5.111083765393062,0.6931471805599453,3,1,1,5,2,Loyal,0.5
12391,35,2,750.49,6.622057902384601,1.0986122886681096,3,3,4,10,1,Loyal,0.5
12396,54,1,931.43,6.837794081676172,0.6931471805599453,2,1,4,7,1,Loyal,0.5
12399,24,1,205.98,5.332622170240027,0.6931471805599453,4,1,2,7,2,Loyal,0.5
12402,50,1,191.7,5.2611345754203205,0.6931471805599453,2,1,1,4,2,Loyal,0.5
12404,61,1,63.24,4.162626069638506,0.6931471805599453,2,1,1,4,2,Loyal,0.5
12406,77,1,881.2,6.7824187876708395,0.6931471805599453,1,1,4,6,0,Lost,0.5
12416,36,1,202.56,5.315960801720632,0.6931471805599453,3,1,2,6,2,Loyal,0.5
12417,24,4,1200.69,7.091484178338151,1.6094379124341003,4,5,5,14,3,Champions,0.5
12418,10,1,343.94,5.843370488863255,0.6931471805599453,5,1,3,9,2,Loyal,0.5
12422,43,2,737.25,6.604282520624032,1.0986122886681096,3,3,4,10,1,Loyal,0.5
12426,42,1,762.48,6.6378869291616915,0.6931471805599453,3,1,4,8,2,Loyal,0.5
12431,25,3,1514.8600000000001,7.323738213652991,1.3862943611198906,4,4,5,13,1,Loyal,0.5
12435,17,2,1736.88,7.460421258562459,1.0986122886681096,4,3,5,12,1,Loyal,0.5
12437,4,6,3799.32,8.242840552695286,1.9459101490553132,5,5,5,15,3,Champions,0.5
12439,62,2,1142.88,7.042181271332972,1.0986122886681096,2,3,5,10,1,Loyal,0.5
12440,97,1,568.51,6.344776341995586,0.6931471805599453,1,1,3,5,0,Lost,0.625
12443,111,1,485.31,6.186846280636522,0.6931471805599453,1,1,3,5,0,Lost,0.5
12455,6,2,2414.34,7.789595342926631,1.0986122886681096,5,3,5,13,1,Loyal,0.5
12466,61,1,56.73,4.055776969072842,0.6931471805599453,2,1,1,4,2,Loyal,0.5
12468,62,1,441.23,6.091830108727296,0.6931471805599453,2,1,3,6,2,Loyal,0.5
12470,69,1,211.95,5.3610573963692225,0.6931471805599453,2,1,2,5,0,Lost,0.5
12471,3,19,6496.56,8.779182000793902,2.995732273553991,5,5,5,15,3,Champions,0.5
12472,7,5,3029.43,8.016459802625967,1.791759469228055,5,5,5,15,3,Champions,0.5
12474,46,1,158.7,5.073297055220967,0.6931471805599453,2,1,1,4,2,Loyal,0.5
12477,3,1,2021.23,7.611956141875117,0.6931471805599453,5,1,5,11,1,Loyal,0.5
12482,33,5,6437.76,8.770091253975075,1.791759469228055,3,5,5,13,3,Champions,0.5
12483,13,4,842.5,6.737559901986023,1.6094379124341003,4,5,4,13,1,Loyal,0.5
12484,29,3,705.15,6.559827679515073,1.3862943611198906,3,4,4,11,1,Loyal,0.5
12487,110,1,285.29999999999995,5.657040212104069,0.6931471805599453,1,1,2,4,0,Lost,0.5
12490,20,6,2112.0099999999998,7.655868750212525,1.9459101490553132,4,5,5,14,3,Champions,0.5
12495,20,1,357.4,5.881649681100775,0.6931471805599453,4,1,3,8,2,Loyal,0.5
12497,24,1,1211.76,7.100654032813861,0.6931471805599453,4,1,5,10,1,Loyal,0.5
12500,12,5,869.49,6.769056271491484,1.791759469228055,4,5,4,13,3,Champions,0.5
12510,3,6,3414.23,8.13600011966378,1.9459101490553132,5,5,5,15,3,Champions,0.5
12514,21,1,580.08,6.364888441004683,0.6931471805599453,4,1,4,9,2,Loyal,0.5
12523,17,4,847.04,6.742927804490763,1.6094379124341003,4,5,4,13,1,Loyal,0.5
12524,5,3,2282.58,7.733499665950508,1.3862943611198906,5,4,5,14,3,Champions,0.5
12525,27,1,566.4300000000001,6.341117393729944,0.6931471805599453,3,1,3,7,2,Loyal,0.5
12530,22,1,357.0,5.8805329864007,0.6931471805599453,4,1,3,8,2,Loyal,0.5
12531,66,1,1807.98,7.500518429502228,0.6931471805599453,2,1,5,8,1,Loyal,0.5
12533,7,2,1367.89,7.221755471439273,1.0986122886681096,5,3,5,13,1,Loyal,0.5
12539,96,2,5149.06,8.546763644075352,1.0986122886681096,1,3,5,9,1,Loyal,0.5
12540,4,6,2496.62,7.823093557416486,1.9459101490553132,5,5,5,15,3,Champions,0.25
12542,19,1,364.79,5.902059398240283,0.6931471805599453,4,1,3,8,2,Loyal,0.5
12549,61,4,1159.3700000000001,7.0564941987589656,1.6094379124341003,2,5,5,12,1,Loyal,0.5
12555,61,1,129.23,4.869302117979612,0.6931471805599453,2,1,1,4,2,Loyal,0.5
12557,102,1,1952.64,7.577449578167305,0.6931471805599453,1,1,5,7,0,Lost,0.5
12567,46,1,522.28,6.260116693652957,0.6931471805599453,2,1,3,6,2,Loyal,0.5
12568,24,1,70.0,4.2626798770413155,0.6931471805599453,4,1,1,6,2,Loyal,0.5
12570,61,1,77.52,4.3633533694082605,0.6931471805599453,2,1,1,4,2,Loyal,0.5
12577,115,1,210.55,5.354461377166077,0.6931471805599453,1,1,2,4,0,Lost,0.5
12583,32,2,1409.49,7.25169244073241,1.0986122886681096,3,3,5,11,1,Loyal,0.5
12586,103,1,422.35,6.048199260088286,0.6931471805599453,1,1,3,5,0,Lost,0.5
12589,69,1,715.5,6.574378247268227,0.6931471805599453,2,1,4,7,0,Lost,0.5
12594,26,1,154.14,5.044327935062725,0.6931471805599453,3,1,1,5,2,Loyal,0.5
12598,25,2,649.71,6.478064074448011,1.0986122886681096,4,3,4,11,1,Loyal,0.4
12600,39,5,1133.07,7.0335682107776405,1.791759469228055,3,5,5,13,3,Champions,0.375
12606,61,1,21.0,3.091042453358316,0.6931471805599453,2,1,1,4,2,Loyal,0.5
12609,99,1,330.6,5.80392942326114,0.6931471805599453,1,1,2,4,0,Lost,0.5
12613,105,1,1333.1100000000001,7.196019681846646,0.6931471805599453,1,1,5,7,0,Lost,0.5
12615,11,1,1155.48,7.053136187963809,0.6931471805599453,5,1,5,11,1,Loyal,0.5
12621,11,2,1322.52,7.1880501329999005,1.0986122886681096,5,3,5,13,1,Loyal,0.5
12623,27,2,1923.82,7.562587735856374,1.0986122886681096,3,3,5,11,1,Loyal,0.5
12631,73,1,738.1800000000001,6.605541463684391,0.6931471805599453,2,1,4,7,0,Lost,0.5
12636,118,1,141.0,4.955827057601261,0.6931471805599453,1,1,1,3,0,Lost,0.5
12638,19,1,249.8,5.524655808758766,0.6931471805599453,4,1,2,7,2,Loyal,0.5
12639,7,1,253.57999999999998,5.539615128442288,0.6931471805599453,5,1,2,8,2,Loyal,0.5
12644,50,2,868.13,6.767492711315046,1.0986122886681096,2,3,4,9,1,Loyal,0.5
12645,26,2,846.74,6.742573985005771,1.0986122886681096,3,3,4,10,1,Loyal,0.5
12647,10,8,3841.46,8.253868065469172,2.1972245773362196,5,5,5,15,3,Champions,0.5
12648,20,2,311.8,5.745564008671156,1.0986122886681096,4,3,2,9,2,Loyal,0.5
12649,73,2,385.5,5.957131868027477,1.0986122886681096,2,3,3,8,0,Lost,0.5
12663,4,2,239.4,5.4823042026610525,1.0986122886681096,5,3,2,10,2,Loyal,0.5
12664,106,1,549.08,6.310063722194484,0.6931471805599453,1,1,3,5,0,Lost,0.5
12665,49,1,168.8,5.134621273877247,0.6931471805599453,2,1,1,4,2,Loyal,0.5
12668,20,3,3867.58,8.260642793625754,1.3862943611198906,4,4,5,13,3,Champions,0.5
12670,46,1,225.60000000000002,5.423186348593906,0.6931471805599453,2,1,2,5,2,Loyal,0.5
12677,46,1,190.7,5.255931650051599,0.6931471805599453,2,1,1,4,2,Loyal,0.5
12678,80,2,2310.3,7.745565415782643,1.0986122886681096,1,3,5,9,1,Loyal,0.5
12681,5,7,4231.35,8.350512673332023,2.0794415416798357,5,5,5,15,3,Champions,0.5
12682,20,8,4294.37,8.365292977390132,2.1972245773362196,4,5,5,14,3,Champions,0.5
12683,48,3,1557.66,7.351581756754737,1.3862943611198906,2,4,5,11,1,Loyal,0.5
12692,17,1,110.95,4.718052343044764,0.6931471805599453,4,1,1,6,2,Loyal,0.5
12695,45,1,493.66,6.203870657879451,0.6931471805599453,3,1,3,7,2,Loyal,0.5
12701,13,1,547.3199999999999,6.306859058126299,0.6931471805599453,4,1,3,8,2,Loyal,0.5
12703,13,3,722.98,6.584763767694766,1.3862943611198906,4,4,4,12,1,Loyal,0.5
12708,29,3,808.32,6.696194388910994,1.3862943611198906,3,4,4,11,1,Loyal,0.375
12709,12,6,6269.5599999999995,8.74362094383327,1.9459101490553132,4,5,5,14,3,Champions,0.5
12711,56,1,549.3,6.310463584065713,0.6931471805599453,2,1,3,6,2,Loyal,0.5
12712,52,2,562.38,6.333954356054633,1.0986122886681096,2,3,3,8,1,Loyal,0.5
12714,14,3,3835.19,8.25223496553793,1.3862943611198906,4,4,5,13,3,Champions,0.5
12726,3,1,381.36,5.946362573195562,0.6931471805599453,5,1,3,9,2,Loyal,0.5
12727,34,1,759.32,6.633739397294171,0.6931471805599453,3,1,4,8,1,Loyal,0.5
12731,27,1,1626.4,7.394738928262557,0.6931471805599453,3,1,5,9,1,Loyal,0.5
12733,69,1,1130.22,7.031051975325475,0.6931471805599453,2,1,5,8,1,Loyal,0.5
12742,5,1,1201.52,7.092174633858238,0.6931471805599453,5,1,5,11,1,Loyal,0.5
12745,61,1,201.56,5.311036138955812,0.6931471805599453,2,1,2,5,2,Loyal,0.5
12747,19,6,1502.89,7.315810363537177,1.9459101490553132,4,5,5,14,3,Champions,0.375
12748,5,30,5170.43,8.550904525001606,3.4339872044851463,5,5,5,15,3,Champions,0.5
12755,14,3,147.41,4.999978713907727,1.3862943611198906,4,4,1,9,2,Loyal,0.5
12758,5,2,4340.05,8.375871533316651,1.0986122886681096,5,3,5,13,1,Loyal,0.5
12759,115,1,508.26,6.232958691634785,0.6931471805599453,1,1,3,5,0,Lost,0.5
12765,21,1,147.0,4.997212273764115,0.6931471805599453,4,1,1,6,2,Loyal,0.5
12776,47,1,55.5,4.034240638152395,0.6931471805599453,2,1,1,4,2,Loyal,0.5
12779,28,2,690.68,6.539123420919322,1.0986122886681096,3,3,4,10,1,Loyal,0.5
12785,111,1,366.9,5.907811162110729,0.6931471805599453,1,1,3,5,0,Lost,0.5
12789,73,1,89.25,4.502583597212991,0.6931471805599453,2,1,1,4,0,Lost,0.5
12791,3,3,425.03999999999996,6.054533238574965,1.3862943611198906,5,4,3,12,1,Loyal,0.5
12796,7,1,381.0,5.945420608606575,0.6931471805599453,5,1,3,9,2,Loyal,0.5
12800,56,2,403.33000000000004,6.002231376218875,1.0986122886681096,2,3,3,8,1,Loyal,0.5
12805,54,1,266.5,5.589119566336061,0.6931471805599453,2,1,2,5,2,Loyal,0.5
12809,27,1,633.6800000000001,6.453120934865889,0.6931471805599453,3,1,4,8,2,Loyal,0.5
12810,56,1,159.66,5.079290330745667,0.6931471805599453,2,1,1,4,2,Loyal,0.5
12813,72,1,244.2,5.5020742040620565,0.6931471805599453,2,1,2,5,0,Lost,0.5
12820,34,3,854.85,6.752095127141673,1.3862943611198906,3,4,4,11,1,Loyal,0.375
12823,6,3,924.5,6.830334132013552,1.3862943611198906,5,4,4,13,1,Loyal,0.5
12825,21,1,214.82999999999998,5.374491060770879,0.6931471805599453,4,1,2,7,2,Loyal,0.5
12826,101,1,458.20000000000005,6.129485845005357,0.6931471805599453,1,1,3,5,0,Lost,0.5
12835,13,17,2990.32,8.003470040536735,2.8903717578961645,4,5,5,14,3,Champions,0.5
12836,41,3,1008.32,6.917032115762346,1.3862943611198906,3,4,4,11,1,Loyal,0.5
12839,24,5,1397.6,7.243227015269766,1.791759469228055,4,5,5,14,3,Champions,0.5
12840,54,1,150.0,5.017279836814924,0.6931471805599453,2,1,1,4,2,Loyal,0.5
12842,117,1,397.20000000000005,5.986954391630096,0.6931471805599453,1,1,3,5,0,Lost,0.5
12843,6,4,805.55,6.692765891923797,1.6094379124341003,5,5,4,14,1,Loyal,0.5
12846,61,1,15.58,2.8081971497071487,0.6931471805599453,2,1,1,4,2,Loyal,0.5
12848,55,1,208.0,5.342334251964811,0.6931471805599453,2,1,2,5,2,Loyal,0.5
12853,52,1,413.0,6.025865973825314,0.6931471805599453,2,1,3,6,2,Loyal,0.5
12854,31,3,1237.94,7.1220114543064375,1.3862943611198906,3,4,5,12,1,Loyal,0.5
12857,62,1,204.60000000000002,5.32593253358101,0.6931471805599453,2,1,2,5,2,Loyal,0.5
12860,72,1,54.22,4.011325206502009,0.6931471805599453,2,1,1,4,0,Lost,0.5
12867,43,2,986.42,6.895095480835346,1.0986122886681096,3,3,4,10,1,Loyal,0.5
12869,61,1,337.66999999999996,5.825026181941565,0.6931471805599453,2,1,3,6,2,Loyal,0.5
12870,4,1,209.3,5.348535082708654,0.6931471805599453,5,1,2,8,2,Loyal,0.5
12872,22,4,1241.1200000000001,7.124574876183659,1.6094379124341003,4,5,5,14,3,Champions,0.5
12873,61,1,492.4,6.201320204095256,0.6931471805599453,2,1,3,6,2,Loyal,0.5
12875,77,1,305.28,5.724499716244923,0.6931471805599453,1,1,2,4,0,Lost,0.5
12877,70,1,299.49,5.705414475551326,0.6931471805599453,2,1,2,5,0,Lost,0.5
12891,5,2,84.0,4.442651256490317,1.0986122886681096,5,3,1,9,2,Loyal,0.5
12898,39,1,143.57,4.973763819320351,0.6931471805599453,3,1,1,5,2,Loyal,0.5
12905,62,1,593.66,6.387989813646672,0.6931471805599453,2,1,4,7,2,Loyal,0.5
12908,9,1,318.0,5.765191102784844,0.6931471805599453,5,1,2,8,2,Loyal,0.5
12909,33,1,284.11,5.652875070715635,0.6931471805599453,3,1,2,6,2,Loyal,0.5
12910,1,1,1017.96,6.926537778281504,0.6931471805599453,5,1,4,10,1,Loyal,0.5
12913,77,3,1220.73,7.108023166055154,1.3862943611198906,1,4,5,10,1,Loyal,0.5
12916,64,1,379.33,5.941039296913667,0.6931471805599453,2,1,3,6,2,Loyal,0.5
12917,110,1,1552.9,7.348523178792688,0.6931471805599453,1,1,5,7,0,Lost,0.5
12920,104,2,138.9,4.940927881671436,1.0986122886681096,1,3,1,5,0,Lost,0.5
12921,6,9,5455.85,8.604626979177874,2.302585092994046,5,5,5,15,3,Champions,0.5
12924,18,4,419.24,6.040825976645706,1.6094379124341003,4,5,3,12,1,Loyal,0.5
12926,26,2,592.51,6.38605406310744,1.0986122886681096,3,3,4,10,1,Loyal,0.5
12931,12,10,3967.21,8.286070390391467,2.3978952727983707,4,5,5,14,3,Champions,0.5
12932,21,2,536.02,6.286035337763185,1.0986122886681096,4,3,3,10,1,Loyal,0.5
12933,108,1,155.79,5.054907330372359,0.6931471805599453,1,1,1,3,0,Lost,0.5
12934,116,1,181.65,5.207571753241291,0.6931471805599453,1,1,1,3,0,Lost,0.5
12937,102,2,314.57,5.7543805274192925,1.0986122886681096,1,3,2,6,0,Lost,0.5
12939,33,2,787.5,6.670132406403093,1.0986122886681096,3,3,4,10,1,Loyal,0.5
12941,104,1,377.49,5.936189652449227,0.6931471805599453,1,1,3,5,0,Lost,0.5
12945,35,1,437.16,6.082584140475466,0.6931471805599453,3,1,3,7,2,Loyal,0.5
12948,110,2,252.48000000000002,5.535284924455317,1.0986122886681096,1,3,2,6,0,Lost,0.5
12949,39,4,3669.03,8.207955115402127,1.6094379124341003,3,5,5,13,3,Champions,0.5
12951,10,3,513.45,6.243098368821819,1.3862943611198906,5,4,3,12,1,Loyal,0.5
12954,18,1,162.45,5.09650713317022,0.6931471805599453,4,1,1,6,2,Loyal,0.5
12956,64,3,413.82,6.027844691200732,1.3862943611198906,2,4,3,9,1,Loyal,0.5
12957,18,2,2716.96,7.907636877899339,1.0986122886681096,4,3,5,12,1,Loyal,0.5
12960,41,1,413.67,6.0274830231839145,0.6931471805599453,3,1,3,7,2,Loyal,0.5
12970,115,1,237.99,5.476421710051968,0.6931471805599453,1,1,2,4,0,Lost,0.5
12971,45,4,803.95,6.690780163688303,1.6094379124341003,3,5,4,12,1,Loyal,0.5
12972,27,2,633.61,6.453010636982708,1.0986122886681096,3,3,4,10,1,Loyal,0.5
12975,113,1,441.63,6.092734206612264,0.6931471805599453,1,1,3,5,0,Lost,0.5
12976,18,2,684.22,6.529739954582072,1.0986122886681096,4,3,4,11,1,Loyal,0.5
12978,25,4,1946.46,7.574281238381212,1.6094379124341003,4,5,5,14,3,Champions,0.375
12979,108,1,517.7,6.251325681357355,0.6931471805599453,1,1,3,5,0,Lost,0.5
12980,34,3,2591.28,7.860293076329277,1.3862943611198906,3,4,5,12,1,Loyal,0.5
12986,21,2,760.72,6.635579034090616,1.0986122886681096,4,3,4,11,1,Loyal,0.5
12987,68,1,282.33,5.646612296041165,0.6931471805599453,2,1,2,5,0,Lost,0.5
12989,10,7,1648.64,7.408312361271329,2.0794415416798357,5,5,5,15,3,Champions,0.5
12992,104,1,93.35000000000001,4.54701127181456,0.6931471805599453,1,1,1,3,0,Lost,0.5
12993,10,2,436.45,6.080962413552274,1.0986122886681096,5,3,3,11,1,Loyal,0.5
12998,33,1,300.2,5.707774495925738,0.6931471805599453,3,1,2,6,2,Loyal,0.5
13000,104,1,497.65000000000003,6.2119044468478775,0.6931471805599453,1,1,3,5,0,Lost,0.5
13001,4,5,3697.26,8.215617717750302,1.791759469228055,5,5,5,15,3,Champions,0.5
13004,4,7,2333.54,7.7555701485542,2.0794415416798357,5,5,5,15,3,Champions,0.5
13008,102,1,189.31,5.248654321528936,0.6931471805599453,1,1,1,3,0,Lost,0.625
13009,52,1,234.0,5.459585514144159,0.6931471805599453,2,1,2,5,2,Loyal,0.5
13010,28,1,177.12,5.182457480453501,0.6931471805599453,3,1,1,5,2,Loyal,0.5
13013,20,2,968.51,6.876790789224663,1.0986122886681096,4,3,4,11,1,Loyal,0.5
13018,28,2,818.7,6.708938419658985,1.0986122886681096,3,3,4,10,1,Loyal,0.5
13019,109,2,445.3,6.100991371635224,1.0986122886681096,1,3,3,7,0,Lost,0.5
13020,39,1,448.01,6.107045159209165,0.6931471805599453,3,1,3,7,2,Loyal,0.5
13021,10,2,653.26,6.483504825970557,1.0986122886681096,5,3,4,12,1,Loyal,0.5
13025,111,1,323.39,5.781946495625555,0.6931471805599453,1,1,2,4,0,Lost,0.5
13026,21,2,586.0,6.375024819828097,1.0986122886681096,4,3,4,11,1,Loyal,0.5
13027,12,5,2400.0,7.783640596221253,1.791759469228055,4,5,5,14,3,Champions,0.5
13036,64,1,307.1,5.730424405602622,0.6931471805599453,2,1,2,5,2,Loyal,0.5
13037,24,4,1349.55,7.208267195872018,1.6094379124341003,4,5,5,14,3,Champions,0.5
13039,101,1,162.8,5.098646171418969,0.6931471805599453,1,1,1,3,0,Lost,0.5
13042,54,2,972.7,6.8811032479847105,1.0986122886681096,2,3,4,9,1,Loyal,0.5
13044,25,4,1564.65,7.356056352209614,1.6094379124341003,4,5,5,14,3,Champions,0.2857142857142857
13047,25,3,1226.52,7.112751152814964,1.3862943611198906,4,4,5,13,1,Loyal,0.375
13048,61,1,394.6,5.980403599748557,0.6931471805599453,2,1,3,6,2,Loyal,0.5
13050,28,4,1278.66,7.154349696629094,1.6094379124341003,3,5,5,13,3,Champions,0.5
13052,34,1,560.97,6.331448467685968,0.6931471805599453,3,1,3,7,2,Loyal,0.5
13053,1,1,127.65,4.857095538727753,0.6931471805599453,5,1,1,7,2,Loyal,0.5
13057,11,1,353.49,5.8706801368295976,0.6931471805599453,5,1,3,9,2,Loyal,0.5
13070,112,1,154.2,5.0447146077491185,0.6931471805599453,1,1,1,3,0,Lost,0.5
13074,69,2,634.0,6.453624998892692,1.0986122886681096,2,3,4,9,1,Loyal,0.5
13077,101,2,638.59,6.460827346065843,1.0986122886681096,1,3,4,8,0,Lost,0.625
13078,5,10,5467.67,8.606790721427497,2.3978952727983707,5,5,5,15,3,Champions,0.5
13082,3,3,677.7,6.520179203709713,1.3862943611198906,5,4,4,13,1,Loyal,0.5
13085,59,6,2017.2,7.609961304030429,1.9459101490553132,2,5,5,12,3,Champions,0.5
13087,105,1,313.64,5.751429128123554,0.6931471805599453,1,1,2,4,0,Lost,0.5
13091,109,2,1976.0,7.589335823170617,1.0986122886681096,1,3,5,9,0,Lost,0.5
13092,8,2,534.3000000000001,6.282827337399335,1.0986122886681096,5,3,3,11,1,Loyal,0.5
13093,8,12,8400.17,9.036126260846336,2.5649493574615367,5,5,5,15,3,Champions,0.5
13097,25,7,2977.9900000000002,7.999339595876497,2.0794415416798357,4,5,5,14,3,Champions,0.5
13101,60,1,168.54999999999998,5.133147868571648,0.6931471805599453,2,1,1,4,2,Loyal,0.5
13104,33,1,96.66,4.581492058633514,0.6931471805599453,3,1,1,5,2,Loyal,0.5
13107,53,1,606.3,6.40902290290353,0.6931471805599453,2,1,4,7,2,Loyal,0.5
13110,33,3,705.8000000000001,6.560747740445541,1.3862943611198906,3,4,4,11,1,Loyal,0.5
13111,98,1,321.88000000000005,5.777280737165245,0.6931471805599453,1,1,2,4,0,Lost,0.625
13114,110,1,234.38,5.461201229449516,0.6931471805599453,1,1,2,4,0,Lost,0.5
13117,3,1,128.22,4.86151637813002,0.6931471805599453,5,1,1,7,2,Loyal,0.5
13119,48,1,134.9,4.911919321157098,0.6931471805599453,2,1,1,4,2,Loyal,0.5
13126,27,1,464.85,6.143863693896434,0.6931471805599453,3,1,3,7,2,Loyal,0.5
13128,11,1,263.5,5.577841251298354,0.6931471805599453,5,1,2,8,2,Loyal,0.5
13131,48,1,651.41,6.480673198649006,0.6931471805599453,2,1,4,7,2,Loyal,0.5
13136,110,1,549.09,6.3100819012031835,0.6931471805599453,1,1,3,5,0,Lost,0.5
13141,6,4,1953.84,7.578063627638048,1.6094379124341003,5,5,5,15,3,Champions,0.5
13148,7,5,1935.88,7.568833710016577,1.791759469228055,5,5,5,15,3,Champions,0.5
13150,10,1,176.51999999999998,5.179083278624338,0.6931471805599453,5,1,1,7,2,Loyal,0.5
13151,5,2,1207.34,7.097002795846825,1.0986122886681096,5,3,5,13,1,Loyal,0.5
13152,35,2,810.82,6.699278640711324,1.0986122886681096,3,3,4,10,1,Loyal,0.5
13154,115,1,337.1,5.823341709713841,0.6931471805599453,1,1,3,5,0,Lost,0.5
13156,47,2,1239.6,7.1233504125390175,1.0986122886681096,2,3,5,10,1,Loyal,0.5
13157,21,1,193.2,5.268888555857225,0.6931471805599453,4,1,1,6,2,Loyal,0.5
13162,17,6,4539.02,8.420686696312034,1.9459101490553132,4,5,5,14,3,Champions,0.5
13164,47,1,275.8,5.623295223743515,0.6931471805599453,2,1,2,5,2,Loyal,0.5
13173,27,5,1042.7,6.9505273708260065,1.791759469228055,3,5,4,12,3,Champions,0.5
13174,23,4,2185.73,7.690162556265228,1.6094379124341003,4,5,5,14,3,Champions,0.5
13175,115,1,319.15,5.768789635964811,0.6931471805599453,1,1,2,4,0,Lost,0.5
13178,20,4,2770.42,7.927115103207818,1.6094379124341003,4,5,5,14,3,Champions,0.5
13183,15,1,493.44,6.203425809019622,0.6931471805599453,4,1,3,8,2,Loyal,0.5
13187,3,3,105.34,4.666641508076192,1.3862943611198906,5,4,1,10,2,Loyal,0.5
13190,57,2,362.05,5.894540565826256,1.0986122886681096,2,3,3,8,2,Loyal,0.5
13191,37,1,164.69,5.1101185725812055,0.6931471805599453,3,1,1,5,2,Loyal,0.5
13192,66,1,724.92,6.587439815915654,0.6931471805599453,2,1,4,7,0,Lost,0.5
13199,5,8,1639.72,7.402890448865477,2.1972245773362196,5,5,5,15,3,Champions,0.5
13201,22,1,316.75,5.761264910069563,0.6931471805599453,4,1,2,7,2,Loyal,0.5
13202,27,2,494.3,6.205163639594192,1.0986122886681096,3,3,3,9,1,Loyal,0.5
13203,10,2,460.22,6.133875152589096,1.0986122886681096,5,3,3,11,1,Loyal,0.5
13204,111,1,966.6600000000001,6.874880785908055,0.6931471805599453,1,1,4,6,0,Lost,0.5
13206,7,9,5657.17,8.640855797362775,2.302585092994046,5,5,5,15,3,Champions,0.5
13208,116,1,61.12,4.129067998280486,0.6931471805599453,1,1,1,3,0,Lost,0.5
13209,1,2,1547.5800000000002,7.345093660978356,1.0986122886681096,5,3,5,13,1,Loyal,0.5
13211,15,3,533.1,6.2805830873457245,1.3862943611198906,4,4,3,11,1,Loyal,0.5
13214,8,2,1791.98,7.491634319053239,1.0986122886681096,5,3,5,13,1,Loyal,0.5
13217,35,1,132.5,4.894101477840304,0.6931471805599453,3,1,1,5,2,Loyal,0.5
13223,45,1,216.60000000000002,5.382658514981788,0.6931471805599453,3,1,2,6,2,Loyal,0.5
13225,1,4,4071.63,8.31204426139091,1.6094379124341003,5,5,5,15,3,Champions,0.5
13230,10,1,271.75,5.60855562471318,0.6931471805599453,5,1,2,8,2,Loyal,0.5
13233,74,1,290.63,5.675485875501087,0.6931471805599453,2,1,2,5,0,Lost,0.5
13234,52,2,346.5,5.850764665004847,1.0986122886681096,2,3,3,8,2,Loyal,0.5
13240,32,2,155.29999999999998,5.051777237427431,1.0986122886681096,3,3,1,7,2,Loyal,0.5
13242,48,1,117.0,4.770684624465665,0.6931471805599453,2,1,1,4,2,Loyal,0.5
13243,11,1,251.62,5.531886383345829,0.6931471805599453,5,1,2,8,2,Loyal,0.5
13249,25,2,176.0,5.176149732573829,1.0986122886681096,4,3,1,8,2,Loyal,0.5
13252,5,1,346.9,5.8519150821578965,0.6931471805599453,5,1,3,9,2,Loyal,0.5
13253,83,1,974.39,6.882837391019174,0.6931471805599453,1,1,4,6,0,Lost,0.5714285714285714
13259,56,3,471.33,6.157677893834649,1.3862943611198906,2,4,3,9,1,Loyal,0.5
13266,25,2,596.88,6.393390064917614,1.0986122886681096,4,3,4,11,1,Loyal,0.5
13267,10,5,1795.07,7.493356223603733,1.791759469228055,5,5,5,15,3,Champions,0.5
13269,31,5,938.22,6.845049743566013,1.791759469228055,3,5,4,12,3,Champions,0.5
13275,12,1,177.36,5.183803979759276,0.6931471805599453,4,1,1,6,2,Loyal,0.5
13276,22,1,384.43,5.954359594154741,0.6931471805599453,4,1,3,8,2,Loyal,0.5
13280,24,1,478.5,6.172743894323493,0.6931471805599453,4,1,3,8,2,Loyal,0.5
13283,20,1,127.80000000000001,4.858260813670253,0.6931471805599453,4,1,1,6,2,Loyal,0.5
13285,4,1,340.3,5.832761855912661,0.6931471805599453,5,1,3,9,2,Loyal,0.5
13287,34,2,486.90999999999997,6.19013096261503,1.0986122886681096,3,3,3,9,1,Loyal,0.5
13288,32,2,548.64,6.309263518463574,1.0986122886681096,3,3,3,9,1,Loyal,0.5
13289,103,1,307.95,5.733179451506989,0.6931471805599453,1,1,2,4,0,Lost,0.5
13291,45,1,179.37,5.195010296682108,0.6931471805599453,3,1,1,5,2,Loyal,0.5
13293,6,2,662.87,6.498086347175884,1.0986122886681096,5,3,4,12,1,Loyal,0.5
13294,26,1,815.79,6.705382023876393,0.6931471805599453,3,1,4,8,1,Loyal,0.5
13304,49,1,307.85,5.732855722141908,0.6931471805599453,2,1,2,5,2,Loyal,0.5
13305,19,1,413.68,6.0275071384549115,0.6931471805599453,4,1,3,8,2,Loyal,0.5
13313,7,4,1006.97,6.9156936862836575,1.6094379124341003,5,5,4,14,3,Champions,0.5
13315,68,1,310.26,5.740628575776864,0.6931471805599453,2,1,2,5,0,Lost,0.5
13316,19,1,2017.3600000000001,7.610040579453107,0.6931471805599453,4,1,5,10,1,Loyal,0.5
13317,40,2,944.87,6.8521051388899705,1.0986122886681096,3,3,4,10,1,Loyal,0.5
13319,19,10,3458.2000000000003,8.14879262744489,2.3978952727983707,4,5,5,14,3,Champions,0.5
13327,27,4,2037.07,7.6197585605922225,1.6094379124341003,3,5,5,13,3,Champions,0.5
13329,114,1,334.65,5.816068950384761,0.6931471805599453,1,1,2,4,0,Lost,0.5
13330,34,1,628.49,6.444909967734714,0.6931471805599453,3,1,4,8,2,Loyal,0.5
13333,38,1,162.18,5.094853886000654,0.6931471805599453,3,1,1,5,2,Loyal,0.5
13334,32,1,1176.32,7.0709959479633,0.6931471805599453,3,1,5,9,1,Loyal,0.5
13338,83,1,757.1,6.630815303062258,0.6931471805599453,1,1,4,6,0,Lost,0.5
13340,35,2,6045.54,8.707241486600786,1.0986122886681096,3,3,5,11,1,Loyal,0.5
13357,7,2,1540.77,7.340686386059232,1.0986122886681096,5,3,5,13,1,Loyal,0.5
13360,73,2,715.15,6.573889642225874,1.0986122886681096,2,3,4,9,1,Loyal,0.5
13371,11,1,1189.01,7.081716989431611,0.6931471805599453,5,1,5,11,1,Loyal,0.5
13373,113,1,748.42,6.619299574020548,0.6931471805599453,1,1,4,6,0,Lost,0.5
13377,25,1,815.32,6.704806434953447,0.6931471805599453,4,1,4,9,1,Loyal,0.5
13381,41,2,980.39,6.888969934078721,1.0986122886681096,3,3,4,10,1,Loyal,0.5
13382,14,2,476.04,6.167600344814851,1.0986122886681096,4,3,3,10,1,Loyal,0.5
13392,57,1,91.14,4.523309159507771,0.6931471805599453,2,1,1,4,2,Loyal,0.5
13393,35,3,888.37,6.790513346902804,1.3862943611198906,3,4,4,11,1,Loyal,0.5
13394,39,4,1619.41,7.390434482625218,1.6094379124341003,3,5,5,13,3,Champions,0.5
13397,41,2,716.14,6.57527107955878,1.0986122886681096,3,3,4,10,1,Loyal,0.42857142857142855
13403,103,1,78.6,4.377014092850337,0.6931471805599453,1,1,1,3,0,Lost,0.5
13405,104,1,146.45999999999998,4.993556952561504,0.6931471805599453,1,1,1,3,0,Lost,0.5
13406,11,1,140.16,4.949893998807069,0.6931471805599453,5,1,1,7,2,Loyal,0.5
13407,41,1,1384.02,7.233469858950389,0.6931471805599453,3,1,5,9,1,Loyal,0.5
13408,4,15,9156.422,9.122319977008177,2.772588722239781,5,5,5,15,3,Champions,0.5
13410,78,2,682.9200000000001,6.5278409517179785,1.0986122886681096,1,3,4,8,0,Lost,0.5
13413,19,6,429.44,6.064807941332192,1.9459101490553132,4,5,3,12,3,Champions,0.5
13415,10,3,733.17,6.598740609427037,1.3862943611198906,5,4,4,13,1,Loyal,0.5
13416,116,1,228.3,5.435031189863858,0.6931471805599453,1,1,2,4,0,Lost,0.5
13417,49,1,604.1,6.405393733628276,0.6931471805599453,2,1,4,7,2,Loyal,0.5
13418,18,2,1358.54,7.214901686221522,1.0986122886681096,4,3,5,12,1,Loyal,0.5
13421,42,3,812.74,6.701640904660789,1.3862943611198906,3,4,4,11,1,Loyal,0.5
13426,19,3,1395.23,7.241531026198456,1.3862943611198906,4,4,5,13,1,Loyal,0.5
13427,102,1,96.0,4.574710978503383,0.6931471805599453,1,1,1,3,0,Lost,0.5
13431,39,1,293.45,5.68510920939058,0.6931471805599453,3,1,2,6,2,Loyal,0.5
13433,76,1,95.19999999999999,4.566429357671661,0.6931471805599453,1,1,1,3,0,Lost,0.5
13434,35,1,339.18,5.829474889285946,0.6931471805599453,3,1,3,7,2,Loyal,0.5
13442,47,3,419.87,6.042323997398791,1.3862943611198906,2,4,3,9,1,Loyal,0.5
13443,57,1,229.76999999999998,5.441421543516488,0.6931471805599453,2,1,2,5,2,Loyal,0.5
13445,5,1,241.89999999999998,5.492649836008127,0.6931471805599453,5,1,2,8,2,Loyal,0.5
13446,24,2,856.36,6.753857900404742,1.0986122886681096,4,3,4,11,1,Loyal,0.5
13448,60,3,1634.4,7.399642701727877,1.3862943611198906,2,4,5,11,1,Loyal,0.5
13451,7,1,866.34,6.765431056769882,0.6931471805599453,5,1,4,10,1,Loyal,0.5
13454,21,1,219.87,5.397574293145377,0.6931471805599453,4,1,2,7,2,Loyal,0.5
13455,97,2,431.65,6.069929087052747,1.0986122886681096,1,3,3,7,0,Lost,0.5
13457,68,2,148.22,5.005421727043368,1.0986122886681096,2,3,1,6,0,Lost,0.5
13459,4,2,1160.4099999999999,7.057390063198797,1.0986122886681096,5,3,5,13,1,Loyal,0.5
13462,17,3,526.46,6.2680730330911425,1.3862943611198906,4,4,3,11,1,Loyal,0.5
13466,8,1,262.31,5.573332045272136,0.6931471805599453,5,1,2,8,2,Loyal,0.5
13468,5,11,2573.26,7.853317393155906,2.4849066497880004,5,5,5,15,3,Champions,0.5
13469,33,1,82.4,4.423648309364701,0.6931471805599453,3,1,1,5,2,Loyal,0.5
13473,21,3,1472.44,7.295355081973057,1.3862943611198906,4,4,5,13,1,Loyal,0.5
13476,24,1,240.8,5.488110938180692,0.6931471805599453,4,1,2,7,2,Loyal,0.4
13477,63,1,422.70000000000005,6.049025657632514,0.6931471805599453,2,1,3,6,2,Loyal,0.5
13478,12,3,1650.51,7.409445299913935,1.3862943611198906,4,4,5,13,1,Loyal,0.5
13480,59,1,493.94,6.204436543100695,0.6931471805599453,2,1,3,6,2,Loyal,0.5
13481,14,2,739.1800000000001,6.606893399862617,1.0986122886681096,4,3,4,11,1,Loyal,0.5
13482,7,1,151.45,5.026836673434263,0.6931471805599453,5,1,1,7,2,Loyal,0.5
13484,19,1,165.78,5.116675578658839,0.6931471805599453,4,1,1,6,2,Loyal,0.5
13485,111,2,204.70000000000002,5.326418796658912,1.0986122886681096,1,3,2,6,0,Lost,0.625
13487,114,1,103.95,4.653484046266642,0.6931471805599453,1,1,1,3,0,Lost,0.5
13488,63,1,350.73,5.862863835813668,0.6931471805599453,2,1,3,6,2,Loyal,0.5
13490,34,1,154.25,5.045036720813588,0.6931471805599453,3,1,1,5,2,Loyal,0.5
13491,19,6,1628.7,7.396151227781943,1.9459101490553132,4,5,5,14,3,Champions,0.5
13495,6,3,1210.51,7.099622794452808,1.3862943611198906,5,4,5,14,1,Loyal,0.5
13497,5,3,582.23,6.368581619700658,1.3862943611198906,5,4,4,13,1,Loyal,0.5
13498,109,1,327.38,5.794171474383882,0.6931471805599453,1,1,2,4,0,Lost,0.625
13503,41,2,884.87,6.786570212977339,1.0986122886681096,3,3,4,10,1,Loyal,0.5
13508,22,1,176.07999999999998,5.17660160786394,0.6931471805599453,4,1,1,6,2,Loyal,0.5
13510,56,2,655.58,6.487044544658406,1.0986122886681096,2,3,4,9,1,Loyal,0.5
13511,56,1,282.76,5.648128810465367,0.6931471805599453,2,1,2,5,2,Loyal,0.5
13513,34,1,299.64,5.705913535665156,0.6931471805599453,3,1,2,6,2,Loyal,0.5
13514,62,1,346.3,5.850188959750028,0.6931471805599453,2,1,3,6,2,Loyal,0.5714285714285714
13515,24,1,188.1,5.242275975664412,0.6931471805599453,4,1,1,6,2,Loyal,0.5
13520,46,2,1067.08,6.973617923081839,1.0986122886681096,2,3,4,9,1,Loyal,0.5
13526,118,2,1182.0,7.075808863978387,1.0986122886681096,1,3,5,9,0,Lost,0.5
13527,64,2,754.6899999999999,6.627631239174796,1.0986122886681096,2,3,4,9,1,Loyal,0.5
13530,14,1,402.97999999999996,6.001365371785244,0.6931471805599453,4,1,3,8,2,Loyal,0.5
13531,115,1,311.7,5.745244264463795,0.6931471805599453,1,1,2,4,0,Lost,0.5
13538,35,2,803.54,6.6902706855196055,1.0986122886681096,3,3,4,10,1,Loyal,0.5
13540,35,2,369.25,5.914178453147908,1.0986122886681096,3,3,3,9,1,Loyal,0.5
13542,10,6,1342.1,7.202735653915029,1.9459101490553132,5,5,5,15,3,Champions,0.5
13543,14,2,1439.6100000000001,7.272821913983301,1.0986122886681096,4,3,5,12,1,Loyal,0.5
13544,24,1,181.32,5.205763384937429,0.6931471805599453,4,1,1,6,2,Loyal,0.5
13551,46,1,152.39999999999998,5.0330488889331555,0.6931471805599453,2,1,1,4,2,Loyal,0.5
13552,38,2,732.96,6.598454531216753,1.0986122886681096,3,3,4,10,1,Loyal,0.5
13553,54,1,499.6,6.215807378997674,0.6931471805599453,2,1,3,6,2,Loyal,0.5
13555,8,3,1193.15,7.085189914202697,1.3862943611198906,5,4,5,14,1,Loyal,0.5
13557,4,6,1525.38,7.330654197882814,1.9459101490553132,5,5,5,15,3,Champions,0.5
13561,22,3,361.55,5.893162395817602,1.3862943611198906,4,4,3,11,1,Loyal,0.5
13562,53,3,1600.0,7.3783837129967145,1.3862943611198906,2,4,5,11,1,Loyal,0.5
13564,4,9,3383.42,8.126937826499852,2.302585092994046,5,5,5,15,3,Champions,0.5
13566,19,1,291.12,5.677164676751909,0.6931471805599453,4,1,2,7,2,Loyal,0.5
13571,4,4,643.5,6.468474822379242,1.6094379124341003,5,5,4,14,1,Loyal,0.5
13573,16,1,81.85,4.417031743872572,0.6931471805599453,4,1,1,6,2,Loyal,0.5
13576,34,3,1078.95,6.9846700227502625,1.3862943611198906,3,4,4,11,1,Loyal,0.5
13577,102,3,399.4,5.992464047441065,1.3862943611198906,1,4,3,8,0,Lost,0.5
13579,39,1,383.55,5.952073819503063,0.6931471805599453,3,1,3,7,2,Loyal,0.5
13583,59,1,664.001,6.499788544414122,0.6931471805599453,2,1,4,7,2,Loyal,0.5
13584,55,1,1.3,0.832909122935104,0.6931471805599453,2,1,1,4,2,Loyal,0.5
13585,118,1,12.75,2.6210388241125804,0.6931471805599453,1,1,1,3,0,Lost,0.5
13587,43,1,568.3,6.344407535957036,0.6931471805599453,3,1,3,7,2,Loyal,0.5
13589,113,1,269.15,5.598977360290075,0.6931471805599453,1,1,2,4,0,Lost,0.5
13590,33,3,1219.98,7.107409093960171,1.3862943611198906,3,4,5,12,1,Loyal,0.5
13591,104,1,53.2,3.9926809084456005,0.6931471805599453,1,1,1,3,0,Lost,0.5
13593,8,3,893.7,6.7964884665535505,1.3862943611198906,5,4,4,13,1,Loyal,0.5
13595,26,1,532.29,6.279065366258803,0.6931471805599453,3,1,3,7,2,Loyal,0.5
13598,31,2,268.37,5.596085899200827,1.0986122886681096,3,3,2,8,2,Loyal,0.5
13599,18,4,2472.7200000000003,7.8134783695062,1.6094379124341003,4,5,5,14,3,Champions,0.5
13600,13,1,298.9,5.703449085754963,0.6931471805599453,4,1,2,7,2,Loyal,0.4
13604,38,1,717.62,6.5773327061874705,0.6931471805599453,3,1,4,8,2,Loyal,0.5
13610,25,3,580.38,6.365404587808289,1.3862943611198906,4,4,4,12,1,Loyal,0.5
13611,5,2,640.79,6.4642611473764315,1.0986122886681096,5,3,4,12,1,Loyal,0.5
13612,12,1,818.29,6.708438111531965,0.6931471805599453,4,1,4,9,1,Loyal,0.5
13613,5,2,627.5,6.443336028030302,1.0986122886681096,5,3,4,12,1,Loyal,0.5
13615,1,2,1159.8400000000001,7.056899159970078,1.0986122886681096,5,3,5,13,1,Loyal,0.5
13616,71,1,178.0,5.187385805840755,0.6931471805599453,2,1,1,4,0,Lost,0.5
13619,54,1,100.24,4.617493935676923,0.6931471805599453,2,1,1,4,2,Loyal,0.5
13622,76,1,658.95,6.492164074574964,0.6931471805599453,1,1,4,6,0,Lost,0.5714285714285714
13623,67,2,1041.14,6.949031570293976,1.0986122886681096,2,3,4,9,1,Loyal,0.5
13627,20,1,304.4,5.721622392784532,0.6931471805599453,4,1,2,7,2,Loyal,0.5
13628,56,1,310.14,5.740242971658976,0.6931471805599453,2,1,2,5,2,Loyal,0.5
13629,45,1,660.0,6.493753839851687,0.6931471805599453,3,1,4,8,2,Loyal,0.5
13634,15,3,691.12,6.539759350988447,1.3862943611198906,4,4,4,12,1,Loyal,0.5
13635,104,2,797.15,6.682296549710488,1.0986122886681096,1,3,4,8,0,Lost,0.5
13641,20,5,1016.47,6.925074432852604,1.791759469228055,4,5,4,13,3,Champions,0.5
13643,20,2,455.25,6.123040904896701,1.0986122886681096,4,3,3,10,1,Loyal,0.5
13648,50,2,573.53,6.353552315246578,1.0986122886681096,2,3,4,9,1,Loyal,0.5
13650,62,1,505.13,6.226793553285993,0.6931471805599453,2,1,3,6,2,Loyal,0.5
13652,31,1,393.96000000000004,5.978784493950608,0.6931471805599453,3,1,3,7,2,Loyal,0.5
13654,25,2,258.68,5.559450103766281,1.0986122886681096,4,3,2,9,2,Loyal,0.5
13658,52,1,982.26,6.890873581613621,0.6931471805599453,2,1,4,7,1,Loyal,0.5
13659,18,2,1032.8700000000001,6.941064321825791,1.0986122886681096,4,3,4,11,1,Loyal,0.5
13662,38,2,300.47,5.708670508728977,1.0986122886681096,3,3,2,8,2,Loyal,0.5
13663,26,1,545.45,6.303442812122682,0.6931471805599453,3,1,3,7,2,Loyal,0.5
13666,115,1,19.5,3.0204248861443626,0.6931471805599453,1,1,1,3,0,Lost,0.5
13668,4,5,1789.98,7.49051823505252,1.791759469228055,5,5,5,15,3,Champions,0.5
13672,110,1,233.53000000000003,5.457583511473486,0.6931471805599453,1,1,2,4,0,Lost,0.5
13679,114,1,126.8,4.850466541943434,0.6931471805599453,1,1,1,3,0,Lost,0.5
13680,26,6,5630.93,8.636207468783365,1.9459101490553132,3,5,5,13,3,Champions,0.5
13684,1,1,190.53,5.25504445431457,0.6931471805599453,5,1,1,7,2,Loyal,0.5
13688,15,1,375.5,5.930918047239948,0.6931471805599453,4,1,3,8,2,Loyal,0.5
13693,64,5,904.41,6.808387879782923,1.791759469228055,2,5,4,11,3,Champions,0.5
13696,46,1,306.0,5.726847747587197,0.6931471805599453,2,1,2,5,2,Loyal,0.5
13698,61,1,184.3,5.221976133291314,0.6931471805599453,2,1,1,4,2,Loyal,0.5
13700,47,2,81.55,4.413404170366137,1.0986122886681096,2,3,1,6,2,Loyal,0.5
13705,3,1,250.45,5.527244162617974,0.6931471805599453,5,1,2,8,2,Loyal,0.5
13706,6,1,300.38,5.708371926990008,0.6931471805599453,5,1,2,8,2,Loyal,0.5
13709,77,1,306.74,5.729255270629232,0.6931471805599453,1,1,2,4,0,Lost,0.5
13711,6,5,1183.31,7.076915605498269,1.791759469228055,5,5,5,15,3,Champions,0.5
13715,17,1,828.6800000000001,6.721040084281479,0.6931471805599453,4,1,4,9,1,Loyal,0.5
13722,26,1,664.54,6.500598741212994,0.6931471805599453,3,1,4,8,2,Loyal,0.4
13724,16,1,213.01,5.366022742902049,0.6931471805599453,4,1,2,7,2,Loyal,0.5
13727,31,3,352.2,5.867034468729805,1.3862943611198906,3,4,3,10,1,Loyal,0.5
13728,40,3,523.84,6.263093454237515,1.3862943611198906,3,4,3,10,1,Loyal,0.5
13729,64,1,357.88,5.882988070771898,0.6931471805599453,2,1,3,6,2,Loyal,0.5
13733,114,1,149.10000000000002,5.011301738639417,0.6931471805599453,1,1,1,3,0,Lost,0.5
13735,32,3,2010.96,7.6068646503063,1.3862943611198906,3,4,5,12,1,Loyal,0.5
13736,113,1,710.84,6.567853167057732,0.6931471805599453,1,1,4,6,0,Lost,0.5
13740,117,1,296.69,5.69605267659426,0.6931471805599453,1,1,2,4,0,Lost,0.5
13748,117,1,173.1,5.159629846774143,0.6931471805599453,1,1,1,3,0,Lost,0.5
13753,31,2,977.1999999999999,6.885714148105257,1.0986122886681096,3,3,4,10,1,Loyal,0.5
13756,32,3,601.28,6.400722453454843,1.3862943611198906,3,4,4,11,1,Loyal,0.5
13757,54,1,195.55,5.280916851867869,0.6931471805599453,2,1,1,4,2,Loyal,0.5
13758,52,4,2995.65,8.005250277046828,1.6094379124341003,2,5,5,12,3,Champions,0.5
13761,36,1,311.9,5.745883650674837,0.6931471805599453,3,1,2,6,2,Loyal,0.5
13762,29,2,1127.28,7.028449628205147,1.0986122886681096,3,3,5,11,1,Loyal,0.5
13764,22,2,936.24,6.842939386047232,1.0986122886681096,4,3,4,11,1,Loyal,0.5
13765,33,1,352.821,5.86879113553233,0.6931471805599453,3,1,3,7,2,Loyal,0.5
13767,1,11,5664.54,8.642157491072814,2.4849066497880004,5,5,5,15,3,Champions,0.25
13768,106,2,875.97,6.776472784261436,1.0986122886681096,1,3,4,8,0,Lost,0.5
13769,38,2,518.86,6.253559544557132,1.0986122886681096,3,3,3,9,1,Loyal,0.5
13770,25,2,264.33000000000004,5.58097433428329,1.0986122886681096,4,3,2,9,2,Loyal,0.5
13771,32,1,869.5600000000001,6.769136682737615,0.6931471805599453,3,1,4,8,1,Loyal,0.5
13772,34,1,562.6,6.334344780024526,0.6931471805599453,3,1,3,7,2,Loyal,0.5
13773,39,1,91.4,4.526126978647638,0.6931471805599453,3,1,1,5,2,Loyal,0.5
13777,13,9,8684.06,9.069359587114208,2.302585092994046,4,5,5,14,3,Champions,0.5
13781,100,1,314.44,5.753968489569372,0.6931471805599453,1,1,2,4,0,Lost,0.5
13782,71,2,267.13,5.591471937527057,1.0986122886681096,2,3,2,7,0,Lost,0.5
13783,19,2,985.4399999999999,6.89410250252835,1.0986122886681096,4,3,4,11,1,Loyal,0.5
13786,13,2,1384.13,7.233549277032485,1.0986122886681096,4,3,5,12,1,Loyal,0.5
13787,35,2,401.43,5.997521168690513,1.0986122886681096,3,3,3,9,1,Loyal,0.5
13793,26,1,96.0,4.574710978503383,0.6931471805599453,3,1,1,5,2,Loyal,0.5
13795,17,1,222.5,5.409411414053624,0.6931471805599453,4,1,2,7,2,Loyal,0.5
13797,27,1,354.49,5.873497119452439,0.6931471805599453,3,1,3,7,2,Loyal,0.5
13798,7,16,9303.61,9.138265255247951,2.833213344056216,5,5,5,15,3,Champions,0.5
13799,23,1,378.3,5.938327448694853,0.6931471805599453,4,1,3,8,2,Loyal,0.5
13800,116,1,478.7,6.173160908508018,0.6931471805599453,1,1,3,5,0,Lost,0.5
13802,15,2,729.56,6.59381136334143,1.0986122886681096,4,3,4,11,1,Loyal,0.5
13807,115,1,107.95,4.690889061390629,0.6931471805599453,1,1,1,3,0,Lost,0.5
13813,47,2,567.13,6.342350265773104,1.0986122886681096,2,3,3,8,1,Loyal,0.5
13815,45,1,738.86,6.606460979110494,0.6931471805599453,3,1,4,8,2,Loyal,0.5
13819,48,3,1502.0,7.315218389752975,1.3862943611198906,2,4,5,11,1,Loyal,0.5
13820,26,2,386.52,5.959767460364727,1.0986122886681096,3,3,3,9,1,Loyal,0.5
13821,73,3,660.55,6.49458556648842,1.3862943611198906,2,4,4,10,1,Loyal,0.5
13823,18,3,1230.74,7.116183082860571,1.3862943611198906,4,4,5,13,1,Loyal,0.5
13824,16,1,96.96,4.584559232083967,0.6931471805599453,4,1,1,6,2,Loyal,0.5
13825,1,2,255.59,5.5474794802608,1.0986122886681096,5,3,2,10,2,Loyal,0.5
13831,20,6,2284.82,7.734480101097107,1.9459101490553132,4,5,5,14,3,Champions,0.5
13834,49,1,202.45,5.315420274447699,0.6931471805599453,2,1,2,5,2,Loyal,0.5
13835,5,2,183.95,5.220085518278463,1.0986122886681096,5,3,1,9,2,Loyal,0.5
13842,40,3,364.14,5.9002808416853645,1.3862943611198906,3,4,3,10,1,Loyal,0.5
13847,99,1,310.72,5.74210534897536,0.6931471805599453,1,1,2,4,0,Lost,0.5
13848,8,2,800.0,6.68586094706836,1.0986122886681096,5,3,4,12,1,Loyal,0.5
13849,4,1,509.65,6.235684424024108,0.6931471805599453,5,1,3,9,2,Loyal,0.5
13851,59,1,199.29999999999998,5.299816242671772,0.6931471805599453,2,1,2,5,2,Loyal,0.5
13854,20,4,1089.82,6.9946849859701965,1.6094379124341003,4,5,4,13,3,Champions,0.5
13855,101,2,809.1,6.697157696836445,1.0986122886681096,1,3,4,8,0,Lost,0.5
13869,6,2,1729.54,7.45618877751499,1.0986122886681096,5,3,5,13,1,Loyal,0.5
13870,49,1,611.54,6.417614246408979,0.6931471805599453,2,1,4,7,2,Loyal,0.5
13871,1,2,853.0,6.74993119378857,1.0986122886681096,5,3,4,12,1,Loyal,0.5
13872,6,2,616.43,6.425565701752478,1.0986122886681096,5,3,4,12,1,Loyal,0.5
13873,26,1,149.55,5.014295254927743,0.6931471805599453,3,1,1,5,2,Loyal,0.5
13874,20,2,436.03,6.080001842624878,1.0986122886681096,4,3,3,10,1,Loyal,0.5
13875,4,4,1255.77,7.1363002165101115,1.6094379124341003,5,5,5,15,3,Champions,0.5
13877,69,1,154.83,5.048765669457524,0.6931471805599453,2,1,1,4,0,Lost,0.5
13879,25,1,395.5,5.982676041074903,0.6931471805599453,4,1,3,8,2,Loyal,0.5
13881,10,2,3341.3,8.114414471733381,1.0986122886681096,5,3,5,13,1,Loyal,0.4
13883,14,3,767.6,6.644570678130743,1.3862943611198906,4,4,4,12,1,Loyal,0.5
13889,31,2,630.68,6.448382936805062,1.0986122886681096,3,3,4,10,1,Loyal,0.5
13890,25,2,520.19,6.256114658573918,1.0986122886681096,4,3,3,10,1,Loyal,0.5
13895,116,1,831.0,6.723832440821209,0.6931471805599453,1,1,4,6,0,Lost,0.5
13896,5,1,388.55,5.964992226776867,0.6931471805599453,5,1,3,9,2,Loyal,0.5
13897,57,1,482.67,6.181402855991089,0.6931471805599453,2,1,3,6,2,Loyal,0.5
13900,4,1,260.5,5.566434283504978,0.6931471805599453,5,1,2,8,2,Loyal,0.5
13901,40,2,875.59,6.776039380208028,1.0986122886681096,3,3,4,10,1,Loyal,0.5
13905,112,1,312.65,5.748277714542752,0.6931471805599453,1,1,2,4,0,Lost,0.5
13907,71,1,136.8,4.925803358579558,0.6931471805599453,2,1,1,4,0,Lost,0.5714285714285714
13911,20,2,247.5,5.5154428455366835,1.0986122886681096,4,3,2,9,2,Loyal,0.4
13916,55,1,364.5,5.901266279189834,0.6931471805599453,2,1,3,6,2,Loyal,0.5
13921,101,1,102.75,4.641984159110808,0.6931471805599453,1,1,1,3,0,Lost,0.5
13929,38,2,430.62,6.0675455715133175,1.0986122886681096,3,3,3,9,1,Loyal,0.5
13931,3,4,2131.42,7.66501276400798,1.6094379124341003,5,5,5,15,3,Champions,0.5
13935,12,2,2742.12,7.916851237702172,1.0986122886681096,4,3,5,12,1,Loyal,0.3333333333333333
13941,19,4,2084.21,7.642624848585502,1.6094379124341003,4,5,5,14,3,Champions,0.5
13944,33,1,200.43,5.3054419264903325,0.6931471805599453,3,1,2,6,2,Loyal,0.5
13946,14,2,760.95,6.6358809367358695,1.0986122886681096,4,3,4,11,1,Loyal,0.5
13948,28,2,262.31,5.573332045272136,1.0986122886681096,3,3,2,8,2,Loyal,0.5
13952,38,2,3387.51,8.128145575730143,1.0986122886681096,3,3,5,11,1,Loyal,0.5
13953,53,2,1125.0,7.026426808699636,1.0986122886681096,2,3,5,10,1,Loyal,0.5
13957,38,1,102.84,4.64285125295578,0.6931471805599453,3,1,1,5,2,Loyal,0.5
13958,22,3,1299.3,7.170350286057274,1.3862943611198906,4,4,5,13,1,Loyal,0.5
13965,48,2,786.01,6.668240954816982,1.0986122886681096,2,3,4,9,1,Loyal,0.5
13969,4,1,360.95,5.89150608073915,0.6931471805599453,5,1,3,9,2,Loyal,0.5
13971,62,1,267.21999999999997,5.591807539282794,0.6931471805599453,2,1,2,5,2,Loyal,0.5
13975,55,1,543.91,6.300620643411848,0.6931471805599453,2,1,3,6,2,Loyal,0.5
13976,48,1,275.41,5.621885270689127,0.6931471805599453,2,1,2,5,2,Loyal,0.5
13979,27,2,678.49,6.521342516779448,1.0986122886681096,3,3,4,10,1,Loyal,0.5
13980,36,1,216.9,5.384036241950574,0.6931471805599453,3,1,2,6,2,Loyal,0.5
13982,33,2,992.9399999999999,6.901676842661667,1.0986122886681096,3,3,4,10,1,Loyal,0.5
13983,13,3,1707.11,7.443142775085048,1.3862943611198906,4,4,5,13,1,Loyal,0.5
13984,50,3,369.77,5.915581924269754,1.3862943611198906,2,4,3,9,1,Loyal,0.5
13985,48,1,224.35,5.417654749136657,0.6931471805599453,2,1,2,5,2,Loyal,0.5
13988,5,1,310.2,5.740435792304236,0.6931471805599453,5,1,2,8,2,Loyal,0.5
13993,28,3,987.66,6.896350490918699,1.3862943611198906,3,4,4,11,1,Loyal,0.5
13995,4,3,463.85,6.141714772901867,1.3862943611198906,5,4,3,12,1,Loyal,0.5
13999,31,4,1377.45,7.228714958496638,1.6094379124341003,3,5,5,13,3,Champions,0.5
14000,117,1,192.0,5.262690188904886,0.6931471805599453,1,1,1,3,0,Lost,0.5
14003,112,1,209.41,5.3490580082512205,0.6931471805599453,1,1,2,4,0,Lost,0.5
14006,32,1,330.65999999999997,5.804110347785953,0.6931471805599453,3,1,2,6,2,Loyal,0.5
14013,3,1,174.2,5.165928178502291,0.6931471805599453,5,1,1,7,2,Loyal,0.5
14016,7,3,2713.34,7.906304108893267,1.3862943611198906,5,4,5,14,3,Champions,0.5
14018,25,1,367.15000000000003,5.908490463814726,0.6931471805599453,4,1,3,8,2,Loyal,0.5
14026,5,1,386.53000000000003,5.959793265151517,0.6931471805599453,5,1,3,9,2,Loyal,0.5
14030,34,5,2014.09,7.608419138395738,1.791759469228055,3,5,5,13,3,Champions,0.5
14031,16,9,8022.1900000000005,8.99009137738774,2.302585092994046,4,5,5,14,3,Champions,0.5
14032,62,3,922.98,6.828690426385783,1.3862943611198906,2,4,4,10,1,Loyal,0.5
14037,24,3,530.82,6.276305086225107,1.3862943611198906,4,4,3,11,1,Loyal,0.5
14038,53,1,704.5500000000001,6.55897764050377,0.6931471805599453,2,1,4,7,2,Loyal,0.5
14040,7,7,2836.89,7.9508160972788895,2.0794415416798357,5,5,5,15,3,Champions,0.5
14042,105,1,431.98,6.070691537559284,0.6931471805599453,1,1,3,5,0,Lost,0.5
14043,108,1,164.31,5.107822499064921,0.6931471805599453,1,1,1,3,0,Lost,0.5
14044,29,2,486.72,6.189741470692064,1.0986122886681096,3,3,3,9,1,Loyal,0.5
14045,23,2,726.0,6.588926477533519,1.0986122886681096,4,3,4,11,1,Loyal,0.5
14047,56,1,528.24,6.27144201517421,0.6931471805599453,2,1,3,6,2,Loyal,0.5
14051,7,6,2980.02,8.000020802813566,1.9459101490553132,5,5,5,15,3,Champions,0.5
14055,103,1,274.32,5.617934057530164,0.6931471805599453,1,1,2,4,0,Lost,0.5
14057,116,1,119.54,4.7919816480548985,0.6931471805599453,1,1,1,3,0,Lost,0.5
14060,18,1,167.75,5.128418329752639,0.6931471805599453,4,1,1,6,2,Loyal,0.5
14061,103,2,553.4300000000001,6.317940558965775,1.0986122886681096,1,4,3,8,0,Lost,0.5
14062,13,4,4849.8,8.486898918782638,1.6094379124341003,4,5,5,14,3,Champions,0.5
14063,66,7,9471.5,9.156148142892755,2.0794415416798357,2,5,5,12,3,Champions,0.5
14064,29,2,711.91,6.569355185237995,1.0986122886681096,3,4,4,11,1,Loyal,0.5
14068,29,2,724.73,6.587178044826087,1.0986122886681096,3,4,4,11,1,Loyal,0.5
14070,64,1,321.6,5.776413165691109,0.6931471805599453,2,1,2,5,2,Loyal,0.5
14072,46,1,390.85,5.9708791134988735,0.6931471805599453,2,1,3,6,2,Loyal,0.5
14074,3,1,219.39999999999998,5.39544407727876,0.6931471805599453,5,1,2,8,2,Loyal,0.5
14078,1,1,364.47,5.901184196477774,0.6931471805599453,5,1,3,9,2,Loyal,0.5
14079,61,1,243.63,5.499746864955492,0.6931471805599453,2,1,2,5,2,Loyal,0.5
14080,8,3,694.65,6.544846660287885,1.3862943611198906,5,4,4,13,1,Loyal,0.5
14081,34,6,2372.55,7.77214200370587,1.9459101490553132,3,5,5,13,3,Champions,0.5
14083,101,1,64.17,4.176999240344289,0.6931471805599453,1,1,1,3,0,Lost,0.625
14085,4,7,2627.32,7.874100137792889,2.0794415416798357,5,5,5,15,3,Champions,0.5
14087,114,1,235.44,5.465694475956169,0.6931471805599453,1,1,2,4,0,Lost,0.5
14091,33,2,9530.08,9.162313316565184,1.0986122886681096,3,4,5,12,3,Champions,0.5
14092,34,3,714.0400000000001,6.572338485185141,1.3862943611198906,3,4,4,11,1,Loyal,0.5
14095,102,1,2.95,1.3737155789130306,0.6931471805599453,1,1,1,3,0,Lost,0.5
14097,25,1,132.0,4.890349128221754,0.6931471805599453,4,1,1,6,2,Loyal,0.4
14099,59,2,796.46,6.681431676661297,1.0986122886681096,2,4,4,10,1,Loyal,0.5
14101,1,1,656.72,6.488779308846025,0.6931471805599453,5,1,4,10,1,Loyal,0.5
14105,100,1,646.3000000000001,6.472809865551465,0.6931471805599453,1,1,4,6,0,Lost,0.5
14106,117,1,214.79999999999998,5.374352052824034,0.6931471805599453,1,1,2,4,0,Lost,0.5
14107,110,1,163.26,5.101450538312046,0.6931471805599453,1,1,1,3,0,Lost,0.5
14108,110,2,447.05,6.104904833330228,1.0986122886681096,1,4,3,8,0,Lost,0.5
14110,3,5,1605.2900000000002,7.3816824510571974,1.791759469228055,5,5,5,15,3,Champions,0.5
14112,34,1,1033.55,6.94172182854541,0.6931471805599453,3,1,4,8,1,Loyal,0.5
14113,41,5,1421.19,7.259953216064832,1.791759469228055,3,5,5,13,3,Champions,0.5
14115,46,1,117.80000000000001,4.777441406928545,0.6931471805599453,2,1,1,4,2,Loyal,0.5
14119,98,1,66.48,4.211831257677767,0.6931471805599453,1,1,1,3,0,Lost,0.625
14122,108,2,131.58999999999997,4.887261660126627,1.0986122886681096,1,4,1,6,0,Lost,0.5
14123,112,1,436.18,6.0803450096018565,0.6931471805599453,1,1,3,5,0,Lost,0.5
14130,107,1,339.87,5.831501172924694,0.6931471805599453,1,1,3,5,0,Lost,0.5
14131,28,1,168.22,5.1311996434963545,0.6931471805599453,3,1,1,5,2,Loyal,0.5
14133,113,1,305.5,5.725217755376266,0.6931471805599453,1,1,2,4,0,Lost,0.5
14134,34,4,2805.14,7.939565152504032,1.6094379124341003,3,5,5,13,3,Champions,0.5
14135,25,3,1942.28,7.572132546045968,1.3862943611198906,4,4,5,13,1,Loyal,0.5
14136,24,3,909.23,6.813697314828437,1.3862943611198906,4,4,4,12,1,Loyal,0.5
14137,75,1,332.7,5.810242385757328,0.6931471805599453,1,1,2,4,0,Lost,0.5
14142,25,1,359.53000000000003,5.887575171015719,0.6931471805599453,4,1,3,8,2,Loyal,0.5
14146,13,4,1433.61,7.268648314252174,1.6094379124341003,4,5,5,14,3,Champions,0.5
14147,20,1,248.2,5.518255786913298,0.6931471805599453,4,1,2,7,2,Loyal,0.5
14151,52,2,679.45,6.5227543440063265,1.0986122886681096,2,4,4,10,1,Loyal,0.5
14152,39,1,301.31,5.711452980960421,0.6931471805599453,3,1,2,6,2,Loyal,0.5
14154,75,1,530.34,6.27540211765478,0.6931471805599453,1,1,3,5,0,Lost,0.5
14157,25,1,152.85,5.035978101768051,0.6931471805599453,4,1,1,6,2,Loyal,0.5
14159,10,4,1161.63,7.058439959166221,1.6094379124341003,5,5,5,15,3,Champions,0.5
14160,6,6,7238.09,8.8872507868723,1.9459101490553132,5,5,5,15,3,Champions,0.5
14161,15,2,933.7,6.840225622188537,1.0986122886681096,4,4,4,12,1,Loyal,0.5
14166,6,1,110.0,4.709530201312334,0.6931471805599453,5,1,1,7,2,Loyal,0.5
14167,4,2,324.3,5.784747833479305,1.0986122886681096,5,4,2,11,1,Loyal,0.5
14171,110,1,135.0,4.912654885736052,0.6931471805599453,1,1,1,3,0,Lost,0.5
14172,18,2,132.25,4.892227063045954,1.0986122886681096,4,4,1,9,2,Loyal,0.5
14173,21,2,135.16,4.913830664825064,1.0986122886681096,4,4,1,9,2,Loyal,0.5
14175,7,1,851.96,6.748712653074451,0.6931471805599453,5,1,4,10,1,Loyal,0.5
14177,31,2,472.49,6.1601307930789355,1.0986122886681096,3,4,3,10,1,Loyal,0.5
14186,24,1,204.34,5.324667141870819,0.6931471805599453,4,1,2,7,2,Loyal,0.5
14190,46,1,79.9,4.393213824064446,0.6931471805599453,2,1,1,4,2,Loyal,0.5
14191,108,1,15.9,2.827313621929028,0.6931471805599453,1,1,1,3,0,Lost,0.5
14194,26,3,1509.39,7.320123174606607,1.3862943611198906,3,4,5,12,1,Loyal,0.5
14195,13,1,807.2,6.694809552644373,0.6931471805599453,4,1,4,9,1,Loyal,0.5
14198,40,2,282.89,5.648586839188251,1.0986122886681096,3,4,2,9,2,Loyal,0.5
14202,4,1,241.20000000000002,5.489763831118992,0.6931471805599453,5,1,2,8,2,Loyal,0.5
14204,117,1,371.27000000000004,5.919619397454638,0.6931471805599453,1,1,3,5,0,Lost,0.5
14205,22,1,232.65,5.453824269146435,0.6931471805599453,4,1,2,7,2,Loyal,0.5
14207,67,1,157.8,5.067645548813036,0.6931471805599453,2,1,1,4,0,Lost,0.5
14209,17,2,592.35,6.385784444111148,1.0986122886681096,4,4,4,12,1,Loyal,0.5
14210,13,2,1082.64,6.988081023520038,1.0986122886681096,4,4,4,12,1,Loyal,0.5
14211,62,2,408.40000000000003,6.014692673227189,1.0986122886681096,2,4,3,9,1,Loyal,0.5
14215,67,2,1259.11,7.138954297722264,1.0986122886681096,2,4,5,11,1,Loyal,0.5
14225,76,1,643.5,6.468474822379242,0.6931471805599453,1,1,4,6,0,Lost,0.5
14227,49,1,438.03,6.084567747870136,0.6931471805599453,2,1,3,6,2,Loyal,0.5
14233,23,1,425.3,6.055143323771165,0.6931471805599453,4,1,3,8,2,Loyal,0.5
14238,42,2,287.38,5.6642790548785005,1.0986122886681096,3,4,2,9,2,Loyal,0.5
14239,36,5,693.09,6.54260163509581,1.791759469228055,3,5,4,12,3,Champions,0.5
14241,76,1,120.0,4.795790545596741,0.6931471805599453,1,1,1,3,0,Lost,0.5
14244,40,1,366.41999999999996,5.906505607880791,0.6931471805599453,3,1,3,7,2,Loyal,0.5
14249,11,3,1337.64,7.199409452186318,1.3862943611198906,5,4,5,14,1,Loyal,0.5
14253,3,1,205.35000000000002,5.329573756198591,0.6931471805599453,5,1,2,8,2,Loyal,0.5
14256,74,1,940.3000000000001,6.847261898553175,0.6931471805599453,2,1,4,7,0,Lost,0.5
14257,27,1,1189.34,7.081994259582736,0.6931471805599453,3,1,5,9,1,Loyal,0.5
14258,11,5,8143.58,9.005107954329073,1.791759469228055,5,5,5,15,3,Champions,0.5
14274,66,1,256.6,5.551407994230199,0.6931471805599453,2,1,2,5,2,Loyal,0.5
14276,40,1,307.89,5.7329852264642955,0.6931471805599453,3,1,2,6,2,Loyal,0.5
14277,75,2,587.87,6.378205446217867,1.0986122886681096,1,4,4,9,0,Lost,0.5
14279,60,1,110.5,4.7140245909001735,0.6931471805599453,2,1,1,4,2,Loyal,0.5
14282,42,1,897.0,6.8001700683022,0.6931471805599453,3,1,4,8,1,Loyal,0.5
14284,33,1,704.4,6.558765017801951,0.6931471805599453,3,1,4,8,2,Loyal,0.5
14285,38,2,427.84999999999997,6.0611072074364305,1.0986122886681096,3,4,3,10,1,Loyal,0.5
14286,19,3,2613.02,7.868644545264308,1.3862943611198906,4,4,5,13,3,Champions,0.5
14290,21,2,1385.1100000000001,7.234256541679972,1.0986122886681096,4,4,5,13,1,Loyal,0.5
14291,1,2,1439.88,7.273009317028802,1.0986122886681096,5,4,5,14,1,Loyal,0.5
14292,10,1,704.58,6.559020159619662,0.6931471805599453,5,1,4,10,1,Loyal,0.5
14293,67,3,1259.35,7.139144739150198,1.3862943611198906,2,4,5,11,1,Loyal,0.5
14295,110,2,598.85,6.396679623960937,1.0986122886681096,1,4,4,9,0,Lost,0.5
14298,25,8,7107.61,8.869062004388043,2.1972245773362196,4,5,5,14,3,Champions,0.5
14299,11,6,3941.8,8.279646409791283,1.9459101490553132,5,5,5,15,3,Champions,0.5
14301,46,1,307.25,5.730911142044453,0.6931471805599453,2,1,2,5,2,Loyal,0.5
14302,42,2,471.25,6.157508506381619,1.0986122886681096,3,4,3,10,1,Loyal,0.5
14306,57,1,302.08,5.713996797063173,0.6931471805599453,2,1,2,5,2,Loyal,0.5
14307,6,3,1036.76,6.944819823118953,1.3862943611198906,5,4,4,13,1,Loyal,0.5
14315,14,1,365.43,5.903807507177435,0.6931471805599453,4,1,3,8,2,Loyal,0.5
14316,9,1,385.38,5.9568213411644075,0.6931471805599453,5,1,3,9,2,Loyal,0.5
14320,41,2,562.21,6.33365256036802,1.0986122886681096,3,4,3,10,1,Loyal,0.5
14322,17,2,153.60000000000002,5.040841136153322,1.0986122886681096,4,4,1,9,2,Loyal,0.5
14324,73,1,361.81,5.893879281256929,0.6931471805599453,2,1,3,6,0,Lost,0.5
14327,10,3,945.32,6.852580778237481,1.3862943611198906,5,4,4,13,1,Loyal,0.5
14329,31,3,1308.08,7.177079879397666,1.3862943611198906,3,4,5,12,1,Loyal,0.5
14330,3,1,200.63,5.3064343346499845,0.6931471805599453,5,1,2,8,2,Loyal,0.5
14341,5,5,1241.61,7.124969285239252,1.791759469228055,5,5,5,15,3,Champions,0.5
14343,13,2,719.39,6.5797927320283325,1.0986122886681096,4,4,4,12,1,Loyal,0.5
14344,5,1,355.62,5.8766707891059005,0.6931471805599453,5,1,3,9,2,Loyal,0.5
14347,116,1,82.6,4.426043520090656,0.6931471805599453,1,1,1,3,0,Lost,0.5
14355,7,1,301.14,5.710890486115579,0.6931471805599453,5,1,2,8,2,Loyal,0.5
14365,61,1,324.5,5.785362461648624,0.6931471805599453,2,1,2,5,2,Loyal,0.5
14369,21,2,469.13,6.153009252203234,1.0986122886681096,4,4,3,11,1,Loyal,0.5
14370,5,2,566.4,6.341064522374751,1.0986122886681096,5,4,3,12,1,Loyal,0.5
14376,62,1,215.46,5.377405772867,0.6931471805599453,2,1,2,5,2,Loyal,0.5
14378,1,1,131.25,4.8846940707384086,0.6931471805599453,5,1,1,7,2,Loyal,0.5
14380,61,1,48.96,3.911222685257377,0.6931471805599453,2,1,1,4,2,Loyal,0.5
14388,25,2,756.84,6.630472281567279,1.0986122886681096,4,4,4,12,1,Loyal,0.5
14396,29,4,1140.19,7.039826856595028,1.6094379124341003,3,5,5,13,3,Champions,0.5
14399,12,2,677.55,6.5199581685273795,1.0986122886681096,4,4,4,12,1,Loyal,0.5
14400,11,1,656.25,6.488064463609991,0.6931471805599453,5,1,4,10,2,Loyal,0.5
14401,28,4,1336.94,7.198886396633367,1.6094379124341003,3,5,5,13,3,Champions,0.5
14402,32,1,285.6,5.6580875153940715,0.6931471805599453,3,1,2,6,2,Loyal,0.5
14403,19,1,176.39999999999998,5.178407069875479,0.6931471805599453,4,1,1,6,2,Loyal,0.5
14404,21,4,694.7,6.544918532929596,1.6094379124341003,4,5,4,13,1,Loyal,0.5
14408,9,2,730.44,6.595015193856171,1.0986122886681096,5,4,4,13,1,Loyal,0.5
14413,61,2,465.5,6.1452580202873985,1.0986122886681096,2,4,3,9,1,Loyal,0.5
14415,45,2,1187.32,7.080295823920986,1.0986122886681096,3,4,5,12,1,Loyal,0.5
14420,71,1,400.8,5.995954452380834,0.6931471805599453,2,1,3,6,0,Lost,0.5
14421,63,2,1021.5,6.930005887916956,1.0986122886681096,2,4,4,10,1,Loyal,0.5
14422,18,4,1481.18,7.301269255970547,1.6094379124341003,4,5,5,14,3,Champions,0.5
14423,74,1,244.79999999999998,5.504518197131935,0.6931471805599453,2,1,2,5,0,Lost,0.5714285714285714
14425,102,2,422.29,6.048057523340435,1.0986122886681096,1,4,3,8,0,Lost,0.5
14426,25,1,437.24,6.082766705514768,0.6931471805599453,4,1,3,8,2,Loyal,0.5
14427,11,1,595.1,6.390408438225881,0.6931471805599453,5,1,4,10,2,Loyal,0.5
14431,67,1,537.25,6.288323136244473,0.6931471805599453,2,1,3,6,0,Lost,0.5
14439,63,2,3939.08,8.278956306654372,1.0986122886681096,2,4,5,11,1,Loyal,0.5
14440,26,3,1859.15,7.528412408616891,1.3862943611198906,3,4,5,12,1,Loyal,0.5
14441,70,1,369.44,5.9146914883020685,0.6931471805599453,2,1,3,6,0,Lost,0.5
14442,70,1,838.75,6.733104228492402,0.6931471805599453,2,1,4,7,0,Lost,0.5
14451,8,3,602.13,6.402132762214328,1.3862943611198906,5,4,4,13,1,Loyal,0.5
14454,50,2,323.9,5.783517442675055,1.0986122886681096,2,4,2,8,2,Loyal,0.5
14459,31,1,3537.821,8.171548899806611,0.6931471805599453,3,1,5,9,1,Loyal,0.5
14460,47,2,221.4,5.404477562376427,1.0986122886681096,2,4,2,8,2,Loyal,0.5
14461,70,1,305.44,5.72502197764862,0.6931471805599453,2,1,2,5,0,Lost,0.5
14464,6,1,60.0,4.110873864173311,0.6931471805599453,5,1,1,7,2,Loyal,0.5
14465,12,4,969.24,6.877543463573898,1.6094379124341003,4,5,4,13,3,Champions,0.5
14466,29,4,892.3,6.794922470707793,1.6094379124341003,3,5,4,12,1,Loyal,0.5
14467,13,2,250.19,5.5262096248844506,1.0986122886681096,4,4,2,10,2,Loyal,0.5
14468,113,1,204.24,5.324180026073764,0.6931471805599453,1,1,2,4,0,Lost,0.5
14469,59,1,421.45,6.046071096598854,0.6931471805599453,2,1,3,6,2,Loyal,0.5
14471,112,1,208.82999999999998,5.346297679066604,0.6931471805599453,1,1,2,4,0,Lost,0.5
14472,69,1,266.05,5.587435906785779,0.6931471805599453,2,1,2,5,0,Lost,0.5
14477,83,1,165.0,5.111987788356544,0.6931471805599453,1,1,1,3,0,Lost,0.5
14478,62,2,578.68,6.362476227146767,1.0986122886681096,2,4,4,10,1,Loyal,0.5
14479,113,1,355.13,5.875295832733553,0.6931471805599453,1,1,3,5,0,Lost,0.5
14480,97,1,303.85,5.719819852353825,0.6931471805599453,1,1,2,4,0,Lost,0.5
14481,57,1,401.32,5.9972477918637095,0.6931471805599453,2,1,3,6,2,Loyal,0.5
14483,116,1,120.0,4.795790545596741,0.6931471805599453,1,1,1,3,0,Lost,0.5
14484,17,2,528.6800000000001,6.272273050616591,1.0986122886681096,4,4,3,11,1,Loyal,0.5
14493,21,1,553.7,6.318427427061189,0.6931471805599453,4,1,3,8,2,Loyal,0.5
14494,111,1,114.3,4.747537427275013,0.6931471805599453,1,1,1,3,0,Lost,0.625
14495,39,1,51.0,3.9512437185814275,0.6931471805599453,3,1,1,5,2,Loyal,0.5
14496,13,1,754.26,6.6270620608279165,0.6931471805599453,4,1,4,9,1,Loyal,0.5
14497,53,1,221.69,5.405780669797565,0.6931471805599453,2,1,2,5,2,Loyal,0.5
14505,36,3,1689.52,7.432791452897241,1.3862943611198906,3,4,5,12,1,Loyal,0.5
14507,29,2,392.9,5.97609706997686,1.0986122886681096,3,4,3,10,1,Loyal,0.5
14512,112,1,153.28,5.038769133340027,0.6931471805599453,1,1,1,3,0,Lost,0.5
14514,63,2,1365.19,7.219781122698424,1.0986122886681096,2,4,5,11,1,Loyal,0.5
14519,63,2,203.14,5.318806032975353,1.0986122886681096,2,4,2,8,2,Loyal,0.5
14522,4,3,661.5400000000001,6.496080933396229,1.3862943611198906,5,4,4,13,1,Loyal,0.5
14525,41,3,760.54,6.635342698861124,1.3862943611198906,3,4,4,11,1,Loyal,0.5
14530,6,3,610.05,6.41517878888401,1.3862943611198906,5,4,4,13,1,Loyal,0.5
14532,15,3,1196.38,7.0878911154955695,1.3862943611198906,4,4,5,13,1,Loyal,0.5
14534,14,1,371.7,5.9207738064852125,0.6931471805599453,4,1,3,8,2,Loyal,0.5
14535,4,2,1373.64,7.2259471576384895,1.0986122886681096,5,4,5,14,1,Loyal,0.5
14537,3,1,285.84000000000003,5.658924569014374,0.6931471805599453,5,1,2,8,2,Loyal,0.5
14538,62,1,452.6,6.117215752413542,0.6931471805599453,2,1,3,6,2,Loyal,0.5
14540,55,4,1101.81,7.005616746935877,1.6094379124341003,2,5,4,11,1,Loyal,0.5
14541,7,3,467.58000000000004,6.149706844838494,1.3862943611198906,5,4,3,12,1,Loyal,0.5
14543,6,7,3246.5,8.085640748544755,2.0794415416798357,5,5,5,15,3,Champions,0.5
14545,53,1,349.25,5.858647185217117,0.6931471805599453,2,1,3,6,2,Loyal,0.5
14546,50,2,1027.64,6.935992820393377,1.0986122886681096,2,4,4,10,1,Loyal,0.5
14548,113,2,596.18,6.3922185754860275,1.0986122886681096,1,4,4,9,0,Lost,0.5
14549,117,1,313.27,5.750252489041052,0.6931471805599453,1,1,2,4,0,Lost,0.5
14551,61,1,148.85,5.009634793762672,0.6931471805599453,2,1,1,4,2,Loyal,0.5
14555,101,1,290.65,5.675554453199647,0.6931471805599453,1,1,2,4,0,Lost,0.5
14556,32,2,481.98,6.179975244927748,1.0986122886681096,3,4,3,10,1,Loyal,0.5
14558,34,3,655.5,6.486922693742851,1.3862943611198906,3,4,4,11,1,Loyal,0.5
14560,25,8,1919.8,7.560497044907043,2.1972245773362196,4,5,5,14,3,Champions,0.5
14562,21,2,462.28000000000003,6.138331622917534,1.0986122886681096,4,4,3,11,1,Loyal,0.5
14564,115,1,989.18,6.8978867447835315,0.6931471805599453,1,1,4,6,0,Lost,0.5
14572,1,1,379.04,5.940276510338549,0.6931471805599453,5,1,3,9,2,Loyal,0.5
14573,79,1,236.8,5.471429984256681,0.6931471805599453,1,1,2,4,0,Lost,0.5
14574,112,1,143.70000000000002,4.974662633637438,0.6931471805599453,1,1,1,3,0,Lost,0.5
14577,61,2,320.79,5.77389915887345,1.0986122886681096,2,4,2,8,2,Loyal,0.5
14584,9,2,392.65999999999997,5.975487592584841,1.0986122886681096,5,4,3,12,1,Loyal,0.5
14590,6,10,1485.25,7.304011448004991,2.3978952727983707,5,5,5,15,3,Champions,0.5
14593,26,5,1190.05,7.082590550002228,1.791759469228055,3,5,5,13,3,Champions,0.5
14595,68,1,202.35,5.314928632353234,0.6931471805599453,2,1,2,5,0,Lost,0.5
14596,6,1,222.22000000000003,5.408157832227569,0.6931471805599453,5,1,2,8,2,Loyal,0.5
14602,35,1,205.35999999999999,5.329622216376449,0.6931471805599453,3,1,2,6,2,Loyal,0.5
14604,13,1,143.85999999999999,4.97576775876718,0.6931471805599453,4,1,1,6,2,Loyal,0.4
14605,111,2,208.6,5.345200952446887,1.0986122886681096,1,4,2,7,0,Lost,0.5
14606,5,32,6190.75,8.730973039777481,3.4965075614664802,5,5,5,15,3,Champions,0.25
14607,10,5,6360.77,8.758061919502174,1.791759469228055,5,5,5,15,3,Champions,0.5
14608,108,2,581.22,6.366848383177691,1.0986122886681096,1,4,4,9,0,Lost,0.5
14609,48,1,53.28,3.9941558349666684,0.6931471805599453,2,1,1,4,2,Loyal,0.5
14613,60,1,76.32000000000001,4.34795265434013,0.6931471805599453,2,1,1,4,2,Loyal,0.5714285714285714
14621,63,1,518.35,6.2525780296738205,0.6931471805599453,2,1,3,6,2,Loyal,0.5
14625,60,2,1034.07,6.942224336262713,1.0986122886681096,2,4,4,10,1,Loyal,0.5
14626,81,2,768.98,6.6463645404844245,1.0986122886681096,1,4,4,9,0,Lost,0.5
14628,21,2,693.73,6.543523280874677,1.0986122886681096,4,4,4,12,1,Loyal,0.5
14637,56,1,106.67999999999999,4.679163865896418,0.6931471805599453,2,1,1,4,2,Loyal,0.5
14639,41,1,745.47,6.615355428629842,0.6931471805599453,3,1,4,8,2,Loyal,0.5
14640,4,2,807.1,6.694685813239402,1.0986122886681096,5,4,4,13,1,Loyal,0.5
14643,6,2,661.48,6.495990368725445,1.0986122886681096,5,4,4,13,1,Loyal,0.5
14644,115,1,338.5,5.827473946998751,0.6931471805599453,1,1,3,5,0,Lost,0.5
14645,14,1,279.8,5.637642672151656,0.6931471805599453,4,1,2,7,2,Loyal,0.5
14648,11,4,675.13,6.516385365246518,1.6094379124341003,5,5,4,14,1,Loyal,0.5
14649,24,2,913.72,6.818618007515661,1.0986122886681096,4,4,4,12,1,Loyal,0.5
14651,11,2,376.85,5.934497291466729,1.0986122886681096,5,4,3,12,1,Loyal,0.5
14653,61,3,1125.45,7.026826373623152,1.3862943611198906,2,4,5,11,1,Loyal,0.5
14654,118,1,246.86,5.512864070636728,0.6931471805599453,1,1,2,4,0,Lost,0.5
14662,12,2,218.25,5.390212631252292,1.0986122886681096,4,4,2,10,2,Loyal,0.5
14667,14,8,2830.2,7.948455929031254,2.1972245773362196,4,5,5,14,3,Champions,0.5
14669,13,4,1957.54,7.579954576691043,1.6094379124341003,4,5,5,14,3,Champions,0.5
14670,112,1,190.47,5.254731138385114,0.6931471805599453,1,1,1,3,0,Lost,0.5
14672,60,1,155.86,5.05535368778452,0.6931471805599453,2,1,1,4,2,Loyal,0.5
14676,19,1,655.92,6.48756224546936,0.6931471805599453,4,2,4,10,2,Loyal,0.5
14679,110,1,438.74,6.086183643165814,0.6931471805599453,1,2,3,6,0,Lost,0.5
14681,24,2,168.0,5.1298987149230735,1.0986122886681096,4,4,1,9,2,Loyal,0.5
14682,3,2,469.22,6.153200670292828,1.0986122886681096,5,4,3,12,1,Loyal,0.5
14685,4,7,3795.94,8.241950758158044,2.0794415416798357,5,5,5,15,3,Champions,0.5
14686,38,2,302.92,5.71676450887937,1.0986122886681096,3,4,2,9,2,Loyal,0.5
14695,112,2,911.6800000000001,6.81638532627737,1.0986122886681096,1,4,4,9,0,Lost,0.5
14701,64,1,472.18,6.159475865784143,0.6931471805599453,2,2,3,7,2,Loyal,0.5
14702,10,4,1292.09,7.164789981917948,1.6094379124341003,5,5,5,15,3,Champions,0.5
14704,3,1,112.14,4.72862598991501,0.6931471805599453,5,2,1,8,2,Loyal,0.5
14709,7,4,1309.75,7.178354771452642,1.6094379124341003,5,5,5,15,3,Champions,0.5
14710,109,2,73.5,4.310799125385514,1.0986122886681096,1,4,1,6,0,Lost,0.5
14713,17,3,578.9399999999999,6.362924649913461,1.3862943611198906,4,4,4,12,1,Loyal,0.5
14714,67,1,149.0,5.0106352940962555,0.6931471805599453,2,2,1,5,0,Lost,0.5
14715,69,1,286.43,5.660979352330892,0.6931471805599453,2,2,2,6,0,Lost,0.5
14717,113,1,81.3,4.410371107683024,0.6931471805599453,1,2,1,4,0,Lost,0.5
14723,115,1,141.63,4.960253864535331,0.6931471805599453,1,2,1,4,0,Lost,0.5
14726,34,1,116.5,4.7664383335842135,0.6931471805599453,3,2,1,6,2,Loyal,0.5
14729,5,2,272.75,5.612215281130711,1.0986122886681096,5,4,2,11,2,Loyal,0.5
14732,31,6,1327.19,7.191572392091672,1.9459101490553132,3,5,5,13,3,Champions,0.5
14735,1,8,1922.6000000000001,7.561953709403507,2.1972245773362196,5,5,5,15,3,Champions,0.5
14738,112,1,311.2,5.743644008081332,0.6931471805599453,1,2,2,5,0,Lost,0.5
14739,6,6,2949.12,7.989601126472641,1.9459101490553132,5,5,5,15,3,Champions,0.5
14740,24,2,429.82,6.065690369459953,1.0986122886681096,4,4,3,11,1,Loyal,0.5
14745,17,1,415.3,6.03140615420093,0.6931471805599453,4,2,3,9,2,Loyal,0.5
14748,24,1,363.56,5.898691146955628,0.6931471805599453,4,2,3,9,2,Loyal,0.5
14750,115,1,112.03,4.72765327020264,0.6931471805599453,1,2,1,4,0,Lost,0.5
14751,64,2,126.45,4.847724130822124,1.0986122886681096,2,4,1,7,2,Loyal,0.5
14754,70,1,356.61,5.879443007114185,0.6931471805599453,2,2,3,7,0,Lost,0.5
14755,27,5,1411.4,7.253045664054231,1.791759469228055,3,5,5,13,3,Champions,0.5
14762,5,1,117.05000000000001,4.771108263531522,0.6931471805599453,5,2,1,8,2,Loyal,0.5
14769,6,4,2141.37,7.6696679718515615,1.6094379124341003,5,5,5,15,3,Champions,0.5
14770,31,1,936.28,6.842982063639369,0.6931471805599453,3,2,4,9,1,Loyal,0.5
14771,1,2,594.62,6.3896028798296856,1.0986122886681096,5,4,4,13,1,Loyal,0.5
14783,38,1,307.3,5.731073334892105,0.6931471805599453,3,2,2,7,2,Loyal,0.5
14790,99,2,567.96,6.343810132885485,1.0986122886681096,1,4,3,8,0,Lost,0.5
14796,10,3,622.0500000000001,6.434626772388877,1.3862943611198906,5,4,4,13,1,Loyal,0.5
14798,28,1,187.37,5.238408113794128,0.6931471805599453,3,2,1,6,2,Loyal,0.5
14799,117,1,180.45,5.20098013365908,0.6931471805599453,1,2,1,4,0,Lost,0.5
14805,1,1,197.78,5.2921986855398595,0.6931471805599453,5,2,2,9,2,Loyal,0.5
14807,29,1,349.64,5.859760056110554,0.6931471805599453,3,2,3,8,2,Loyal,0.5
14817,7,1,546.03,6.304503645525018,0.6931471805599453,5,2,3,10,2,Loyal,0.5
14818,27,1,105.55,4.668614358544626,0.6931471805599453,3,2,1,6,2,Loyal,0.5
14819,97,1,29.79,3.427189961936409,0.6931471805599453,1,2,1,4,0,Lost,0.5
14820,57,1,115.2,4.755312844417811,0.6931471805599453,2,2,1,5,2,Loyal,0.5
14821,11,3,293.65,5.685788211283922,1.3862943611198906,5,4,2,11,1,Loyal,0.5
14824,17,1,795.5,6.680227129350103,0.6931471805599453,4,2,4,10,1,Loyal,0.5
14826,75,1,177.9,5.186826990514674,0.6931471805599453,1,2,1,4,0,Lost,0.5
14828,19,4,3305.84,8.1037483295918,1.6094379124341003,4,5,5,14,3,Champions,0.375
14831,60,3,1676.57,7.425101596738257,1.3862943611198906,2,4,5,11,1,Loyal,0.5
14832,9,1,322.69,5.779786267653029,0.6931471805599453,5,2,2,9,2,Loyal,0.5
14837,64,1,277.68,5.630064170161918,0.6931471805599453,2,2,2,6,2,Loyal,0.5
14838,116,1,119.10000000000001,4.788324729085938,0.6931471805599453,1,2,1,4,0,Lost,0.5
14839,83,1,425.06,6.0545801814220574,0.6931471805599453,1,2,3,6,0,Lost,0.5
14841,24,4,1627.59,7.395469888771026,1.6094379124341003,4,5,5,14,3,Champions,0.5
14849,1,4,2024.7,7.613670598819761,1.6094379124341003,5,5,5,15,3,Champions,0.5
14851,10,1,318.06,5.765379172872851,0.6931471805599453,5,2,2,9,2,Loyal,0.5
14852,23,2,427.04,6.059216649158801,1.0986122886681096,4,4,3,11,1,Loyal,0.5
14854,66,1,302.06,5.713930805708016,0.6931471805599453,2,2,2,6,2,Loyal,0.5
14857,14,2,843.471,6.738710395812166,1.0986122886681096,4,4,4,12,1,Loyal,0.5
14861,52,3,606.36,6.409121695981509,1.3862943611198906,2,4,4,10,1,Loyal,0.5
14865,117,1,31.200000000000003,3.4719664525503626,0.6931471805599453,1,2,1,4,0,Lost,0.5
14867,26,6,695.29,6.545766240219636,1.9459101490553132,3,5,4,12,3,Champions,0.5
14869,42,2,1120.56,7.022475852306285,1.0986122886681096,3,4,5,12,1,Loyal,0.5
14870,28,2,732.1,6.597282118229541,1.0986122886681096,3,4,4,11,1,Loyal,0.5
14871,104,2,319.65000000000003,5.7703501855948724,1.0986122886681096,1,4,2,7,0,Lost,0.5
14872,13,1,303.98,5.720246200686867,0.6931471805599453,4,2,2,8,2,Loyal,0.5
14873,13,1,334.45,5.815472914008897,0.6931471805599453,4,2,2,8,2,Loyal,0.5
14877,22,1,206.7,5.336094730882067,0.6931471805599453,4,2,2,8,2,Loyal,0.4
14878,18,5,604.87,6.406665441604151,1.791759469228055,4,5,4,13,3,Champions,0.5
14879,64,1,185.06,5.226069202340413,0.6931471805599453,2,2,1,5,2,Loyal,0.5
14884,49,1,120.6,4.800736969532067,0.6931471805599453,2,2,1,5,2,Loyal,0.5
14890,39,1,301.78999999999996,5.713039495918878,0.6931471805599453,3,2,2,7,2,Loyal,0.5
14892,70,1,202.35000000000002,5.314928632353234,0.6931471805599453,2,2,2,6,0,Lost,0.5
14894,117,1,299.70000000000005,5.706113089994483,0.6931471805599453,1,2,2,5,0,Lost,0.5
14895,26,4,3538.1,8.171627736515907,1.6094379124341003,3,5,5,13,3,Champions,0.5
14896,24,4,934.74,6.841337660112421,1.6094379124341003,4,5,4,13,1,Loyal,0.5
14897,103,1,301.16,5.710956678404202,0.6931471805599453,1,2,2,5,0,Lost,0.5
14898,31,3,861.96,6.760368340067173,1.3862943611198906,3,4,4,11,1,Loyal,0.5
14905,26,2,371.9,5.921310287184775,1.0986122886681096,3,4,3,10,1,Loyal,0.5
14909,42,1,352.5,5.867883485336628,0.6931471805599453,3,2,3,8,2,Loyal,0.5
14912,61,1,39.67,3.7054907199191334,0.6931471805599453,2,2,1,5,2,Loyal,0.5
14915,26,2,367.26000000000005,5.908789210439074,1.0986122886681096,3,4,3,10,1,Loyal,0.5
14924,19,1,310.14,5.740242971658976,0.6931471805599453,4,2,2,8,2,Loyal,0.5
14928,7,1,223.91000000000003,5.41570032218308,0.6931471805599453,5,2,2,9,2,Loyal,0.5
14940,112,1,182.01,5.2095407961571905,0.6931471805599453,1,2,1,4,0,Lost,0.5
14942,18,2,229.10999999999999,5.438557455462482,1.0986122886681096,4,4,2,10,2,Loyal,0.5
14943,42,1,107.62,4.687855552606699,0.6931471805599453,3,2,1,6,2,Loyal,0.5
14944,40,2,1143.0,7.042286171939743,1.0986122886681096,3,4,5,12,1,Loyal,0.5
14947,4,1,322.6,5.779508185184337,0.6931471805599453,5,2,2,9,2,Loyal,0.5
14949,28,3,330.77,5.804441957755378,1.3862943611198906,3,4,2,9,1,Loyal,0.5
14952,39,5,3391.94,8.129452081161917,1.791759469228055,3,5,5,13,3,Champions,0.5
14954,82,1,167.27,5.125569832188355,0.6931471805599453,1,2,1,4,0,Lost,0.5
14955,112,1,163.77,5.10455056206934,0.6931471805599453,1,2,1,4,0,Lost,0.5
14957,24,1,203.2,5.319099905730565,0.6931471805599453,4,2,2,8,2,Loyal,0.5
14958,6,2,335.66,5.819073518990936,1.0986122886681096,5,4,2,11,1,Loyal,0.5
14961,105,2,2608.4700000000003,7.866902414562124,1.0986122886681096,1,4,5,10,0,Lost,0.5
14966,103,2,324.47,5.785270291502469,1.0986122886681096,1,4,2,7,0,Lost,0.5
14967,39,2,769.61,6.647182409008974,1.0986122886681096,3,4,4,11,1,Loyal,0.5
14969,83,1,906.23,6.810396001209797,0.6931471805599453,1,2,4,7,0,Lost,0.5
14970,8,3,1053.8,6.961106454479132,1.3862943611198906,5,4,4,13,1,Loyal,0.5
14977,105,1,31.929999999999996,3.4943840963882726,0.6931471805599453,1,2,1,4,0,Lost,0.5
14979,115,1,429.66,6.065318915678462,0.6931471805599453,1,2,3,6,0,Lost,0.5
14980,117,1,150.68,5.021773038506712,0.6931471805599453,1,2,1,4,0,Lost,0.5
14983,68,1,183.20000000000002,5.216022123821206,0.6931471805599453,2,2,1,5,0,Lost,0.5
14984,77,1,117.0,4.770684624465665,0.6931471805599453,1,2,1,4,0,Lost,0.5
14986,63,1,323.38,5.781915668059543,0.6931471805599453,2,2,2,6,2,Loyal,0.5
14987,98,4,566.6999999999999,6.341593110176681,1.6094379124341003,1,5,3,9,0,Lost,0.5
14989,41,1,342.4,5.838895948463375,0.6931471805599453,3,2,3,8,2,Loyal,0.5
14990,110,1,200.23999999999998,5.304498225623118,0.6931471805599453,1,2,2,5,0,Lost,0.5
14994,3,1,181.7,5.207845463383961,0.6931471805599453,5,2,1,8,2,Loyal,0.5
14997,35,1,230.4,5.444147814759576,0.6931471805599453,3,2,2,7,2,Loyal,0.5
15002,40,3,1547.72,7.345184062295694,1.3862943611198906,3,4,5,12,1,Loyal,0.5
15003,6,5,855.7,6.7530877989699984,1.791759469228055,5,5,4,14,3,Champions,0.5
15005,8,9,2192.13,7.69308502618669,2.302585092994046,5,5,5,15,3,Champions,0.5
15008,17,1,120.0,4.795790545596741,0.6931471805599453,4,2,1,7,2,Loyal,0.5
15013,29,3,498.79,6.214188010197488,1.3862943611198906,3,4,3,10,1,Loyal,0.5
15015,5,8,1043.42,6.951216986392673,2.1972245773362196,5,5,4,14,3,Champions,0.5
15022,56,1,281.05,5.642084360185986,0.6931471805599453,2,2,2,6,2,Loyal,0.5
15023,53,1,684.58,6.530265195329485,0.6931471805599453,2,2,4,8,2,Loyal,0.5
15027,4,1,525.34,6.265947391751775,0.6931471805599453,5,2,3,10,2,Loyal,0.5
15030,10,2,615.6,6.42422051545205,1.0986122886681096,5,4,4,13,1,Loyal,0.5
15031,28,4,1292.74,7.1652925275152075,1.6094379124341003,3,5,5,13,3,Champions,0.5
15032,108,1,1505.4,7.317477977342943,0.6931471805599453,1,2,5,8,0,Lost,0.625
15039,11,9,1347.43,7.206696231703332,2.302585092994046,5,5,5,15,3,Champions,0.25
15044,46,6,3266.6,8.091811049467713,1.9459101490553132,2,5,5,12,3,Champions,0.5
15046,53,3,897.88,6.801149543915879,1.3862943611198906,2,4,4,10,1,Loyal,0.42857142857142855
15051,41,2,766.12,6.642643242845426,1.0986122886681096,3,4,4,11,1,Loyal,0.5
15055,102,1,244.42,5.5029710285484015,0.6931471805599453,1,2,2,5,0,Lost,0.625
15057,5,2,865.04,6.763931096872182,1.0986122886681096,5,4,4,13,1,Loyal,0.5
15058,33,1,303.65,5.719163576694504,0.6931471805599453,3,2,2,7,2,Loyal,0.5
15059,36,4,842.87,6.73799845429634,1.6094379124341003,3,5,4,12,1,Loyal,0.5
15064,96,1,324.99,5.786866706049599,0.6931471805599453,1,2,2,5,0,Lost,0.5
15068,1,1,334.87,5.81672418033434,0.6931471805599453,5,2,2,9,2,Loyal,0.5
15070,104,1,324.8,5.786283696167945,0.6931471805599453,1,2,2,5,0,Lost,0.5
15073,61,1,478.9,6.1735777488642,0.6931471805599453,2,2,3,7,2,Loyal,0.5
15077,109,1,873.48,6.77362942398558,0.6931471805599453,1,2,4,7,0,Lost,0.5
15078,19,5,1839.8600000000001,7.517988132714086,1.791759469228055,4,5,5,14,3,Champions,0.5
15079,6,3,1755.96,7.471340321849403,1.3862943611198906,5,5,5,15,1,Loyal,0.5
15082,48,1,93.35000000000001,4.54701127181456,0.6931471805599453,2,2,1,5,2,Loyal,0.5
15084,25,1,349.4,5.859075359062237,0.6931471805599453,4,2,3,9,2,Loyal,0.5
15085,109,1,347.54,5.853753001232496,0.6931471805599453,1,2,3,6,0,Lost,0.5
15086,5,1,110.03,4.709800435066175,0.6931471805599453,5,2,1,8,2,Loyal,0.5
15091,54,2,565.9,6.340182921330258,1.0986122886681096,2,4,3,9,1,Loyal,0.5
15093,19,4,2853.34,7.956595921985391,1.6094379124341003,4,5,5,14,3,Champions,0.5
15094,24,1,50.0,3.9318256327243257,0.6931471805599453,4,2,1,7,2,Loyal,0.5
15095,67,1,274.89,5.620002235550063,0.6931471805599453,2,2,2,6,0,Lost,0.5
15100,81,1,217.2,5.38541207339897,0.6931471805599453,1,2,2,5,0,Lost,0.5
15105,6,1,330.38,5.803265753141151,0.6931471805599453,5,2,2,9,2,Loyal,0.5
15109,115,1,231.2,5.4475990692637914,0.6931471805599453,1,2,2,5,0,Lost,0.5
15115,112,1,191.74,5.261342130423142,0.6931471805599453,1,2,1,4,0,Lost,0.5
15117,14,2,359.69,5.888018863654928,1.0986122886681096,4,4,3,11,1,Loyal,0.5
15123,13,1,456.65999999999997,6.126126550351378,0.6931471805599453,4,2,3,9,2,Loyal,0.5
15124,31,1,134.03,4.905496975972951,0.6931471805599453,3,2,1,6,2,Loyal,0.5
15126,66,1,192.45000000000002,5.265019081146522,0.6931471805599453,2,2,1,5,2,Loyal,0.5
15137,59,1,392.82,5.9758939521170245,0.6931471805599453,2,2,3,7,2,Loyal,0.5
15144,33,2,1392.8,7.239789109004418,1.0986122886681096,3,4,5,12,1,Loyal,0.5
15149,29,2,323.83,5.783301968554202,1.0986122886681096,3,4,2,9,2,Loyal,0.5
15152,80,1,518.14,6.252173596308333,0.6931471805599453,1,2,3,6,0,Lost,0.5
15157,109,1,448.2,6.107468222864288,0.6931471805599453,1,2,3,6,0,Lost,0.5
15162,111,1,312.9,5.749074463847908,0.6931471805599453,1,2,2,5,0,Lost,0.5
15164,70,1,203.48,5.32047017118917,0.6931471805599453,2,2,2,6,0,Lost,0.5
15167,53,1,659.43,6.492891138028129,0.6931471805599453,2,2,4,8,2,Loyal,0.5
15169,106,1,356.17,5.878211858913125,0.6931471805599453,1,2,3,6,0,Lost,0.625
15176,47,1,988.04,6.896734775698672,0.6931471805599453,2,2,4,8,1,Loyal,0.5
15179,26,3,2283.87,7.734064408930856,1.3862943611198906,3,5,5,13,1,Loyal,0.5
15181,110,1,162.72,5.098157651624202,0.6931471805599453,1,2,1,4,0,Lost,0.5
15182,36,1,564.8910000000001,6.3384014801520685,0.6931471805599453,3,2,3,8,2,Loyal,0.5
15184,103,1,123.19,4.8218126509599415,0.6931471805599453,1,2,1,4,0,Lost,0.5
15186,76,1,163.4,5.10230248262208,0.6931471805599453,1,2,1,4,0,Lost,0.5
15188,105,1,310.43,5.7411745938732635,0.6931471805599453,1,2,2,5,0,Lost,0.5
15191,68,2,342.75,5.839914648980781,1.0986122886681096,2,4,3,9,0,Lost,0.5
15192,59,1,311.24,5.743772122872359,0.6931471805599453,2,2,2,6,2,Loyal,0.5
15194,12,5,1815.39,7.504606293813354,1.791759469228055,4,5,5,14,3,Champions,0.5
15196,106,1,149.7,5.01529110563245,0.6931471805599453,1,2,1,4,0,Lost,0.5
15197,108,1,117.96000000000001,4.778787302151899,0.6931471805599453,1,2,1,4,0,Lost,0.5
15198,69,1,80.8,4.404277243608702,0.6931471805599453,2,2,1,5,0,Lost,0.5
15203,24,3,1074.79,6.980810554387872,1.3862943611198906,4,5,4,13,1,Loyal,0.5
15209,109,1,178.98000000000002,5.192845733605803,0.6931471805599453,1,2,1,4,0,Lost,0.5
15218,9,3,1417.51,7.257362303924444,1.3862943611198906,5,5,5,15,1,Loyal,0.5
15219,28,1,379.7,5.942011663388452,0.6931471805599453,3,2,3,8,2,Loyal,0.5
15221,17,1,323.35,5.781823179659065,0.6931471805599453,4,2,2,8,2,Loyal,0.5
15222,7,6,1739.3600000000001,7.4618472673601595,1.9459101490553132,5,5,5,15,3,Champions,0.5
15223,71,2,436.6,6.081305251107771,1.0986122886681096,2,4,3,9,0,Lost,0.5
15224,26,2,389.2,5.96665942818901,1.0986122886681096,3,4,3,10,1,Loyal,0.5
15227,13,1,334.08000000000004,5.814369309285609,0.6931471805599453,4,2,2,8,2,Loyal,0.5
15231,1,1,127.19999999999999,4.853591544486569,0.6931471805599453,5,2,1,8,2,Loyal,0.5
15240,114,1,549.77,6.3113172991402235,0.6931471805599453,1,2,3,6,0,Lost,0.5
15241,34,1,295.64,5.69251928237749,0.6931471805599453,3,2,2,7,2,Loyal,0.5
15244,46,1,280.51,5.640167970927469,0.6931471805599453,2,2,2,6,2,Loyal,0.5
15249,3,1,780.92,6.661752433521845,0.6931471805599453,5,2,4,11,1,Loyal,0.5
15250,20,1,60.0,4.110873864173311,0.6931471805599453,4,2,1,7,2,Loyal,0.5
15251,14,3,4634.29,8.441454043464487,1.3862943611198906,4,5,5,14,3,Champions,0.5
15255,116,1,260.44,5.566204811671638,0.6931471805599453,1,2,2,5,0,Lost,0.5
15259,62,1,302.55,5.715546341576443,0.6931471805599453,2,2,2,6,2,Loyal,0.5
15260,3,4,1057.42,6.964532509069678,1.6094379124341003,5,5,4,14,3,Champions,0.5
15265,117,1,294.14,5.687449820035304,0.6931471805599453,1,2,2,5,0,Lost,0.5
15266,66,2,292.2,5.680854970012496,1.0986122886681096,2,4,2,8,0,Lost,0.5
15270,6,6,2479.06,7.816038032414756,1.9459101490553132,5,5,5,15,3,Champions,0.5
15272,43,1,435.09,6.0778486440652895,0.6931471805599453,3,2,3,8,2,Loyal,0.5
15278,45,2,257.71999999999997,5.5557463958287965,1.0986122886681096,3,4,2,9,2,Loyal,0.5
15279,10,2,665.53,6.5020851498586,1.0986122886681096,5,4,4,13,1,Loyal,0.5
15287,117,1,58.2,4.0809215418899605,0.6931471805599453,1,2,1,4,0,Lost,0.5
15288,44,1,334.5,5.815621956411737,0.6931471805599453,3,2,2,7,2,Loyal,0.5
15289,1,1,439.62,6.088182825984419,0.6931471805599453,5,2,3,10,2,Loyal,0.5
15290,33,1,277.12,5.628052675230817,0.6931471805599453,3,2,2,7,2,Loyal,0.5
15291,18,10,3633.46,8.198215823223737,2.3978952727983707,4,5,5,14,3,Champions,0.5
15293,45,1,247.5,5.5154428455366835,0.6931471805599453,3,2,2,7,2,Loyal,0.5
15295,34,1,207.04,5.337730368904872,0.6931471805599453,3,2,2,7,2,Loyal,0.5
15296,67,1,1210.43,7.099556758975223,0.6931471805599453,2,2,5,9,1,Loyal,0.5714285714285714
15298,7,3,1085.25,6.990486676579602,1.3862943611198906,5,5,4,14,1,Loyal,0.5
15299,76,1,731.52,6.596490644272748,0.6931471805599453,1,2,4,7,0,Lost,0.5
15302,110,1,308.0,5.733341276897746,0.6931471805599453,1,2,2,5,0,Lost,0.5
15303,63,1,302.2,5.714392653768217,0.6931471805599453,2,2,2,6,2,Loyal,0.5
15306,38,1,387.51,5.962318909502173,0.6931471805599453,3,2,3,8,2,Loyal,0.5
15309,19,3,630.71,6.44843042807855,1.3862943611198906,4,5,4,13,1,Loyal,0.5
15312,12,4,1100.3,7.004246579170898,1.6094379124341003,4,5,4,13,3,Champions,0.25
15317,56,1,129.75,4.873287102945032,0.6931471805599453,2,2,1,5,2,Loyal,0.5
15321,32,3,1171.42,7.0668252677154575,1.3862943611198906,3,5,5,13,1,Loyal,0.5
15323,41,1,108.2,4.693181063310805,0.6931471805599453,3,2,1,6,2,Loyal,0.5
15324,81,1,140.22000000000003,4.950318958088201,0.6931471805599453,1,2,1,4,0,Lost,0.5
15325,10,2,392.8,5.975843166205025,1.0986122886681096,5,4,3,12,1,Loyal,0.5
15326,52,3,1090.3700000000001,6.995189066743774,1.3862943611198906,2,5,4,11,1,Loyal,0.5
15329,5,3,774.1700000000001,6.653082360137302,1.3862943611198906,5,5,4,14,1,Loyal,0.5
15338,57,1,277.93,5.630960854284337,0.6931471805599453,2,2,2,6,2,Loyal,0.5
15339,2,2,290.73,5.67582871697455,1.0986122886681096,5,4,2,11,2,Loyal,0.5
15353,117,1,271.74,5.608518960429688,0.6931471805599453,1,2,2,5,0,Lost,0.5
15358,25,5,1801.05,7.496680184731179,1.791759469228055,4,5,5,14,3,Champions,0.5
15359,42,8,181.35,5.205927917254689,2.1972245773362196,3,5,1,9,3,Champions,0.5
15362,118,1,310.75,5.742201584560146,0.6931471805599453,1,2,2,5,0,Lost,0.5
15365,52,1,325.12,5.78726541179471,0.6931471805599453,2,2,2,6,2,Loyal,0.5
15366,31,1,316.59,5.760761242731186,0.6931471805599453,3,2,2,7,2,Loyal,0.5
15367,27,2,1211.6200000000001,7.100538586986688,1.0986122886681096,3,4,5,12,1,Loyal,0.5
15369,55,4,1120.0,7.02197642307216,1.6094379124341003,2,5,5,12,1,Loyal,0.5
15371,42,1,59.400000000000006,4.100989104940769,0.6931471805599453,3,2,1,6,2,Loyal,0.5
15372,41,4,2416.08,7.7903154790386395,1.6094379124341003,3,5,5,13,3,Champions,0.5
15374,4,1,139.32,4.943925528623873,0.6931471805599453,5,2,1,8,2,Loyal,0.5
15375,69,1,60.959999999999994,4.1264890155486675,0.6931471805599453,2,2,1,5,0,Lost,0.5
15380,4,4,897.74,6.800993782408683,1.6094379124341003,5,5,4,14,3,Champions,0.5
15382,35,2,3156.13,8.057418666044049,1.0986122886681096,3,4,5,12,1,Loyal,0.5
15385,57,1,307.8,5.732693818150621,0.6931471805599453,2,2,2,6,2,Loyal,0.5
15389,61,1,854.8,6.752036703982716,0.6931471805599453,2,2,4,8,1,Loyal,0.5
15393,72,2,363.21000000000004,5.897730624357526,1.0986122886681096,2,4,3,9,0,Lost,0.5
15394,103,1,297.4,5.698434868329605,0.6931471805599453,1,2,2,5,0,Lost,0.5
15403,110,1,95.75999999999999,4.572233685741827,0.6931471805599453,1,2,1,4,0,Lost,0.5
15409,100,1,131.25,4.8846940707384086,0.6931471805599453,1,2,1,4,0,Lost,0.5
15413,71,5,6798.72,8.824636713845836,1.791759469228055,2,5,5,12,3,Champions,0.5
15416,56,1,389.03000000000003,5.966223659242187,0.6931471805599453,2,2,3,7,2,Loyal,0.5
15420,57,3,340.44,5.833171968113389,1.3862943611198906,2,5,3,10,1,Loyal,0.5
15421,29,3,1443.33,7.2754008251993,1.3862943611198906,3,5,5,13,1,Loyal,0.5
15422,50,1,298.99,5.7037491407673,0.6931471805599453,2,2,2,6,2,Loyal,0.5
15423,1,1,153.54999999999998,5.040517668578125,0.6931471805599453,5,2,1,8,2,Loyal,0.5
15425,8,2,1506.22,7.318022173373124,1.0986122886681096,5,4,5,14,1,Loyal,0.5
15428,16,2,381.72,5.947303651322212,1.0986122886681096,4,4,3,11,1,Loyal,0.5
15434,63,1,285.35,5.657214838839867,0.6931471805599453,2,2,2,6,2,Loyal,0.5
15437,20,1,193.29000000000002,5.269351888255022,0.6931471805599453,4,2,1,7,2,Loyal,0.5
15439,33,2,748.85,6.619873186527689,1.0986122886681096,3,4,4,11,1,Loyal,0.5
15441,110,1,301.57,5.712312655659576,0.6931471805599453,1,2,2,5,0,Lost,0.5
15443,3,3,624.41,6.438407434662455,1.3862943611198906,5,5,4,14,1,Loyal,0.5
15446,8,2,230.77,5.445745500614469,1.0986122886681096,5,4,2,11,2,Loyal,0.5
15447,5,1,101.30000000000001,4.627909672957581,0.6931471805599453,5,2,1,8,2,Loyal,0.5
15448,54,1,294.17,5.687551461545784,0.6931471805599453,2,2,2,6,2,Loyal,0.5
15456,31,4,914.65,6.819634195586958,1.6094379124341003,3,5,4,12,1,Loyal,0.5
15461,11,1,210.0,5.351858133476067,0.6931471805599453,5,2,2,9,2,Loyal,0.5
15465,10,8,1479.48,7.30012163850072,2.1972245773362196,5,5,5,15,3,Champions,0.5
15466,116,1,740.46,6.608621215416243,0.6931471805599453,1,2,4,7,0,Lost,0.5
15477,29,1,368.4,5.911880067765139,0.6931471805599453,3,2,3,8,2,Loyal,0.5
15479,113,1,147.4,4.99991133073328,0.6931471805599453,1,2,1,4,0,Lost,0.625
15480,55,2,1636.38,7.40085268238137,1.0986122886681096,2,4,5,11,1,Loyal,0.5
15482,8,5,1488.03,7.305880180231213,1.791759469228055,5,5,5,15,3,Champions,0.5
15483,63,1,160.10999999999999,5.082087361502895,0.6931471805599453,2,2,1,5,2,Loyal,0.5
15484,113,1,689.5,6.537415972849347,0.6931471805599453,1,2,4,7,0,Lost,0.5
15485,60,3,1222.92,7.109814101459124,1.3862943611198906,2,5,5,12,1,Loyal,0.5
15487,59,1,231.32,5.448115731636431,0.6931471805599453,2,2,2,6,2,Loyal,0.5
15489,72,1,214.0,5.3706380281276624,0.6931471805599453,2,2,2,6,0,Lost,0.5714285714285714
15493,34,1,430.02,6.066154492739426,0.6931471805599453,3,2,3,8,2,Loyal,0.5
15494,108,1,893.61,6.796387869116464,0.6931471805599453,1,2,4,7,0,Lost,0.5
15496,11,1,146.14000000000001,4.9913845145041185,0.6931471805599453,5,2,1,8,2,Loyal,0.5
15497,54,3,1405.51,7.248866737751775,1.3862943611198906,2,5,5,12,1,Loyal,0.5
15498,36,2,3853.92,8.25710553351232,1.0986122886681096,3,4,5,12,1,Loyal,0.5
15499,103,1,158.65,5.072983919160791,0.6931471805599453,1,2,1,4,0,Lost,0.5
15503,106,1,116.26,4.764393691536069,0.6931471805599453,1,2,1,4,0,Lost,0.5
15504,45,1,147.71,5.001998100700592,0.6931471805599453,3,2,1,6,2,Loyal,0.5
15512,56,1,39.0,3.6888794541139363,0.6931471805599453,2,2,1,5,2,Loyal,0.5
15513,4,3,2496.92,7.8232136645521955,1.3862943611198906,5,5,5,15,3,Champions,0.5
15514,32,4,1559.29,7.352626980402693,1.6094379124341003,3,5,5,13,3,Champions,0.5
15518,62,2,502.98,6.222536584744313,1.0986122886681096,2,4,3,9,1,Loyal,0.5
15521,83,1,531.72,6.277995957802367,0.6931471805599453,1,2,3,6,0,Lost,0.5714285714285714
15523,3,6,3654.33,8.203941655385929,1.9459101490553132,5,5,5,15,3,Champions,0.5
15527,4,5,1052.54,6.9599112011992945,1.791759469228055,5,5,4,14,3,Champions,0.5
15534,105,1,162.25,5.09528276815654,0.6931471805599453,1,2,1,4,0,Lost,0.5
15538,21,3,2220.6499999999996,7.706005442041091,1.3862943611198906,4,5,5,14,1,Loyal,0.5
15542,117,2,509.78,6.235938969124021,1.0986122886681096,1,4,3,8,0,Lost,0.625
15544,19,4,1721.97,7.451804824884763,1.6094379124341003,4,5,5,14,3,Champions,0.5
15547,4,3,1921.43,7.561345289793628,1.3862943611198906,5,5,5,15,1,Loyal,0.5
15549,3,3,380.65,5.944503958244479,1.3862943611198906,5,5,3,13,1,Loyal,0.5
15550,55,4,700.71,6.553520213261158,1.6094379124341003,2,5,4,11,1,Loyal,0.5
15552,2,1,162.4,5.096201182425903,0.6931471805599453,5,2,1,8,2,Loyal,0.5
15555,55,3,1671.99,7.4223677236826475,1.3862943611198906,2,5,5,12,1,Loyal,0.5
15558,18,1,202.68,5.316550134809097,0.6931471805599453,4,2,2,8,2,Loyal,0.4
15561,43,1,336.27,5.820883796517047,0.6931471805599453,3,2,3,8,2,Loyal,0.5
15562,105,1,358.56,5.884881061705198,0.6931471805599453,1,2,3,6,0,Lost,0.5
15563,60,1,428.8,6.06331998420841,0.6931471805599453,2,2,3,7,2,Loyal,0.5
15564,55,1,35.04,3.584629432740137,0.6931471805599453,2,2,1,5,2,Loyal,0.5
15566,104,1,138.22,4.936055415740521,0.6931471805599453,1,2,1,4,0,Lost,0.5
15569,29,1,259.2,5.561450566078405,0.6931471805599453,3,2,2,7,2,Loyal,0.5
15570,1,1,742.41,6.611247709481045,0.6931471805599453,5,2,4,11,1,Loyal,0.5
15571,6,2,346.51,5.850793441569214,1.0986122886681096,5,4,3,12,1,Loyal,0.5
15573,32,2,383.18,5.951111192758765,1.0986122886681096,3,4,3,10,1,Loyal,0.5
15577,103,2,137.15,4.9283400513694255,1.0986122886681096,1,4,1,6,0,Lost,0.5
15580,50,1,99.69,4.612046489927524,0.6931471805599453,2,2,1,5,2,Loyal,0.5
15581,64,12,978.66,6.887205572691927,2.5649493574615367,2,5,4,11,3,Champions,0.5
15584,50,1,351.99,5.866439727920136,0.6931471805599453,2,2,3,7,2,Loyal,0.5
15586,39,2,955.26,6.863029842602406,1.0986122886681096,3,4,4,11,1,Loyal,0.5
15588,57,1,579.6,6.36406205159053,0.6931471805599453,2,2,4,8,2,Loyal,0.5
15591,20,2,102.5,4.639571612705423,1.0986122886681096,4,4,1,9,2,Loyal,0.5
15601,5,9,4510.29,8.414338422639773,2.302585092994046,5,5,5,15,3,Champions,0.5
15602,4,3,527.4,6.26985357264817,1.3862943611198906,5,5,3,13,1,Loyal,0.5
15603,27,1,40.0,3.713572066704308,0.6931471805599453,3,2,1,6,2,Loyal,0.4
15605,5,3,425.22,6.05495564488918,1.3862943611198906,5,5,3,13,1,Loyal,0.5
15606,27,1,301.9,5.713402718033191,0.6931471805599453,3,2,2,7,2,Loyal,0.5
15607,5,6,1444.13,7.275954561897812,1.9459101490553132,5,5,5,15,3,Champions,0.5
15611,7,4,476.7,6.168982920395917,1.6094379124341003,5,5,3,13,1,Loyal,0.5
15614,6,1,1327.98,7.1921670096910555,0.6931471805599453,5,2,5,12,1,Loyal,0.5
15615,10,6,2684.7,7.895696680599644,1.9459101490553132,5,5,5,15,3,Champions,0.5
15622,25,1,1449.74,7.279829050060575,0.6931471805599453,4,2,5,11,1,Loyal,0.4
15623,7,3,1116.98,7.019278764467376,1.3862943611198906,5,5,5,15,1,Loyal,0.5
15628,46,2,596.57,6.392871431755292,1.0986122886681096,2,4,4,10,1,Loyal,0.5
15630,24,1,295.05,5.690528358977785,0.6931471805599453,4,2,2,8,2,Loyal,0.5
15631,22,1,596.67,6.393038762166311,0.6931471805599453,4,2,4,10,2,Loyal,0.5
15633,8,6,2022.28,7.612475235894698,1.9459101490553132,5,5,5,15,3,Champions,0.5
15637,20,2,412.98,6.0258176634796445,1.0986122886681096,4,4,3,11,1,Loyal,0.5
15640,39,5,2919.85,7.97962994879255,1.791759469228055,3,5,5,13,3,Champions,0.5
15641,64,3,1405.16,7.248617863904643,1.3862943611198906,2,5,5,12,1,Loyal,0.5
15642,109,1,105.78000000000002,4.67077064307204,0.6931471805599453,1,2,1,4,0,Lost,0.5
15650,8,1,359.08,5.886326228984677,0.6931471805599453,5,2,3,10,2,Loyal,0.5
15658,116,1,321.65,5.776568144381849,0.6931471805599453,1,2,2,5,0,Lost,0.5
15659,33,1,108.44,4.69537645387424,0.6931471805599453,3,2,1,6,2,Loyal,0.5
15660,51,1,109.0,4.700480365792417,0.6931471805599453,2,2,1,5,2,Loyal,0.5
15662,40,2,283.73,5.6515413628105104,1.0986122886681096,3,4,2,9,2,Loyal,0.5
15664,29,1,410.48,6.019760416262829,0.6931471805599453,3,2,3,8,2,Loyal,0.5
15665,15,1,591.43,6.384232722569882,0.6931471805599453,4,2,4,10,2,Loyal,0.5
15672,104,1,45.300000000000004,3.8351419610921886,0.6931471805599453,1,2,1,4,0,Lost,0.5
15673,35,1,737.5600000000001,6.604702344439626,0.6931471805599453,3,2,4,9,2,Loyal,0.5
15674,32,2,1264.28,7.143048720542198,1.0986122886681096,3,4,5,12,1,Loyal,0.5
15680,41,3,987.21,6.8958952257694754,1.3862943611198906,3,5,4,12,1,Loyal,0.5
15682,67,1,127.48,4.855773250198451,0.6931471805599453,2,2,1,5,0,Lost,0.5714285714285714
15684,81,2,119.3,4.789988622980633,1.0986122886681096,1,4,1,6,0,Lost,0.5
15691,112,1,161.8,5.09252245356844,0.6931471805599453,1,2,1,4,0,Lost,0.5
15693,39,1,37.5,3.6506582412937387,0.6931471805599453,3,2,1,6,2,Loyal,0.5
15694,111,1,357.87,5.882960205916445,0.6931471805599453,1,2,3,6,0,Lost,0.5
15695,61,1,348.61,5.856818247491283,0.6931471805599453,2,2,3,7,2,Loyal,0.5
15696,18,2,466.7,6.147827064731841,1.0986122886681096,4,4,3,11,1,Loyal,0.5
15697,69,1,246.75,5.5124201732100975,0.6931471805599453,2,2,2,6,0,Lost,0.5
15698,3,1,46.2,3.85439389259151,0.6931471805599453,5,2,1,8,2,Loyal,0.5
15702,61,1,27.82,3.361069590571376,0.6931471805599453,2,2,1,5,2,Loyal,0.5
15711,64,1,106.65,4.678885223810372,0.6931471805599453,2,2,1,5,2,Loyal,0.5
15712,50,3,1192.6000000000001,7.084729229449496,1.3862943611198906,2,5,5,12,1,Loyal,0.5
15713,103,1,243.86,5.500686618645769,0.6931471805599453,1,2,2,5,0,Lost,0.5
15716,6,2,404.95,6.006229999308456,1.0986122886681096,5,4,3,12,1,Loyal,0.5
15719,13,6,1630.75,7.397408337515327,1.9459101490553132,4,5,5,14,3,Champions,0.5
15722,3,2,685.28,6.5312857077152255,1.0986122886681096,5,4,4,13,1,Loyal,0.5
15727,64,1,932.82,6.839283700169975,0.6931471805599453,2,2,4,8,1,Loyal,0.5
15732,6,6,771.58,6.6497355632804975,1.9459101490553132,5,5,4,14,3,Champions,0.3333333333333333
15738,10,8,2285.69,7.734860636081392,2.1972245773362196,5,5,5,15,3,Champions,0.5
15747,70,1,226.08,5.425302378302526,0.6931471805599453,2,2,2,6,0,Lost,0.5
15750,102,2,500.19,6.216985270707943,1.0986122886681096,1,4,3,8,0,Lost,0.5
15751,22,7,810.92,6.699401813140563,2.0794415416798357,4,5,4,13,3,Champions,0.5
15754,25,2,1460.3,7.287081729480606,1.0986122886681096,4,4,5,13,1,Loyal,0.5
15755,3,4,1339.93,7.201118682068361,1.6094379124341003,5,5,5,15,3,Champions,0.5
15759,117,1,125.73,4.842058839093973,0.6931471805599453,1,2,1,4,0,Lost,0.5
15765,46,1,370.63,5.917898735650893,0.6931471805599453,2,2,3,7,2,Loyal,0.5
15766,61,1,201.60000000000002,5.311233591814583,0.6931471805599453,2,2,2,6,2,Loyal,0.5714285714285714
15768,3,15,8125.56,9.002892988768297,2.772588722239781,5,5,5,15,3,Champions,0.5
15769,24,4,9405.0,9.149103062504993,1.6094379124341003,4,5,5,14,3,Champions,0.5
15771,73,1,316.25,5.759690106594497,0.6931471805599453,2,2,2,6,0,Lost,0.5
15774,36,1,192.58,5.265690863720943,0.6931471805599453,3,2,1,6,2,Loyal,0.5
15775,11,1,45.6,3.8416005411316,0.6931471805599453,5,2,1,8,2,Loyal,0.5
15784,52,1,466.19,6.146736027175357,0.6931471805599453,2,2,3,7,2,Loyal,0.5
15785,5,4,1243.48,7.126473050967382,1.6094379124341003,5,5,5,15,3,Champions,0.5
15789,3,1,383.75,5.952593772718989,0.6931471805599453,5,2,3,10,2,Loyal,0.4
15791,21,1,307.33,5.731170637975067,0.6931471805599453,4,2,2,8,2,Loyal,0.5
15793,6,2,604.96,6.406813977290123,1.0986122886681096,5,4,4,13,1,Loyal,0.5
15794,116,2,777.0,6.656726524178391,1.0986122886681096,1,4,4,9,0,Lost,0.5
15795,24,4,736.23,6.602899919487474,1.6094379124341003,4,5,4,13,1,Loyal,0.5
15797,61,1,300.68,5.709366852950102,0.6931471805599453,2,2,2,6,2,Loyal,0.5
15798,25,2,1124.66,7.026124809283575,1.0986122886681096,4,4,5,13,1,Loyal,0.5
15803,55,1,603.8,6.404897824865323,0.6931471805599453,2,2,4,8,2,Loyal,0.5
15805,42,3,1597.02,7.376520641892456,1.3862943611198906,3,5,5,13,1,Loyal,0.5
15807,45,1,401.94,5.998787667487763,0.6931471805599453,3,2,3,8,2,Loyal,0.5
15808,9,7,6170.84,8.727752289621431,2.0794415416798357,5,5,5,15,3,Champions,0.5
15810,7,2,849.2,6.74547161592469,1.0986122886681096,5,4,4,13,1,Loyal,0.5
15812,24,3,732.23,6.59745943165877,1.3862943611198906,4,5,4,13,1,Loyal,0.5
15819,11,2,525.32,6.2659093927777425,1.0986122886681096,5,4,3,12,1,Loyal,0.5
15822,113,1,474.32,6.163988261421825,0.6931471805599453,1,2,3,6,0,Lost,0.5
15823,108,2,3867.17,8.260536805969341,1.0986122886681096,1,4,5,10,1,Loyal,0.5
15827,24,3,585.55,6.37425791595173,1.3862943611198906,4,5,4,13,1,Loyal,0.5
15833,117,1,80.4,4.399375273008495,0.6931471805599453,1,2,1,4,0,Lost,0.5
15838,20,2,1264.56,7.143269990951344,1.0986122886681096,4,4,5,13,1,Loyal,0.5
15841,99,2,603.75,6.404815149490137,1.0986122886681096,1,4,4,9,0,Lost,0.5
15845,62,1,216.04,5.380081668350677,0.6931471805599453,2,2,2,6,2,Loyal,0.5
15847,21,1,80.62,4.40207432997766,0.6931471805599453,4,2,1,7,2,Loyal,0.5
15848,1,1,137.99,4.934401988096667,0.6931471805599453,5,2,1,8,2,Loyal,0.5
15850,106,1,106.65,4.678885223810372,0.6931471805599453,1,2,1,4,0,Lost,0.5
15854,109,1,592.2,6.385531610263777,0.6931471805599453,1,2,4,7,0,Lost,0.5
15856,19,7,5482.05,8.609416794457855,2.0794415416798357,4,5,5,14,3,Champions,0.5
15858,11,4,959.57,6.867526858262093,1.6094379124341003,5,5,4,14,3,Champions,0.5
15860,7,3,404.6,6.005367452276974,1.3862943611198906,5,5,3,13,1,Loyal,0.5
15861,59,1,413.75,6.027675929070554,0.6931471805599453,2,2,3,7,2,Loyal,0.5
15862,102,3,561.37,6.332159996257176,1.3862943611198906,1,5,3,9,0,Lost,0.5
15863,66,2,157.75,5.067330637772801,1.0986122886681096,2,4,1,7,0,Lost,0.5
15865,83,1,706.55,6.561808298398381,0.6931471805599453,1,2,4,7,0,Lost,0.5
15867,2,7,2081.61,7.641377193774463,2.0794415416798357,5,5,5,15,3,Champions,0.5
15869,5,1,171.47,5.1502233083033095,0.6931471805599453,5,2,1,8,2,Loyal,0.5
15874,17,5,2102.16,7.65119625459655,1.791759469228055,4,5,5,14,3,Champions,0.5
15875,25,1,108.52,4.696107180980193,0.6931471805599453,4,2,1,7,2,Loyal,0.5
15878,113,1,212.13,5.361902308173147,0.6931471805599453,1,2,2,5,0,Lost,0.5
15879,101,1,121.04,4.804348859848469,0.6931471805599453,1,2,1,4,0,Lost,0.5
15882,55,2,347.94,5.854899987651756,1.0986122886681096,2,4,3,9,2,Loyal,0.5
15884,115,1,236.70000000000002,5.471009374366148,0.6931471805599453,1,2,2,5,0,Lost,0.5
15885,12,3,264.08,5.580031667220026,1.3862943611198906,4,5,2,11,1,Loyal,0.5
15889,102,2,355.05,5.875071170428134,1.0986122886681096,1,4,3,8,0,Lost,0.5
15892,48,1,128.2,4.861361591348501,0.6931471805599453,2,2,1,5,2,Loyal,0.5
15898,19,7,1655.0,7.412160334945205,2.0794415416798357,4,5,5,14,3,Champions,0.5
15903,74,1,39.8,3.708682081410116,0.6931471805599453,2,2,1,5,0,Lost,0.5
15910,25,2,285.07,5.656236536116929,1.0986122886681096,4,4,2,10,2,Loyal,0.5
15911,3,8,1700.24,7.43911267591754,2.1972245773362196,5,5,5,15,3,Champions,0.5
15912,68,4,517.54,6.251017170306356,1.6094379124341003,2,5,3,10,1,Loyal,0.5
15916,21,3,868.16,6.7675272279952345,1.3862943611198906,4,5,4,13,1,Loyal,0.5
15917,101,3,288.32,5.66753334198108,1.3862943611198906,1,5,2,8,0,Lost,0.5
15918,11,1,248.65,5.520059936946618,0.6931471805599453,5,2,2,9,2,Loyal,0.5
15920,5,3,164.49,5.108910770030852,1.3862943611198906,5,5,1,11,2,Loyal,0.5
15921,20,1,100.18,4.61690110886379,0.6931471805599453,4,2,1,7,2,Loyal,0.5
15924,111,1,102.82,4.642658630399083,0.6931471805599453,1,2,1,4,0,Lost,0.5
15927,27,1,106.54,4.6778628713815325,0.6931471805599453,3,2,1,6,2,Loyal,0.5
15928,35,1,293.53,5.685380865475649,0.6931471805599453,3,2,2,7,2,Loyal,0.5
15929,24,1,594.0,6.38856140554563,0.6931471805599453,4,2,4,10,2,Loyal,0.5
15941,17,1,405.0,6.0063531596017325,0.6931471805599453,4,2,3,9,2,Loyal,0.5
15943,29,2,271.28999999999996,5.606867674804115,1.0986122886681096,3,4,2,9,2,Loyal,0.42857142857142855
15944,106,1,588.4,6.379105070303594,0.6931471805599453,1,2,4,7,0,Lost,0.5
15945,72,2,351.32,5.864539853534315,1.0986122886681096,2,4,3,9,0,Lost,0.5
15946,13,1,1155.02,7.052738350120724,0.6931471805599453,4,2,5,11,1,Loyal,0.5
15950,25,2,1308.46,7.1773701174713,1.0986122886681096,4,4,5,13,1,Loyal,0.5
15953,29,3,630.21,6.447638612245205,1.3862943611198906,3,5,4,12,1,Loyal,0.5
15955,18,2,725.1800000000001,6.587797917978568,1.0986122886681096,4,4,4,12,1,Loyal,0.5
15956,106,1,326.4,5.791182664937034,0.6931471805599453,1,2,2,5,0,Lost,0.625
15959,61,3,542.89,6.298747020527224,1.3862943611198906,2,5,3,10,1,Loyal,0.5
15964,42,1,269.21000000000004,5.5991994344637614,0.6931471805599453,3,2,2,7,2,Loyal,0.5
15965,1,3,538.85,6.29129132319315,1.3862943611198906,5,5,3,13,1,Loyal,0.5
15967,34,3,369.09000000000003,5.913746219302673,1.3862943611198906,3,5,3,11,1,Loyal,0.5
15971,103,2,446.28,6.10318479671839,1.0986122886681096,1,4,3,8,0,Lost,0.5
15978,24,1,599.12,6.397129635218812,0.6931471805599453,4,2,4,10,2,Loyal,0.5
15983,106,3,1184.59,7.0779958199583435,1.3862943611198906,1,5,5,11,0,Lost,0.5
15984,6,8,2343.19,7.759695205432357,2.1972245773362196,5,5,5,15,3,Champions,0.5
15988,36,1,268.8,5.597680943773655,0.6931471805599453,3,2,2,7,2,Loyal,0.5
15989,116,1,140.16,4.949893998807069,0.6931471805599453,1,2,1,4,0,Lost,0.5
15990,12,2,458.58,6.13031302892679,1.0986122886681096,4,4,3,11,1,Loyal,0.5
15994,15,1,390.46000000000004,5.969883339074378,0.6931471805599453,4,2,3,9,2,Loyal,0.5
15998,6,6,2711.0099999999998,7.905445336369122,1.9459101490553132,5,5,5,15,3,Champions,0.5
15999,115,1,20.4,3.0633909220278057,0.6931471805599453,1,2,1,4,0,Lost,0.5
16002,5,1,169.21,5.137032968819882,0.6931471805599453,5,2,1,8,2,Loyal,0.5
16003,5,3,997.27,6.906023780803989,1.3862943611198906,5,5,4,14,1,Loyal,0.5
16004,12,2,762.74,6.638227417110398,1.0986122886681096,4,4,4,12,1,Loyal,0.5
16008,10,1,291.45,5.678293711889035,0.6931471805599453,5,2,2,9,2,Loyal,0.5
16011,17,4,660.23,6.494101736968405,1.6094379124341003,4,5,4,13,1,Loyal,0.5
16013,21,6,2694.33,7.899275924826425,1.9459101490553132,4,5,5,14,3,Champions,0.5
16014,57,1,246.92,5.513106113479493,0.6931471805599453,2,2,2,6,2,Loyal,0.5
16017,11,3,927.35,6.83340881685348,1.3862943611198906,5,5,4,14,1,Loyal,0.5
16018,112,1,195.78,5.282086353437619,0.6931471805599453,1,2,1,4,0,Lost,0.5
16019,26,6,3429.42,8.140437981643313,1.9459101490553132,3,5,5,13,3,Champions,0.5
16027,20,5,633.9,6.453467506176404,1.791759469228055,4,5,4,13,3,Champions,0.2857142857142857
16037,28,1,353.72,5.871328745868001,0.6931471805599453,3,2,3,8,2,Loyal,0.5
16039,7,1,143.48000000000002,4.973141089668675,0.6931471805599453,5,2,1,8,2,Loyal,0.5
16047,61,1,107.14,4.683426683953859,0.6931471805599453,2,2,1,5,2,Loyal,0.5
16051,61,1,188.44,5.244072351695641,0.6931471805599453,2,2,1,5,2,Loyal,0.5
16057,35,2,1265.43,7.143957197483943,1.0986122886681096,3,4,5,12,1,Loyal,0.5
16064,104,1,109.31,4.7032945839812905,0.6931471805599453,1,2,1,4,0,Lost,0.5
16067,54,1,1861.0800000000002,7.529449421468305,0.6931471805599453,2,2,5,9,1,Loyal,0.5
16071,6,2,566.16,6.340641450869357,1.0986122886681096,5,4,3,12,1,Loyal,0.5
16077,5,1,2300.4,7.741272912389358,0.6931471805599453,5,2,5,12,1,Loyal,0.5
16078,49,1,283.79,5.651752066561817,0.6931471805599453,2,2,2,6,2,Loyal,0.5
16081,54,1,99.78999999999999,4.613039144366787,0.6931471805599453,2,2,1,5,2,Loyal,0.5
16082,49,1,106.75,4.6798137289838575,0.6931471805599453,2,2,1,5,2,Loyal,0.5
16085,12,2,491.66,6.199819280948752,1.0986122886681096,4,4,3,11,1,Loyal,0.5
16086,117,1,284.55,5.654417145110872,0.6931471805599453,1,2,2,5,0,Lost,0.5
16087,56,2,671.8,6.511448108658739,1.0986122886681096,2,4,4,10,1,Loyal,0.5
16090,4,1,180.56,5.201586177588265,0.6931471805599453,5,2,1,8,2,Loyal,0.5
16096,24,1,576.9,6.359400843323733,0.6931471805599453,4,2,4,10,2,Loyal,0.5
16098,41,2,359.83,5.888406933290577,1.0986122886681096,3,4,3,10,1,Loyal,0.5
16099,26,1,136.5,4.923623917106626,0.6931471805599453,3,2,1,6,2,Loyal,0.5
16103,27,3,763.1,6.638698670653521,1.3862943611198906,3,5,4,12,1,Loyal,0.5
16104,1,5,1715.32,7.447937742849119,1.791759469228055,5,5,5,15,3,Champions,0.5
16108,11,1,327.19,5.793592708965712,0.6931471805599453,5,2,2,9,2,Loyal,0.5
16109,78,1,327.6,5.794841205603168,0.6931471805599453,1,2,2,5,0,Lost,0.5
16118,32,1,4376.25,8.384175952306427,0.6931471805599453,3,2,5,10,1,Loyal,0.5
16119,103,1,183.4,5.2171073111224935,0.6931471805599453,1,2,1,4,0,Lost,0.5
16124,112,1,463.0,6.139884552226255,0.6931471805599453,1,2,3,6,0,Lost,0.5
16125,11,6,1847.3,7.522021576688634,1.9459101490553132,5,5,5,15,3,Champions,0.5
16126,18,3,1295.44,7.16737732546588,1.3862943611198906,4,5,5,14,1,Loyal,0.5
16127,106,1,145.06,4.984017496191964,0.6931471805599453,1,2,1,4,0,Lost,0.5
16131,117,1,1317.97,7.1846064079552425,0.6931471805599453,1,2,5,8,0,Lost,0.5
16132,7,1,353.4,5.870426218730926,0.6931471805599453,5,2,3,10,2,Loyal,0.5
16136,43,1,237.42,5.474033824289855,0.6931471805599453,3,2,2,7,2,Loyal,0.5
16137,60,1,422.7,6.049025657632513,0.6931471805599453,2,2,3,7,2,Loyal,0.5
16139,102,2,475.74,6.166971268906583,1.0986122886681096,1,4,3,8,0,Lost,0.5
16143,39,2,743.87,6.613209706508954,1.0986122886681096,3,4,4,11,1,Loyal,0.5
16147,52,1,674.64,6.515660389812144,0.6931471805599453,2,2,4,8,2,Loyal,0.5
16150,13,2,692.98,6.542443141647741,1.0986122886681096,4,4,4,12,1,Loyal,0.5
16156,24,4,1073.77,6.979861964182079,1.6094379124341003,4,5,4,13,3,Champions,0.5
16158,3,5,371.47,5.920156497663592,1.791759469228055,5,5,3,13,1,Loyal,0.5
16159,27,2,657.01,6.489220128778224,1.0986122886681096,3,4,4,11,1,Loyal,0.5
16161,18,2,255.55,5.547323577387973,1.0986122886681096,4,4,2,10,2,Loyal,0.5
16163,111,2,838.28,6.73254438142323,1.0986122886681096,1,4,4,9,0,Lost,0.5
16166,71,1,239.84,5.484132812596247,0.6931471805599453,2,2,2,6,0,Lost,0.5
16167,118,1,485.79,6.1878328185852025,0.6931471805599453,1,2,3,6,0,Lost,0.5
16168,8,4,684.58,6.530265195329485,1.6094379124341003,5,5,4,14,1,Loyal,0.5
16170,3,2,729.08,6.593154117179092,1.0986122886681096,5,4,4,13,1,Loyal,0.5
16177,27,1,341.73,5.836942965171707,0.6931471805599453,3,2,3,8,2,Loyal,0.5
16182,20,1,495.0,6.206575926724928,0.6931471805599453,4,2,3,9,2,Loyal,0.5
16186,14,2,873.99,6.774212457720879,1.0986122886681096,4,4,4,12,1,Loyal,0.5
16190,105,1,196.92000000000002,5.287862908644178,0.6931471805599453,1,2,1,4,0,Lost,0.5
16191,108,1,348.6,5.85678964378138,0.6931471805599453,1,2,3,6,0,Lost,0.5
16192,115,1,351.3,5.864483085347192,0.6931471805599453,1,2,3,6,0,Lost,0.5
16195,103,1,323.25,5.781514823196553,0.6931471805599453,1,2,2,5,0,Lost,0.625
16197,103,1,117.30000000000001,4.773223770984341,0.6931471805599453,1,2,1,4,0,Lost,0.625
16199,10,1,66.0,4.204692619390966,0.6931471805599453,5,2,1,8,2,Loyal,0.5
16200,36,7,3089.74,8.036165823421154,2.0794415416798357,3,5,5,13,3,Champions,0.5
16202,28,4,1122.05,7.023803477344804,1.6094379124341003,3,5,5,13,3,Champions,0.5
16204,110,1,213.27,5.3672369020126345,0.6931471805599453,1,2,2,5,0,Lost,0.625
16206,63,1,340.17,5.8323808867812055,0.6931471805599453,2,2,3,7,2,Loyal,0.5714285714285714
16208,20,2,597.15,6.393841558616913,1.0986122886681096,4,4,4,12,1,Loyal,0.5
16210,3,9,4369.14,8.382550324189747,2.302585092994046,5,5,5,15,3,Champions,0.5
16212,49,1,261.0,5.568344503761097,0.6931471805599453,2,2,2,6,2,Loyal,0.5
16222,101,1,498.5,6.2136075980886085,0.6931471805599453,1,2,3,6,0,Lost,0.5
16225,7,4,750.37,6.621898206870374,1.6094379124341003,5,5,4,14,1,Loyal,0.3333333333333333
16233,66,2,578.5,6.362165662779806,1.0986122886681096,2,4,4,10,1,Loyal,0.5
16242,13,1,516.38,6.248777614192288,0.6931471805599453,4,2,3,9,2,Loyal,0.5
16246,49,1,166.9,5.123368564083496,0.6931471805599453,2,2,1,5,2,Loyal,0.5
16253,69,2,1025.3799999999999,6.93379332753091,1.0986122886681096,2,4,4,10,1,Loyal,0.5
16254,11,1,159.74,5.079788152784572,0.6931471805599453,5,2,1,8,2,Loyal,0.4
16255,15,2,613.62,6.421004190657322,1.0986122886681096,4,4,4,12,1,Loyal,0.42857142857142855
16258,19,1,754.95,6.62797523642621,0.6931471805599453,4,2,4,10,1,Loyal,0.5
16266,52,1,152.17,5.031548415676463,0.6931471805599453,2,2,1,5,2,Loyal,0.5
16271,22,1,666.4399999999999,6.503449498593819,0.6931471805599453,4,2,4,10,2,Loyal,0.5
16273,28,2,318.34000000000003,5.7662563659115555,1.0986122886681096,3,4,2,9,2,Loyal,0.5
16275,21,1,695.84,6.546555829171959,0.6931471805599453,4,2,4,10,2,Loyal,0.5
16277,113,1,188.69,5.245391160738632,0.6931471805599453,1,2,1,4,0,Lost,0.5
16280,104,1,238.05,5.476672735072112,0.6931471805599453,1,2,2,5,0,Lost,0.5
16281,62,1,781.52,6.662519481193112,0.6931471805599453,2,2,4,8,2,Loyal,0.5
16282,98,1,270.0,5.602118820879701,0.6931471805599453,1,2,2,5,0,Lost,0.5
16283,29,1,854.02,6.751124860476041,0.6931471805599453,3,2,4,9,1,Loyal,0.5
16285,25,1,176.9,5.18122159467179,0.6931471805599453,4,2,1,7,2,Loyal,0.5
16286,3,1,272.95,5.612945607984424,0.6931471805599453,5,2,2,9,2,Loyal,0.5
16287,21,2,364.32,5.900773681823479,1.0986122886681096,4,4,3,11,1,Loyal,0.5
16291,61,1,117.72,4.77676777941907,0.6931471805599453,2,2,1,5,2,Loyal,0.5
16293,108,1,325.64,5.78885864701132,0.6931471805599453,1,2,2,5,0,Lost,0.5
16296,6,4,1313.67,7.181340962548159,1.6094379124341003,5,5,5,15,3,Champions,0.5
16300,5,2,838.36,6.7326396966785085,1.0986122886681096,5,4,4,13,1,Loyal,0.5
16301,116,1,107.33,4.6851821239574765,0.6931471805599453,1,2,1,4,0,Lost,0.5
16303,11,1,618.36,6.428686686829338,0.6931471805599453,5,2,4,11,2,Loyal,0.5
16304,74,1,381.66,5.9471468664568565,0.6931471805599453,2,2,3,7,0,Lost,0.5
16308,103,1,960.0,6.8679744089702925,0.6931471805599453,1,2,4,7,0,Lost,0.5
16310,21,1,190.38,5.254260980351117,0.6931471805599453,4,2,1,7,2,Loyal,0.5
16320,61,1,823.15,6.714352552177365,0.6931471805599453,2,2,4,8,2,Loyal,0.5
16321,5,2,230.9,5.446306244261486,1.0986122886681096,5,4,2,11,2,Loyal,0.5
16325,80,3,519.64,6.255058824030673,1.3862943611198906,1,5,3,9,1,Loyal,0.5
16326,8,2,527.65,6.270326587178536,1.0986122886681096,5,4,3,12,1,Loyal,0.5
16327,6,4,3494.56,8.159248870731059,1.6094379124341003,5,5,5,15,3,Champions,0.5
16329,25,2,652.85,6.482877967352511,1.0986122886681096,4,4,4,12,1,Loyal,0.5
16330,42,1,51.43,3.9594789465844413,0.6931471805599453,3,2,1,6,2,Loyal,0.5
16331,12,2,1452.1,7.28145448432665,1.0986122886681096,4,4,5,13,1,Loyal,0.5
16335,10,5,2109.81,7.65482703906056,1.791759469228055,5,5,5,15,3,Champions,0.5
16336,11,2,1787.9,7.48935618479717,1.0986122886681096,5,4,5,14,1,Loyal,0.5
16344,48,1,209.1,5.347583607850955,0.6931471805599453,2,2,2,6,2,Loyal,0.5
16347,17,1,221.74,5.406005171964954,0.6931471805599453,4,2,2,8,2,Loyal,0.4
16351,21,5,907.94,6.812279085398288,1.791759469228055,4,5,4,13,3,Champions,0.5
16353,48,9,1301.5,7.172040773627522,2.302585092994046,2,5,5,12,3,Champions,0.5
16359,41,1,178.43,5.189785159724575,0.6931471805599453,3,2,1,6,2,Loyal,0.5
16365,11,2,545.92,6.304302539440881,1.0986122886681096,5,4,3,12,1,Loyal,0.5
16366,60,2,908.89,6.8133237130835465,1.0986122886681096,2,4,4,10,1,Loyal,0.5
16383,53,1,460.39,6.1342436723361695,0.6931471805599453,2,2,3,7,2,Loyal,0.5
16385,11,1,110.26,4.711869804647147,0.6931471805599453,5,2,1,8,2,Loyal,0.5
16387,18,1,140.19,4.950106501021434,0.6931471805599453,4,2,1,7,2,Loyal,0.5
16388,33,1,186.05,5.231375960794155,0.6931471805599453,3,2,1,6,2,Loyal,0.5
16390,58,1,193.8,5.271973391208435,0.6931471805599453,2,2,1,5,2,Loyal,0.5
16393,38,2,500.92,6.218440744442368,1.0986122886681096,3,4,3,10,1,Loyal,0.5
16395,109,2,244.66,5.503948466110948,1.0986122886681096,1,4,2,7,0,Lost,0.5
16397,7,1,123.13,4.821329403527856,0.6931471805599453,5,2,1,8,2,Loyal,0.5
16400,21,2,789.51,6.672678306790893,1.0986122886681096,4,4,4,12,1,Loyal,0.5
16406,33,1,203.95000000000002,5.322766046950346,0.6931471805599453,3,2,2,7,2,Loyal,0.5
16409,40,2,789.25,6.672349351095727,1.0986122886681096,3,4,4,11,1,Loyal,0.5
16410,114,1,130.32,4.877637092633392,0.6931471805599453,1,2,1,4,0,Lost,0.5
16412,53,1,68.25,4.237723145067448,0.6931471805599453,2,2,1,5,2,Loyal,0.5
16414,74,1,129.09,4.868226518613468,0.6931471805599453,2,2,1,5,0,Lost,0.5
16415,56,1,179.2,5.194067345174237,0.6931471805599453,2,2,1,5,2,Loyal,0.5
16416,34,1,637.4399999999999,6.4590277008143575,0.6931471805599453,3,2,4,9,2,Loyal,0.5
16419,48,1,214.18,5.371474887165763,0.6931471805599453,2,2,2,6,2,Loyal,0.5
16422,11,8,3994.98,8.293044134750915,2.1972245773362196,5,5,5,15,3,Champions,0.5
16430,61,1,104.95,4.662967284714308,0.6931471805599453,2,2,1,5,2,Loyal,0.5
16434,59,2,484.98,6.186167470790342,1.0986122886681096,2,4,3,9,1,Loyal,0.5
16436,48,3,319.14,5.768758400118552,1.3862943611198906,2,5,2,9,1,Loyal,0.5
16439,102,1,310.70000000000005,5.7420411867732915,0.6931471805599453,1,2,2,5,0,Lost,0.5
16441,6,1,225.74,5.423803986589452,0.6931471805599453,5,2,2,9,2,Loyal,0.5
16442,106,1,155.06,5.050240548688615,0.6931471805599453,1,2,1,4,0,Lost,0.5
16444,5,1,354.79,5.874340669159416,0.6931471805599453,5,2,3,10,2,Loyal,0.5
16447,40,1,176.87,5.1810529463873864,0.6931471805599453,3,2,1,6,2,Loyal,0.5
16450,35,1,408.29,6.014423951242892,0.6931471805599453,3,2,3,8,2,Loyal,0.5
16451,115,1,307.65000000000003,5.732207948839905,0.6931471805599453,1,2,2,5,0,Lost,0.5
16452,10,2,332.17,5.808652870224797,1.0986122886681096,5,4,2,11,1,Loyal,0.5
16459,109,1,71.78999999999999,4.287578583130166,0.6931471805599453,1,2,1,4,0,Lost,0.5
16461,26,1,755.0899999999999,6.628160416712975,0.6931471805599453,3,2,4,9,1,Loyal,0.5
16466,22,1,472.76,6.160700864353281,0.6931471805599453,4,2,3,9,2,Loyal,0.5
16467,13,4,2475.08,7.81443194346023,1.6094379124341003,4,5,5,14,3,Champions,0.5
16470,108,1,191.18,5.258432432849122,0.6931471805599453,1,2,1,4,0,Lost,0.5
16471,32,1,323.38,5.781915668059543,0.6931471805599453,3,2,2,7,2,Loyal,0.5
16481,62,1,453.38,6.118933852353786,0.6931471805599453,2,2,3,7,2,Loyal,0.5
16485,36,2,917.74,6.82300316611407,1.0986122886681096,3,4,4,11,1,Loyal,0.5
16487,38,1,102.2,4.636668853047462,0.6931471805599453,3,2,1,6,2,Loyal,0.5
16493,3,1,465.51,6.14527945628487,0.6931471805599453,5,2,3,10,2,Loyal,0.5
16497,11,3,1046.21,6.953884763824352,1.3862943611198906,5,5,4,14,1,Loyal,0.5
16508,10,1,240.95,5.488731093239328,0.6931471805599453,5,2,2,9,2,Loyal,0.5
16510,2,3,914.78,6.819776161155086,1.3862943611198906,5,5,4,14,1,Loyal,0.5
16511,28,1,300.15,5.70760847948973,0.6931471805599453,3,2,2,7,2,Loyal,0.5
16519,28,1,164.13,5.106733042474897,0.6931471805599453,3,2,1,6,2,Loyal,0.5
16520,26,1,278.48,5.63293073368425,0.6931471805599453,3,2,2,7,2,Loyal,0.5
16521,28,1,95.12,4.565597410868268,0.6931471805599453,3,2,1,6,2,Loyal,0.5
16523,26,2,735.13,6.60140673356634,1.0986122886681096,3,4,4,11,1,Loyal,0.5
16524,71,1,101.3,4.627909672957581,0.6931471805599453,2,2,1,5,0,Lost,0.5
16525,11,10,5749.75,8.657085560068127,2.3978952727983707,5,5,5,15,3,Champions,0.5
16530,47,1,48.349999999999994,3.8989377658794906,0.6931471805599453,2,2,1,5,2,Loyal,0.5
16534,21,1,635.9,6.45661265737732,0.6931471805599453,4,2,4,10,2,Loyal,0.5
16535,59,1,20.0,3.044522437723423,0.6931471805599453,2,2,1,5,2,Loyal,0.5
16537,21,1,23.35,3.192531849528599,0.6931471805599453,4,2,1,7,2,Loyal,0.5
16541,115,1,424.03,6.052159754668478,0.6931471805599453,1,2,3,6,0,Lost,0.5
16544,42,3,266.40000000000003,5.588745664667843,1.3862943611198906,3,5,2,10,1,Loyal,0.5
16550,4,6,2547.44,7.843236686242208,1.9459101490553132,5,5,5,15,3,Champions,0.5
16551,48,2,552.13,6.31559305526936,1.0986122886681096,2,4,3,9,1,Loyal,0.5
16553,4,6,2255.96,7.721774054019814,1.9459101490553132,5,5,5,15,3,Champions,0.5
16554,4,2,743.79,6.613102299449521,1.0986122886681096,5,4,4,13,1,Loyal,0.5
16556,26,4,1836.63,7.516231976883769,1.6094379124341003,3,5,5,13,3,Champions,0.5
16558,3,3,1005.64,6.914373331283713,1.3862943611198906,5,5,4,14,1,Loyal,0.5
16560,7,4,1524.46,7.330051282901773,1.6094379124341003,5,5,5,15,3,Champions,0.375
16563,39,2,851.42,6.748079363112041,1.0986122886681096,3,4,4,11,1,Loyal,0.5
16568,21,1,477.30000000000007,6.170238150686251,0.6931471805599453,4,2,3,9,2,Loyal,0.5
16569,10,4,1331.03,7.194459373369229,1.6094379124341003,5,5,5,15,3,Champions,0.5
16571,11,1,407.91,6.013495082928735,0.6931471805599453,5,2,3,10,2,Loyal,0.5
16574,38,1,590.91,6.383354596299699,0.6931471805599453,3,2,4,9,2,Loyal,0.5
16577,46,1,380.0,5.942799375126701,0.6931471805599453,2,2,3,7,2,Loyal,0.5
16578,6,1,156.6,5.060060177423779,0.6931471805599453,5,2,1,8,2,Loyal,0.5
16583,53,1,64.5,4.182050142641207,0.6931471805599453,2,2,1,5,2,Loyal,0.5
16584,41,1,931.72,6.838105048625036,0.6931471805599453,3,2,4,9,1,Loyal,0.5
16585,75,1,89.32,4.503358919841406,0.6931471805599453,1,2,1,4,0,Lost,0.5
16586,15,1,328.05,5.796209714902128,0.6931471805599453,4,2,2,8,2,Loyal,0.5
16592,64,2,609.28,6.413917868245002,1.0986122886681096,2,4,4,10,1,Loyal,0.5
16593,99,2,278.73,5.633824852232399,1.0986122886681096,1,4,2,7,0,Lost,0.5
16595,71,1,502.59,6.22176244494365,0.6931471805599453,2,2,3,7,0,Lost,0.5
16596,69,2,208.83,5.346297679066604,1.0986122886681096,2,4,2,8,0,Lost,0.5
16600,101,1,310.01,5.739825066003131,0.6931471805599453,1,2,2,5,0,Lost,0.5
16601,3,1,67.25,4.223177434065069,0.6931471805599453,5,2,1,8,2,Loyal,0.5
16605,103,1,60.48,4.118711918670395,0.6931471805599453,1,2,1,4,0,Lost,0.5
16608,43,1,685.3,6.5313148499145885,0.6931471805599453,3,2,4,9,2,Loyal,0.5
16611,18,1,287.04,5.663099359380666,0.6931471805599453,4,2,2,8,2,Loyal,0.5
16612,115,1,510.87,6.238070686549858,0.6931471805599453,1,2,3,6,0,Lost,0.5
16615,5,1,291.5,5.678464666671911,0.6931471805599453,5,2,2,9,2,Loyal,0.5
16619,35,1,995.21,6.903958078733752,0.6931471805599453,3,2,4,9,1,Loyal,0.5
16620,23,2,1009.81,6.91850726861904,1.0986122886681096,4,4,4,12,1,Loyal,0.5
16628,21,1,78.0,4.3694478524670215,0.6931471805599453,4,2,1,7,2,Loyal,0.5
16631,31,1,365.33000000000004,5.9035345665130405,0.6931471805599453,3,2,3,8,2,Loyal,0.5
16634,67,1,303.8,5.7196558238124915,0.6931471805599453,2,2,2,6,0,Lost,0.5
16636,10,2,2271.15,7.728481798788504,1.0986122886681096,5,4,5,14,1,Loyal,0.5
16641,81,1,323.40000000000003,5.781977322241258,0.6931471805599453,1,2,2,5,0,Lost,0.5
16645,115,1,160.39,5.083823796047731,0.6931471805599453,1,2,1,4,0,Lost,0.5
16652,12,1,1448.64,7.279070528726997,0.6931471805599453,4,2,5,11,1,Loyal,0.5
16655,56,1,309.09,5.736862577924391,0.6931471805599453,2,2,2,6,2,Loyal,0.5
16656,6,4,1454.52,7.283118504073752,1.6094379124341003,5,5,5,15,3,Champions,0.5
16660,74,1,141.6,4.960043507980195,0.6931471805599453,2,2,1,5,0,Lost,0.5
16661,101,1,282.3,5.646506406836471,0.6931471805599453,1,2,2,5,0,Lost,0.5
16663,109,1,165.0,5.111987788356544,0.6931471805599453,1,2,1,4,0,Lost,0.5
16668,10,1,138.54,4.9383512985110904,0.6931471805599453,5,2,1,8,2,Loyal,0.5
16670,3,3,1874.6100000000001,7.536689218828431,1.3862943611198906,5,5,5,15,1,Loyal,0.5
16673,59,1,171.13,5.148250005283415,0.6931471805599453,2,2,1,5,2,Loyal,0.5
16677,31,1,263.23,5.576819935982524,0.6931471805599453,3,2,2,7,2,Loyal,0.5
16681,21,1,151.5,5.0271645960474665,0.6931471805599453,4,2,1,7,2,Loyal,0.5
16686,14,3,572.87,6.352402889832672,1.3862943611198906,4,5,4,13,1,Loyal,0.5
16693,36,1,205.98,5.332622170240027,0.6931471805599453,3,2,2,7,2,Loyal,0.5
16694,102,1,98.30000000000001,4.598145571051127,0.6931471805599453,1,2,1,4,0,Lost,0.5
16699,4,2,278.7,5.633717600207914,1.0986122886681096,5,4,2,11,2,Loyal,0.5
16700,19,4,1295.28,7.167253902959629,1.6094379124341003,4,5,5,14,3,Champions,0.5
16701,20,4,1415.91,7.256233723206367,1.6094379124341003,4,5,5,14,3,Champions,0.5
16702,33,2,468.07,6.150752011040392,1.0986122886681096,3,4,3,10,1,Loyal,0.5
16704,52,1,542.31,6.297680059425269,0.6931471805599453,2,2,3,7,2,Loyal,0.5
16705,27,6,7678.241,8.946275993132897,1.9459101490553132,3,5,5,13,3,Champions,0.5
16707,19,1,168.29,5.131613220649158,0.6931471805599453,4,2,1,7,2,Loyal,0.5
16709,54,2,1900.95,7.550634954642026,1.0986122886681096,2,4,5,11,1,Loyal,0.5
16710,1,5,1467.04,7.291683456759645,1.791759469228055,5,5,5,15,3,Champions,0.5
16711,5,3,895.65,6.798665596394433,1.3862943611198906,5,5,4,14,1,Loyal,0.5
16713,39,7,3275.71,8.09459514920763,2.0794415416798357,3,5,5,13,3,Champions,0.5
16714,50,1,368.27,5.911528083790314,0.6931471805599453,2,2,3,7,2,Loyal,0.5
16716,10,1,1248.48,7.130482743744342,0.6931471805599453,5,2,5,12,1,Loyal,0.5
16717,28,2,733.89,6.599720828148736,1.0986122886681096,3,4,4,11,1,Loyal,0.5
16718,17,3,1918.38,7.559757496206347,1.3862943611198906,4,5,5,14,1,Loyal,0.5
16719,19,3,856.84,6.75441760191189,1.3862943611198906,4,5,4,13,1,Loyal,0.5
16720,101,1,160.07,5.081839053102588,0.6931471805599453,1,2,1,4,0,Lost,0.5
16722,10,3,971.23,6.879592401983441,1.3862943611198906,5,5,4,14,1,Loyal,0.5
16723,115,1,426.43,6.0577905322794585,0.6931471805599453,1,2,3,6,0,Lost,0.5
16725,105,1,204.73000000000002,5.326564629486139,0.6931471805599453,1,2,2,5,0,Lost,0.5
16727,1,2,808.69,6.6966514583626235,1.0986122886681096,5,4,4,13,1,Loyal,0.5
16731,28,1,170.3,5.143416405330075,0.6931471805599453,3,2,1,6,2,Loyal,0.5
16732,111,1,792.84,6.676881929605986,0.6931471805599453,1,2,4,7,0,Lost,0.5
16735,5,4,1632.34,7.398382277054932,1.6094379124341003,5,5,5,15,3,Champions,0.5
16736,103,3,1671.13,7.4218535418183516,1.3862943611198906,1,5,5,11,1,Loyal,0.5
16741,4,1,173.06,5.159400067361368,0.6931471805599453,5,2,1,8,2,Loyal,0.5
16742,11,6,1148.25,7.046864834686337,1.9459101490553132,5,5,5,15,3,Champions,0.25
16746,8,9,3539.8,8.172107969296786,2.302585092994046,5,5,5,15,3,Champions,0.5
16748,25,3,314.85,5.75526741734471,1.3862943611198906,4,5,2,11,1,Loyal,0.5
16749,104,1,2343.72,7.759921270766201,0.6931471805599453,1,2,5,8,0,Lost,0.5
16754,14,2,2756.88,7.922217547616966,1.0986122886681096,4,4,5,13,1,Loyal,0.5
16755,54,2,426.99,6.059099830822862,1.0986122886681096,2,4,3,9,1,Loyal,0.5
16756,19,1,273.54,5.615096969823513,0.6931471805599453,4,2,2,8,2,Loyal,0.5
16763,117,1,352.85,5.868873094521794,0.6931471805599453,1,2,3,6,0,Lost,0.5
16768,1,3,677.13,6.519339009973532,1.3862943611198906,5,5,4,14,1,Loyal,0.5
16769,105,2,394.46000000000004,5.980049644292683,1.0986122886681096,1,4,3,8,0,Lost,0.5
16771,25,3,1492.74,7.309038321096743,1.3862943611198906,4,5,5,14,1,Loyal,0.5
16772,80,2,2001.1,7.601951908677654,1.0986122886681096,1,4,5,10,1,Loyal,0.5
16773,113,1,137.75,4.932673752626544,0.6931471805599453,1,2,1,4,0,Lost,0.5
16774,40,1,354.7,5.874087678954409,0.6931471805599453,3,2,3,8,2,Loyal,0.5
16777,12,1,198.03,5.293455567131129,0.6931471805599453,4,2,2,8,2,Loyal,0.5
16781,49,1,311.75,5.745404149347021,0.6931471805599453,2,2,2,6,2,Loyal,0.5
16782,8,3,613.92,6.4214921780443985,1.3862943611198906,5,5,4,14,1,Loyal,0.5
16784,1,1,210.47,5.354083144453894,0.6931471805599453,5,3,2,10,2,Loyal,0.5
16787,1,2,687.26,6.534166673521232,1.0986122886681096,5,4,4,13,1,Loyal,0.5
16788,50,1,412.36,6.024318883978929,0.6931471805599453,2,3,3,8,2,Loyal,0.5
16791,20,3,711.1,6.568218350988079,1.3862943611198906,4,5,4,13,1,Loyal,0.5
16792,84,1,211.29,5.3579532644439105,0.6931471805599453,1,3,2,6,0,Lost,0.5
16794,3,1,231.03,5.446866673651275,0.6931471805599453,5,3,2,10,2,Loyal,0.5
16795,63,1,607.82,6.411522657519047,0.6931471805599453,2,3,4,9,2,Loyal,0.5
16797,35,2,524.18,6.263741060972402,1.0986122886681096,3,4,3,10,1,Loyal,0.5
16798,22,2,579.91,6.364595839517213,1.0986122886681096,4,4,4,12,1,Loyal,0.5
16802,59,2,582.61,6.369232951525817,1.0986122886681096,2,4,4,10,1,Loyal,0.5
16805,104,2,286.05,5.659656416613646,1.0986122886681096,1,4,2,7,0,Lost,0.5
16807,3,1,274.05,5.6169528993214675,0.6931471805599453,5,3,2,10,2,Loyal,0.5
16822,66,1,181.39,5.206147251575906,0.6931471805599453,2,3,1,6,2,Loyal,0.5
16823,6,2,455.38,6.123325795818278,1.0986122886681096,5,4,3,12,1,Loyal,0.5
16830,55,2,480.39,6.176677752387058,1.0986122886681096,2,4,3,9,1,Loyal,0.5
16833,2,1,312.88,5.749010747259272,0.6931471805599453,5,3,2,10,2,Loyal,0.5
16834,54,1,485.5,6.1872369016260595,0.6931471805599453,2,3,3,8,2,Loyal,0.5
16838,42,1,341.23,5.835483025645868,0.6931471805599453,3,3,3,9,2,Loyal,0.5
16839,46,1,324.82,5.786345081638023,0.6931471805599453,2,3,2,7,2,Loyal,0.5
16840,54,1,107.75,4.689051669968793,0.6931471805599453,2,3,1,6,2,Loyal,0.5
16841,47,2,585.21,6.373678087155512,1.0986122886681096,2,4,4,10,1,Loyal,0.5
16843,29,4,3002.0099999999998,8.007370397981116,1.6094379124341003,3,5,5,13,3,Champions,0.5
16846,19,1,355.86,5.8773435480032825,0.6931471805599453,4,3,3,10,2,Loyal,0.5
16854,20,1,1290.81,7.163799614704809,0.6931471805599453,4,3,5,12,1,Loyal,0.5
16858,7,5,1546.96,7.344693214022538,1.791759469228055,5,5,5,15,3,Champions,0.5
16859,25,1,257.77,5.555939636278489,0.6931471805599453,4,3,2,9,2,Loyal,0.5
16860,42,1,517.12,6.250206875662055,0.6931471805599453,3,3,3,9,2,Loyal,0.5
16862,81,1,165.60000000000002,5.115595729732743,0.6931471805599453,1,3,1,5,0,Lost,0.5
16867,69,1,76.74000000000001,4.353369925424078,0.6931471805599453,2,3,1,6,0,Lost,0.5
16873,48,1,1460.7,7.287355420895247,0.6931471805599453,2,3,5,10,1,Loyal,0.5
16875,12,2,1182.5,7.0762314289540384,1.0986122886681096,4,4,5,13,1,Loyal,0.5
16883,115,1,108.95,4.70002571700077,0.6931471805599453,1,3,1,5,0,Lost,0.5
16887,118,1,219.82,5.397347890010991,0.6931471805599453,1,3,2,6,0,Lost,0.5
16888,55,2,317.31,5.76302575069684,1.0986122886681096,2,4,2,8,2,Loyal,0.5
16891,12,4,704.03,6.5582403550983965,1.6094379124341003,4,5,4,13,1,Loyal,0.5
16892,111,1,97.55,4.590564033598729,0.6931471805599453,1,3,1,5,0,Lost,0.5
16895,7,2,337.29,5.823903515787252,1.0986122886681096,5,4,3,12,1,Loyal,0.5
16901,108,1,204.26,5.324277468217568,0.6931471805599453,1,3,2,6,0,Lost,0.5
16905,10,4,618.3,6.428589807944015,1.6094379124341003,5,5,4,14,1,Loyal,0.5
16908,102,1,252.59,5.535718789608946,0.6931471805599453,1,3,2,6,0,Lost,0.5
16911,15,2,255.25,5.546153530452618,1.0986122886681096,4,4,2,10,2,Loyal,0.3333333333333333
16912,36,2,725.84,6.588706370780856,1.0986122886681096,3,4,4,11,1,Loyal,0.5
16913,31,2,310.46999999999997,5.741303025403381,1.0986122886681096,3,4,2,9,2,Loyal,0.5
16917,11,1,1460.3600000000001,7.287122787968428,0.6931471805599453,5,3,5,13,1,Loyal,0.5
16918,17,4,889.69,6.791996443250066,1.6094379124341003,4,5,4,13,1,Loyal,0.5
16923,3,3,1175.66,7.070435195520803,1.3862943611198906,5,5,5,15,1,Loyal,0.5
16928,40,2,127.2,4.853591544486569,1.0986122886681096,3,4,1,8,2,Loyal,0.5
16933,18,3,1524.31,7.329952947071724,1.3862943611198906,4,5,5,14,1,Loyal,0.5
16934,1,1,382.2,5.948557046096705,0.6931471805599453,5,3,3,11,2,Loyal,0.5
16938,40,1,859.32,6.757304413061368,0.6931471805599453,3,3,4,10,1,Loyal,0.5
16939,1,2,311.94,5.746011478873911,1.0986122886681096,5,4,2,11,1,Loyal,0.5
16940,41,2,1210.1299999999999,7.09930908708967,1.0986122886681096,3,4,5,12,1,Loyal,0.5
16943,4,1,241.38,5.490506742540341,0.6931471805599453,5,3,2,10,2,Loyal,0.5
16945,12,5,1504.06,7.316588043497939,1.791759469228055,4,5,5,14,3,Champions,0.5
16946,19,2,677.0400000000001,6.519206283250286,1.0986122886681096,4,4,4,12,1,Loyal,0.4
16947,26,1,508.33,6.233096136534323,0.6931471805599453,3,3,3,9,2,Loyal,0.5
16948,36,1,110.9,4.717605615317879,0.6931471805599453,3,3,1,7,2,Loyal,0.5
16950,29,2,640.57,6.463918297354373,1.0986122886681096,3,4,4,11,1,Loyal,0.5
16952,108,1,249.09,5.521820853077794,0.6931471805599453,1,3,2,6,0,Lost,0.5
16954,27,3,1690.96,7.433642899224785,1.3862943611198906,3,5,5,13,1,Loyal,0.5
16955,57,1,310.39,5.7410461458463695,0.6931471805599453,2,3,2,7,2,Loyal,0.5
16960,27,1,443.98,6.098029337336012,0.6931471805599453,3,3,3,9,2,Loyal,0.5
16964,113,2,207.85,5.341616290943184,1.0986122886681096,1,4,2,7,0,Lost,0.5
16970,6,1,71.4,4.282206299391671,0.6931471805599453,5,3,1,9,2,Loyal,0.4
16977,11,1,140.20000000000002,4.950177325059141,0.6931471805599453,5,3,1,9,2,Loyal,0.5
16978,45,2,424.55,6.05338244992297,1.0986122886681096,3,4,3,10,1,Loyal,0.5
16984,4,2,2081.5,7.641324374040998,1.0986122886681096,5,4,5,14,1,Loyal,0.5
16985,35,4,2252.35,7.72017327679125,1.6094379124341003,3,5,5,13,3,Champions,0.5
16986,52,6,2591.85,7.860512935812952,1.9459101490553132,2,5,5,12,3,Champions,0.5
16987,102,2,290.91,5.676445535580906,1.0986122886681096,1,4,2,7,0,Lost,0.5
16992,46,1,114.88,4.7525551729011495,0.6931471805599453,2,3,1,6,2,Loyal,0.5
17001,4,1,577.24,6.359989007403864,0.6931471805599453,5,3,4,12,2,Loyal,0.5
17002,20,2,216.36,5.3815549651180925,1.0986122886681096,4,4,2,10,2,Loyal,0.5
17006,24,1,179.76,5.197170184543079,0.6931471805599453,4,3,1,8,2,Loyal,0.5
17011,27,2,400.8,5.995954452380834,1.0986122886681096,3,4,3,10,1,Loyal,0.5
17012,104,1,360.61,5.890566283002889,0.6931471805599453,1,3,3,7,0,Lost,0.5
17017,116,1,277.5,5.629418059367339,0.6931471805599453,1,3,2,6,0,Lost,0.5
17018,80,2,708.6,6.5647014309953695,1.0986122886681096,1,4,4,9,0,Lost,0.5
17019,5,2,571.97,6.350833359323173,1.0986122886681096,5,4,4,13,1,Loyal,0.5
17020,26,1,316.86,5.7616110342686735,0.6931471805599453,3,3,2,8,2,Loyal,0.4
17023,77,1,142.35,4.9652891923293785,0.6931471805599453,1,3,1,5,0,Lost,0.5714285714285714
17025,21,1,848.7,6.7448833460094955,0.6931471805599453,4,3,4,11,1,Loyal,0.5
17027,33,2,244.25,5.502278098445473,1.0986122886681096,3,4,2,9,2,Loyal,0.5
17028,33,2,570.09,6.347546815449225,1.0986122886681096,3,4,3,10,1,Loyal,0.5
17029,19,2,601.0,6.400257445308821,1.0986122886681096,4,4,4,12,1,Loyal,0.5
17032,31,4,2258.17,7.722752768173929,1.6094379124341003,3,5,5,13,3,Champions,0.5
17035,116,1,54.599999999999994,4.018183201256536,0.6931471805599453,1,3,1,5,0,Lost,0.5
17043,109,1,377.06,5.9350529131820196,0.6931471805599453,1,3,3,7,0,Lost,0.5
17044,19,2,1655.8600000000001,7.412679523814833,1.0986122886681096,4,4,5,13,1,Loyal,0.5
17047,111,1,322.65,5.779662684991519,0.6931471805599453,1,3,2,6,0,Lost,0.5
17048,70,1,213.53,5.3684495887284145,0.6931471805599453,2,3,2,7,0,Lost,0.5
17049,25,1,620.54,6.4322002692980655,0.6931471805599453,4,3,4,11,2,Loyal,0.5
17050,29,2,510.46999999999997,6.237288932645249,1.0986122886681096,3,4,3,10,1,Loyal,0.5
17051,8,1,167.65,5.12782556150766,0.6931471805599453,5,3,1,9,2,Loyal,0.5
17056,118,1,128.60000000000002,4.864452783918175,0.6931471805599453,1,3,1,5,0,Lost,0.5
17059,19,2,936.03,6.84271529880166,1.0986122886681096,4,4,4,12,1,Loyal,0.5
17063,21,2,574.86,6.355864575597547,1.0986122886681096,4,4,4,12,1,Loyal,0.5
17065,17,2,194.7,5.27658287440203,1.0986122886681096,4,4,1,9,2,Loyal,0.5
17066,106,1,228.34,5.4352056186101585,0.6931471805599453,1,3,2,6,0,Lost,0.5
17067,104,3,454.54,6.121483528431717,1.3862943611198906,1,5,3,9,0,Lost,0.625
17068,1,1,253.45,5.539104353034841,0.6931471805599453,5,3,2,10,2,Loyal,0.5
17069,116,1,500.55,6.217703303329494,0.6931471805599453,1,3,3,7,0,Lost,0.5
17071,64,1,308.01,5.73337363883364,0.6931471805599453,2,3,2,7,2,Loyal,0.5714285714285714
17072,4,1,273.35,5.614404663504985,0.6931471805599453,5,3,2,10,2,Loyal,0.5
17075,11,4,758.08,6.632107173685778,1.6094379124341003,5,5,4,14,1,Loyal,0.5
17076,18,2,191.75,5.261394012443439,1.0986122886681096,4,4,1,9,2,Loyal,0.5
17081,35,1,112.88,4.735145262409837,0.6931471805599453,3,3,1,7,2,Loyal,0.5
17082,5,3,1785.38,7.487946504762425,1.3862943611198906,5,5,5,15,1,Loyal,0.5
17083,48,1,548.9,6.309736443513769,0.6931471805599453,2,3,3,8,2,Loyal,0.5
17085,14,7,1515.48,7.324147138779224,2.0794415416798357,4,5,5,14,3,Champions,0.5
17087,117,1,221.53,5.405061923978025,0.6931471805599453,1,3,2,6,0,Lost,0.5
17091,42,2,624.88,6.439158659433857,1.0986122886681096,3,4,4,11,1,Loyal,0.5
17092,54,1,287.26,5.663862850654957,0.6931471805599453,2,3,2,7,2,Loyal,0.5
17095,11,2,629.9300000000001,6.447194921363697,1.0986122886681096,5,4,4,13,1,Loyal,0.5
17103,102,1,424.3,6.052794802259588,0.6931471805599453,1,3,3,7,0,Lost,0.5
17107,56,1,1610.19,7.384728315390916,0.6931471805599453,2,3,5,10,1,Loyal,0.5
17108,43,1,174.95,5.1701998637675946,0.6931471805599453,3,3,1,7,2,Loyal,0.5
17113,5,3,961.83,6.869876864542717,1.3862943611198906,5,5,4,14,1,Loyal,0.5
17115,59,2,1280.96,7.156145435745796,1.0986122886681096,2,4,5,11,1,Loyal,0.5
17116,27,1,389.78,5.968144741786365,0.6931471805599453,3,3,3,9,2,Loyal,0.5
17127,114,1,137.95,4.934114156188513,0.6931471805599453,1,3,1,5,0,Lost,0.5
17133,8,1,2613.62,7.868874050452133,0.6931471805599453,5,3,5,13,1,Loyal,0.5
17136,42,1,231.68,5.449664119042561,0.6931471805599453,3,3,2,8,2,Loyal,0.5
17137,57,2,398.37,5.989888305491614,1.0986122886681096,2,4,3,9,1,Loyal,0.5
17138,7,3,2966.68,7.995535781763041,1.3862943611198906,5,5,5,15,3,Champions,0.5
17139,38,3,2611.21,7.867951885326891,1.3862943611198906,3,5,5,13,1,Loyal,0.5
17141,64,2,400.59000000000003,5.995431667669093,1.0986122886681096,2,4,3,9,1,Loyal,0.5
17142,63,1,225.5,5.422744944923089,0.6931471805599453,2,3,2,7,2,Loyal,0.5
17145,38,1,897.0300000000001,6.800203475316562,0.6931471805599453,3,3,4,10,1,Loyal,0.5
17146,55,1,1023.6,6.932057571505102,0.6931471805599453,2,3,4,9,1,Loyal,0.5
17147,6,2,608.87,6.413245819701083,1.0986122886681096,5,4,4,13,1,Loyal,0.5
17150,29,3,517.6800000000001,6.251287122680684,1.3862943611198906,3,5,3,11,1,Loyal,0.5
17151,115,1,231.90000000000003,5.450609176890295,0.6931471805599453,1,3,2,6,0,Lost,0.5
17155,1,3,390.36,5.969627852498808,1.3862943611198906,5,5,3,13,1,Loyal,0.5
17157,20,8,2432.38,7.797036516366668,2.1972245773362196,4,5,5,14,3,Champions,0.5
17158,21,1,298.5,5.702114417555504,0.6931471805599453,4,3,2,9,2,Loyal,0.5
17159,25,1,261.3,5.569488886872828,0.6931471805599453,4,3,2,9,2,Loyal,0.5
17160,3,4,1992.69,7.597742472036432,1.6094379124341003,5,5,5,15,3,Champions,0.5
17163,55,1,141.24,4.957515771765594,0.6931471805599453,2,3,1,6,2,Loyal,0.5
17165,5,3,945.9300000000001,6.8532251728194,1.3862943611198906,5,5,4,14,1,Loyal,0.5
17171,41,1,159.68,5.079414809491081,0.6931471805599453,3,3,1,7,2,Loyal,0.5
17172,106,1,336.82,5.8225132092521985,0.6931471805599453,1,3,3,7,0,Lost,0.5
17176,56,1,286.34,5.660666183582573,0.6931471805599453,2,3,2,7,2,Loyal,0.5
17178,110,1,432.96,6.07295236395425,0.6931471805599453,1,3,3,7,0,Lost,0.5
17180,14,2,358.2,5.883879336428045,1.0986122886681096,4,4,3,11,1,Loyal,0.5
17182,97,1,178.5,5.190175207928333,0.6931471805599453,1,3,1,5,0,Lost,0.5
17184,110,1,50.55,3.942552210462969,0.6931471805599453,1,3,1,5,0,Lost,0.5
17188,26,3,981.19,6.889784772327496,1.3862943611198906,3,5,4,12,1,Loyal,0.5
17189,103,2,442.57,6.094855624695163,1.0986122886681096,1,4,3,8,0,Lost,0.5
17190,24,1,405.41999999999996,6.007387107651797,0.6931471805599453,4,3,3,10,2,Loyal,0.5
17191,2,3,894.47,6.79734872010208,1.3862943611198906,5,5,4,14,1,Loyal,0.5
17193,117,1,45.0,3.828641396489095,0.6931471805599453,1,3,1,5,0,Lost,0.5
17195,35,1,562.98,6.335018789876395,0.6931471805599453,3,3,3,9,2,Loyal,0.5
17200,32,2,165.06,5.112349168833885,1.0986122886681096,3,4,1,8,2,Loyal,0.5
17201,47,1,439.77,6.088523197446424,0.6931471805599453,2,3,3,8,2,Loyal,0.5
17207,31,1,292.62,5.6822864143113145,0.6931471805599453,3,3,2,8,2,Loyal,0.5
17209,28,3,595.7,6.391414474528037,1.3862943611198906,3,5,4,12,1,Loyal,0.5
17211,29,4,1263.0,7.142036574706803,1.6094379124341003,3,5,5,13,3,Champions,0.5
17213,20,4,1337.95,7.199641003694492,1.6094379124341003,4,5,5,14,3,Champions,0.5
17218,13,2,568.59,6.344916803763879,1.0986122886681096,4,4,3,11,1,Loyal,0.5
17220,19,4,634.9399999999999,6.455104219267218,1.6094379124341003,4,5,4,13,1,Loyal,0.5
17222,20,3,496.88,6.210359084132777,1.3862943611198906,4,5,3,12,1,Loyal,0.5
17226,45,1,420.97999999999996,6.044957919547982,0.6931471805599453,3,3,3,9,2,Loyal,0.5
17227,11,2,377.55,5.936348164549315,1.0986122886681096,5,4,3,12,1,Loyal,0.5
17228,17,1,128.06,4.860277412507694,0.6931471805599453,4,3,1,8,2,Loyal,0.5
17230,10,7,4392.18,8.387808617413617,2.0794415416798357,5,5,5,15,3,Champions,0.5
17231,13,6,1254.15,7.1350103663360605,1.9459101490553132,4,5,5,14,3,Champions,0.5
17233,104,1,179.36,5.1949548535528836,0.6931471805599453,1,3,1,5,0,Lost,0.5
17236,8,2,382.43,5.949157074811732,1.0986122886681096,5,4,3,12,1,Loyal,0.5
17238,13,4,910.96,6.815596129463346,1.6094379124341003,4,5,4,13,1,Loyal,0.5
17241,13,4,1292.59,7.165176577868144,1.6094379124341003,4,5,5,14,3,Champions,0.5
17242,64,1,441.26,6.0918979444292525,0.6931471805599453,2,3,3,8,2,Loyal,0.5
17243,1,18,6232.99,8.737771856219483,2.9444389791664403,5,5,5,15,3,Champions,0.5
17244,113,1,260.65,5.567007732818217,0.6931471805599453,1,3,2,6,0,Lost,0.5
17245,68,1,200.18,5.304200029706192,0.6931471805599453,2,3,2,7,0,Lost,0.5
17246,117,1,23.48,3.1978564576441255,0.6931471805599453,1,3,1,5,0,Lost,0.5
17251,104,1,306.40000000000003,5.728149831104496,0.6931471805599453,1,3,2,6,0,Lost,0.5
17258,44,1,283.85,5.6519627259264045,0.6931471805599453,3,3,2,8,2,Loyal,0.5
17259,35,1,308.62,5.7353457391123195,0.6931471805599453,3,3,2,8,2,Loyal,0.5
17262,104,1,169.5,5.1387352967235715,0.6931471805599453,1,3,1,5,0,Lost,0.5
17266,20,1,114.73,4.751259891859986,0.6931471805599453,4,3,1,8,2,Loyal,0.5
17268,13,2,268.5,5.596568390349052,1.0986122886681096,4,4,2,10,2,Loyal,0.5
17270,111,1,389.62,5.967735220408745,0.6931471805599453,1,3,3,7,0,Lost,0.5
17271,116,1,204.3,5.324472324024888,0.6931471805599453,1,3,2,6,0,Lost,0.5
17281,53,1,112.5,4.7318028369214575,0.6931471805599453,2,3,1,6,2,Loyal,0.5
17285,8,2,407.94,6.013568446014908,1.0986122886681096,5,4,3,12,1,Loyal,0.5
17287,25,7,947.07,6.854428339191456,2.0794415416798357,4,5,4,13,3,Champions,0.5
17289,17,2,349.79,5.860187753820337,1.0986122886681096,4,4,3,11,1,Loyal,0.5
17290,3,2,158.99,5.075111313280621,1.0986122886681096,5,4,1,10,2,Loyal,0.5
17293,52,3,569.99,6.347371696367802,1.3862943611198906,2,5,3,10,1,Loyal,0.5
17294,48,2,467.78999999999996,6.150154906977272,1.0986122886681096,2,4,3,9,1,Loyal,0.5
17296,110,1,338.13,5.826383514696429,0.6931471805599453,1,3,3,7,0,Lost,0.5
17298,21,1,122.02000000000001,4.812346943780223,0.6931471805599453,4,3,1,8,2,Loyal,0.5
17301,4,1,131.15,4.883937641050299,0.6931471805599453,5,3,1,9,2,Loyal,0.5
17305,28,1,2135.46,7.666905532699596,0.6931471805599453,3,3,5,11,1,Loyal,0.5
17307,11,3,457.92,6.128875902930942,1.3862943611198906,5,5,3,13,1,Loyal,0.5
17309,52,1,209.89000000000001,5.351336670523673,0.6931471805599453,2,3,2,7,2,Loyal,0.5
17311,54,1,509.46,6.235312279980484,0.6931471805599453,2,3,3,8,2,Loyal,0.5
17314,57,2,250.10000000000002,5.5258512661635395,1.0986122886681096,2,4,2,8,2,Loyal,0.5
17318,105,1,157.32999999999998,5.0646814625133425,0.6931471805599453,1,3,1,5,0,Lost,0.5
17319,48,1,29.1,3.40452517175483,0.6931471805599453,2,3,1,6,2,Loyal,0.5
17320,66,1,323.66,5.782778480882699,0.6931471805599453,2,3,2,7,2,Loyal,0.5
17322,116,1,114.55,4.74970333672039,0.6931471805599453,1,3,1,5,0,Lost,0.5
17323,31,2,247.25,5.514436302925282,1.0986122886681096,3,4,2,9,2,Loyal,0.5
17324,28,2,141.36,4.958359060641992,1.0986122886681096,3,4,1,8,2,Loyal,0.5
17325,21,1,101.89999999999999,4.633757642840004,0.6931471805599453,4,3,1,8,2,Loyal,0.5
17328,52,1,104.7,4.660604892876192,0.6931471805599453,2,3,1,6,2,Loyal,0.5
17329,110,3,475.42,6.166299818128073,1.3862943611198906,1,5,3,9,0,Lost,0.5
17330,27,1,49.95,3.9308447596687337,0.6931471805599453,3,3,1,7,2,Loyal,0.5
17332,15,2,385.71,5.957675058118561,1.0986122886681096,4,4,3,11,1,Loyal,0.5
17335,64,1,143.81,4.975422538340511,0.6931471805599453,2,3,1,6,2,Loyal,0.5
17338,18,1,267.21000000000004,5.591770255760243,0.6931471805599453,4,3,2,9,2,Loyal,0.5
17340,7,2,1848.94,7.522908485113995,1.0986122886681096,5,4,5,14,1,Loyal,0.5
17342,40,2,626.14,6.44116980119487,1.0986122886681096,3,4,4,11,1,Loyal,0.5
17343,70,2,461.13,6.135846236781711,1.0986122886681096,2,4,3,9,0,Lost,0.5
17344,108,1,299.74,5.706246104094174,0.6931471805599453,1,3,2,6,0,Lost,0.5
17345,117,1,329.90999999999997,5.801846435081389,0.6931471805599453,1,3,2,6,0,Lost,0.5
17348,19,1,417.46,6.036581305911105,0.6931471805599453,4,3,3,10,2,Loyal,0.5
17349,11,1,136.10000000000002,4.920710586568269,0.6931471805599453,5,3,1,9,2,Loyal,0.5
17350,55,1,342.25100000000003,5.8384619579723145,0.6931471805599453,2,3,3,8,2,Loyal,0.5
17351,40,4,647.13,6.474091293515269,1.6094379124341003,3,5,4,12,1,Loyal,0.5
17352,75,1,36.25,3.6176519448255684,0.6931471805599453,1,3,1,5,0,Lost,0.5714285714285714
17353,4,1,342.0,5.83773044716594,0.6931471805599453,5,3,3,11,2,Loyal,0.5
17356,11,2,422.22999999999996,6.04791576650043,1.0986122886681096,5,4,3,12,1,Loyal,0.5
17358,32,1,117.22,4.772547295396223,0.6931471805599453,3,3,1,7,2,Loyal,0.5
17359,28,1,156.6,5.060060177423779,0.6931471805599453,3,3,1,7,2,Loyal,0.5
17361,56,2,383.59000000000003,5.952177831776605,1.0986122886681096,2,4,3,9,1,Loyal,0.5
17362,28,3,399.0,5.991464547107982,1.3862943611198906,3,5,3,11,1,Loyal,0.5
17364,11,6,2340.67,7.758619629020368,1.9459101490553132,5,5,5,15,3,Champions,0.25
17365,22,2,616.95,6.426407548035744,1.0986122886681096,4,4,4,12,1,Loyal,0.5
17368,103,1,191.72,5.261238358306616,0.6931471805599453,1,3,1,5,0,Lost,0.5
17371,3,3,236.97,5.472144615306285,1.3862943611198906,5,5,2,12,1,Loyal,0.5
17372,1,9,1161.71,7.058508766308429,2.302585092994046,5,5,5,15,3,Champions,0.5
17373,29,1,163.7,5.104125637183595,0.6931471805599453,3,3,1,7,2,Loyal,0.5
17377,5,22,4528.25,8.41831164185612,3.1354942159291497,5,5,5,15,3,Champions,0.5
17388,109,1,228.96,5.43790538075509,0.6931471805599453,1,3,2,6,0,Lost,0.5
17389,6,2,1020.87,6.929389561107286,1.0986122886681096,5,4,4,13,1,Loyal,0.5
17400,37,2,1757.41,7.472165270621357,1.0986122886681096,3,4,5,12,1,Loyal,0.5
17402,5,3,210.7,5.35517017814082,1.3862943611198906,5,5,2,12,1,Loyal,0.5
17404,41,3,3055.87,8.025146795634955,1.3862943611198906,3,5,5,13,3,Champions,0.5
17406,53,2,693.12,6.542644856222303,1.0986122886681096,2,4,4,10,1,Loyal,0.5
17409,18,3,2472.46,7.8133732591199845,1.3862943611198906,4,5,5,14,3,Champions,0.5
17411,116,1,344.40000000000003,5.844703165712579,0.6931471805599453,1,3,3,7,0,Lost,0.5
17412,57,4,1277.59,7.153513187247763,1.6094379124341003,2,5,5,12,1,Loyal,0.5
17414,115,1,239.68,5.483468250352151,0.6931471805599453,1,3,2,6,0,Lost,0.5
17416,104,1,659.4,6.492845712045973,0.6931471805599453,1,3,4,8,0,Lost,0.5
17419,63,1,215.7,5.378513908542313,0.6931471805599453,2,3,2,7,2,Loyal,0.5
17421,114,1,130.8,4.881285622068407,0.6931471805599453,1,3,1,5,0,Lost,0.5
17426,40,1,521.96,6.259504979304475,0.6931471805599453,3,3,3,9,2,Loyal,0.5
17428,102,4,3204.62,8.07266079838408,1.6094379124341003,1,5,5,11,3,Champions,0.5
17432,6,2,274.45,5.618406123918725,1.0986122886681096,5,4,2,11,2,Loyal,0.5
17436,112,1,76.5,4.350277936359301,0.6931471805599453,1,3,1,5,0,Lost,0.5
17438,20,1,263.73,5.578710438662941,0.6931471805599453,4,3,2,9,2,Loyal,0.5
17439,35,1,325.74,5.789164747598362,0.6931471805599453,3,3,2,8,2,Loyal,0.5
17441,112,1,293.35,5.68476953547427,0.6931471805599453,1,3,2,6,0,Lost,0.5
17442,41,1,517.57,6.251075023378852,0.6931471805599453,3,3,3,9,2,Loyal,0.5
17448,8,14,4663.75,8.447789521277357,2.70805020110221,5,5,5,15,3,Champions,0.5
17449,21,2,627.33,6.443065506160142,1.0986122886681096,4,4,4,12,1,Loyal,0.5
17454,21,2,362.95,5.897016495564267,1.0986122886681096,4,4,3,11,1,Loyal,0.5
17457,80,2,1115.4,7.017864501662167,1.0986122886681096,1,4,5,10,1,Loyal,0.5
17460,32,2,501.1,6.21879930304066,1.0986122886681096,3,4,3,10,1,Loyal,0.5
17465,8,4,1409.76,7.251883845252268,1.6094379124341003,5,5,5,15,3,Champions,0.5
17469,38,3,1020.99,6.929506985979967,1.3862943611198906,3,5,4,12,1,Loyal,0.5
17472,8,1,224.81,5.41969393771455,0.6931471805599453,5,3,2,10,2,Loyal,0.5
17476,117,1,260.36,5.565898767292815,0.6931471805599453,1,3,2,6,0,Lost,0.5
17477,27,1,731.72,6.596763637094732,0.6931471805599453,3,3,4,10,1,Loyal,0.5
17478,13,1,706.2,6.5613135113234335,0.6931471805599453,4,3,4,11,1,Loyal,0.5
17479,12,1,389.26000000000005,5.9668131836668525,0.6931471805599453,4,3,3,10,2,Loyal,0.5
17484,3,1,133.85,4.904163049585739,0.6931471805599453,5,3,1,9,2,Loyal,0.5
17487,108,1,160.55,5.084814692270507,0.6931471805599453,1,3,1,5,0,Lost,0.5
17488,21,1,336.5,5.821565510312585,0.6931471805599453,4,3,3,10,2,Loyal,0.5
17496,6,2,743.14,6.612229189173965,1.0986122886681096,5,4,4,13,1,Loyal,0.5
17504,49,1,328.75,5.798334791597424,0.6931471805599453,2,3,2,7,2,Loyal,0.5
17508,24,3,1992.95,7.597872874981718,1.3862943611198906,4,5,5,14,1,Loyal,0.5
17512,5,4,1381.39,7.231569164227331,1.6094379124341003,5,5,5,15,3,Champions,0.5
17514,49,1,313.35,5.75050701482907,0.6931471805599453,2,3,2,7,2,Loyal,0.5
17518,1,1,153.55,5.040517668578126,0.6931471805599453,5,3,1,9,2,Loyal,0.5
17519,10,4,1230.73,7.116174964231158,1.6094379124341003,5,5,5,15,3,Champions,0.5
17526,8,4,1130.45,7.03125527496775,1.6094379124341003,5,5,5,15,3,Champions,0.5
17529,77,1,858.27,6.756083191571948,0.6931471805599453,1,3,4,8,0,Lost,0.5
17530,112,1,245.63,5.507889237832152,0.6931471805599453,1,3,2,6,0,Lost,0.5
17534,31,1,502.2,6.22098770538623,0.6931471805599453,3,3,3,9,2,Loyal,0.5
17536,62,1,34.78,3.5773890780805733,0.6931471805599453,2,3,1,6,2,Loyal,0.5
17539,7,3,1161.84,7.058620567817866,1.3862943611198906,5,5,5,15,1,Loyal,0.5
17542,21,2,170.1,5.1422481808981475,1.0986122886681096,4,4,1,9,2,Loyal,0.4
17547,45,1,404.55,6.005244170516354,0.6931471805599453,3,3,3,9,2,Loyal,0.5
17550,50,1,281.02,5.641977990409084,0.6931471805599453,2,3,2,7,2,Loyal,0.5
17552,7,1,415.92,6.032894356871122,0.6931471805599453,5,3,3,11,2,Loyal,0.5
17557,112,1,34.0,3.5553480614894135,0.6931471805599453,1,3,1,5,0,Lost,0.5
17560,40,1,223.2,5.4125385106380595,0.6931471805599453,3,3,2,8,2,Loyal,0.5
17561,113,1,189.7,5.250701512606374,0.6931471805599453,1,3,1,5,0,Lost,0.5
17568,12,1,374.45,5.928125306545893,0.6931471805599453,4,3,3,10,2,Loyal,0.5
17572,104,1,62.31,4.148043294556035,0.6931471805599453,1,3,1,5,0,Lost,0.5
17575,47,1,171.7,5.1515559851526325,0.6931471805599453,2,3,1,6,2,Loyal,0.5
17576,5,8,1769.52,7.479028567732155,2.1972245773362196,5,5,5,15,3,Champions,0.5
17577,25,2,348.75,5.857218613545591,1.0986122886681096,4,4,3,11,1,Loyal,0.5
17581,10,8,2049.0,7.6255950721324535,2.1972245773362196,5,5,5,15,3,Champions,0.5
17582,3,1,303.55,5.718835277282493,0.6931471805599453,5,3,2,10,2,Loyal,0.5
17584,63,1,462.05,6.137835039616278,0.6931471805599453,2,3,3,8,2,Loyal,0.5
17587,8,1,176.71,5.180153008197395,0.6931471805599453,5,3,1,9,2,Loyal,0.5
17588,17,1,402.5,6.000176487710004,0.6931471805599453,4,3,3,10,2,Loyal,0.5
17589,1,2,1414.28,7.255082670360358,1.0986122886681096,5,4,5,14,1,Loyal,0.5
17591,70,1,135.65,4.917422912374077,0.6931471805599453,2,3,1,6,0,Lost,0.5714285714285714
17592,118,1,148.3,5.005957704545144,0.6931471805599453,1,3,1,5,0,Lost,0.5
17593,28,4,2557.15,7.8470396199817145,1.6094379124341003,3,5,5,13,3,Champions,0.5
17596,12,2,698.28,6.550051234272233,1.0986122886681096,4,4,4,12,1,Loyal,0.5
17603,58,2,1067.01,6.973552382772185,1.0986122886681096,2,4,4,10,1,Loyal,0.5
17604,61,1,157.08,5.063101233999558,0.6931471805599453,2,3,1,6,2,Loyal,0.5
17606,117,1,87.30000000000001,4.480740107609915,0.6931471805599453,1,3,1,5,0,Lost,0.5
17610,34,4,1400.14,7.245041469966887,1.6094379124341003,3,5,5,13,3,Champions,0.5
17611,8,4,1593.02,7.37401440632289,1.6094379124341003,5,5,5,15,3,Champions,0.5
17612,10,3,812.82,6.701739211328518,1.3862943611198906,5,5,4,14,1,Loyal,0.5
17618,64,1,436.35,6.080733789865864,0.6931471805599453,2,3,3,8,2,Loyal,0.5
17623,105,1,197.05,5.288519524067926,0.6931471805599453,1,3,2,6,0,Lost,0.5
17624,99,1,316.83,5.761516648640389,0.6931471805599453,1,3,2,6,0,Lost,0.5
17625,57,2,1618.94,7.3901443905035045,1.0986122886681096,2,4,5,11,1,Loyal,0.5
17631,48,3,335.76,5.819370510469463,1.3862943611198906,2,5,2,9,1,Loyal,0.5
17638,27,2,842.4,6.73744134131246,1.0986122886681096,3,4,4,11,1,Loyal,0.5
17640,5,2,853.02,6.749954612718092,1.0986122886681096,5,4,4,13,1,Loyal,0.5
17642,113,1,281.02,5.641977990409084,0.6931471805599453,1,3,2,6,0,Lost,0.5
17644,1,2,687.65,6.53473315936334,1.0986122886681096,5,4,4,13,1,Loyal,0.5
17646,40,3,975.25,6.883718701153896,1.3862943611198906,3,5,4,12,1,Loyal,0.5
17647,49,2,198.6,5.296315363877364,1.0986122886681096,2,4,2,8,2,Loyal,0.5
17660,116,1,163.47,5.102728182753178,0.6931471805599453,1,3,1,5,0,Lost,0.5
17662,41,2,412.92,6.025672718437719,1.0986122886681096,3,4,3,10,1,Loyal,0.5
17663,20,2,1240.46,7.124043385339364,1.0986122886681096,4,4,5,13,1,Loyal,0.5
17667,34,1,454.7,6.121834698269836,0.6931471805599453,3,3,3,9,2,Loyal,0.5
17672,21,2,1449.16,7.2794291741546635,1.0986122886681096,4,4,5,13,1,Loyal,0.5
17673,10,1,583.9399999999999,6.371509277869235,0.6931471805599453,5,3,4,12,2,Loyal,0.5
17675,6,13,4777.25,8.471829649664707,2.639057329615259,5,5,5,15,3,Champions,0.5
17677,11,6,4998.6,8.517113188216067,1.9459101490553132,5,5,5,15,3,Champions,0.5
17679,13,4,1159.5,7.056606225714492,1.6094379124341003,4,5,5,14,3,Champions,0.5
17681,8,3,640.6,6.463965056552305,1.3862943611198906,5,5,4,14,1,Loyal,0.5
17682,21,1,373.5,5.925591802957274,0.6931471805599453,4,3,3,10,2,Loyal,0.5
17685,46,1,636.9,6.458181531247909,0.6931471805599453,2,3,4,9,2,Loyal,0.5
17690,12,2,765.37,6.641665081840398,1.0986122886681096,4,4,4,12,1,Loyal,0.5
17695,60,1,303.9,5.719983853994209,0.6931471805599453,2,3,2,7,2,Loyal,0.5
17696,7,4,1481.04,7.3011747960451,1.6094379124341003,5,5,5,15,3,Champions,0.375
17700,20,3,1619.57,7.390533218192934,1.3862943611198906,4,5,5,14,1,Loyal,0.5
17706,69,2,2278.07,7.731522743999958,1.0986122886681096,2,4,5,11,1,Loyal,0.5
17707,24,2,104.4,4.657762636107262,1.0986122886681096,4,4,1,9,2,Loyal,0.5
17716,5,4,2734.08,7.913915964885334,1.6094379124341003,5,5,5,15,3,Champions,0.5
17718,24,1,299.83,5.706545321145129,0.6931471805599453,4,3,2,9,2,Loyal,0.5
17721,38,1,307.21000000000004,5.730781368822976,0.6931471805599453,3,3,2,8,2,Loyal,0.5
17726,32,2,235.27,5.464975218875384,1.0986122886681096,3,4,2,9,2,Loyal,0.5
17731,1,2,468.88,6.152477342955685,1.0986122886681096,5,4,3,12,1,Loyal,0.5
17734,22,1,321.7,5.776723099057916,0.6931471805599453,4,3,2,9,2,Loyal,0.5
17738,10,1,453.17,6.118471577291897,0.6931471805599453,5,3,3,11,2,Loyal,0.5
17739,39,4,1780.42,7.485166078059478,1.6094379124341003,3,5,5,13,3,Champions,0.5
17740,21,2,110.70000000000002,4.715816706075155,1.0986122886681096,4,4,1,9,2,Loyal,0.5
17742,26,3,691.71,6.540611441188252,1.3862943611198906,3,5,4,12,1,Loyal,0.5
17753,82,1,30.45,3.4483989831464497,0.6931471805599453,1,3,1,5,0,Lost,0.5
17754,16,4,1571.68,7.360536449432287,1.6094379124341003,4,5,5,14,3,Champions,0.5
17757,18,3,357.13,5.880896048977126,1.3862943611198906,4,5,3,12,1,Loyal,0.5
17760,7,3,237.89,5.476003194937463,1.3862943611198906,5,5,2,12,1,Loyal,0.5
17763,33,3,71.15,4.27874728521988,1.3862943611198906,3,5,1,9,2,Loyal,0.5
17764,116,1,187.15,5.237239517039447,0.6931471805599453,1,3,1,5,0,Lost,0.5
17768,59,3,569.77,6.346986326407876,1.3862943611198906,2,5,3,10,1,Loyal,0.5
17769,22,2,365.3,5.903452669784769,1.0986122886681096,4,4,3,11,1,Loyal,0.5
17773,70,1,366.35,5.9063150720662865,0.6931471805599453,2,3,3,8,0,Lost,0.5
17774,13,2,799.14,6.684786712357213,1.0986122886681096,4,4,4,12,1,Loyal,0.5
17776,103,1,207.75,5.341137363730965,0.6931471805599453,1,3,2,6,0,Lost,0.5
17778,41,1,197.70000000000002,5.291796149557771,0.6931471805599453,3,3,2,8,2,Loyal,0.5
17780,47,3,346.56,5.8509373119710055,1.3862943611198906,2,5,3,10,1,Loyal,0.5
17789,41,1,171.25,5.148946909893768,0.6931471805599453,3,3,1,7,2,Loyal,0.5
17794,66,2,147.3,4.999237249143887,1.0986122886681096,2,4,1,7,0,Lost,0.5
17797,6,3,610.52,6.415947661051908,1.3862943611198906,5,5,4,14,1,Loyal,0.5
17799,10,3,1436.14,7.27041030652487,1.3862943611198906,5,5,5,15,1,Loyal,0.5
17801,71,1,382.44,5.949183154851376,0.6931471805599453,2,3,3,8,0,Lost,0.5
17802,106,2,522.95,6.261396259920951,1.0986122886681096,1,4,3,8,0,Lost,0.5
17804,118,1,124.95,4.835885002798619,0.6931471805599453,1,3,1,5,0,Lost,0.5
17807,84,1,189.68,5.250596630336625,0.6931471805599453,1,3,1,5,0,Lost,0.5
17809,14,4,2132.9300000000003,7.665720629074396,1.6094379124341003,4,5,5,14,3,Champions,0.5
17810,48,2,373.16,5.924683513417631,1.0986122886681096,2,4,3,9,1,Loyal,0.5
17816,38,2,59.55,4.1034694699991014,1.0986122886681096,3,4,1,8,2,Loyal,0.5
17818,117,1,124.78,4.834534349115358,0.6931471805599453,1,3,1,5,0,Lost,0.5
17819,29,3,1288.5,7.162009825321399,1.3862943611198906,3,5,5,13,1,Loyal,0.5
17825,105,3,437.46,6.083268587583019,1.3862943611198906,1,5,3,9,0,Lost,0.5
17827,1,1,388.84,5.965736398535251,0.6931471805599453,5,3,3,11,2,Loyal,0.4
17829,34,1,1310.3000000000002,7.178774290537379,0.6931471805599453,3,3,5,11,1,Loyal,0.5
17833,103,1,338.46000000000004,5.827356119733386,0.6931471805599453,1,3,3,7,0,Lost,0.5
17838,5,3,788.97,6.671994970056466,1.3862943611198906,5,5,4,14,1,Loyal,0.5
17841,4,31,8780.42,9.08039340475937,3.4657359027997265,5,5,5,15,3,Champions,0.5
17847,25,1,40.65,3.7293013686128518,0.6931471805599453,4,3,1,8,2,Loyal,0.5
17848,10,7,1307.66,7.176758991911816,2.0794415416798357,5,5,5,15,3,Champions,0.5
17849,14,2,191.08,5.257911951912998,1.0986122886681096,4,4,1,9,2,Loyal,0.5
17851,72,4,1334.46,7.197031080772375,1.6094379124341003,2,5,5,12,1,Loyal,0.5
17852,104,2,380.36,5.94374381089657,1.0986122886681096,1,4,3,8,0,Lost,0.5
17853,116,1,584.35,6.372209958925682,0.6931471805599453,1,3,4,8,0,Lost,0.5
17854,111,1,135.94,4.919542873692917,0.6931471805599453,1,3,1,5,0,Lost,0.5
17857,21,1,468.0,6.150602768446279,0.6931471805599453,4,3,3,10,2,Loyal,0.5
17858,29,5,2975.38,7.998463075973585,1.791759469228055,3,5,5,13,3,Champions,0.5
17860,107,2,246.94,5.513186781410001,1.0986122886681096,1,4,2,7,0,Lost,0.5
17861,25,4,1441.59,7.274195388117084,1.6094379124341003,4,5,5,14,3,Champions,0.5
17863,32,1,335.58,5.818835862284927,0.6931471805599453,3,3,2,8,2,Loyal,0.5
17865,28,8,4551.34,8.423396665459707,2.1972245773362196,3,5,5,13,3,Champions,0.5
17866,104,1,149.5,5.01396308418893,0.6931471805599453,1,3,1,5,0,Lost,0.5
17867,61,3,126.88,4.851092324191641,1.3862943611198906,2,5,1,8,2,Loyal,0.5
17871,73,1,230.48,5.444493476705638,0.6931471805599453,2,3,2,7,0,Lost,0.5
17873,4,5,1613.65,7.386873493903706,1.791759469228055,5,5,5,15,3,Champions,0.5
17875,67,1,167.1,5.12455904041457,0.6931471805599453,2,3,1,6,0,Lost,0.5714285714285714
17876,55,1,777.4,6.657240530871795,0.6931471805599453,2,3,4,9,2,Loyal,0.5
17880,19,2,366.0,5.905361848054571,1.0986122886681096,4,4,3,11,1,Loyal,0.5
17883,31,1,168.48,5.132734925758358,0.6931471805599453,3,3,1,7,2,Loyal,0.5
17884,56,6,849.55,6.745883199055592,1.9459101490553132,2,5,4,11,3,Champions,0.5
17888,40,4,378.49,5.938828246027372,1.6094379124341003,3,5,3,11,1,Loyal,0.5
17905,15,6,947.0799999999999,6.854438886880193,1.9459101490553132,4,5,4,13,3,Champions,0.5
17907,20,1,291.76,5.679353160733027,0.6931471805599453,4,3,2,9,2,Loyal,0.5
17908,105,1,398.96,5.9913645421076485,0.6931471805599453,1,3,3,7,0,Lost,0.5
17909,117,1,110.05,4.709980550340436,0.6931471805599453,1,3,1,5,0,Lost,0.5
17910,105,1,261.7,5.571012696691494,0.6931471805599453,1,3,2,6,0,Lost,0.5
17913,22,4,828.66,6.721015978311634,1.6094379124341003,4,5,4,13,1,Loyal,0.5
17916,8,2,43.87,3.803769419987892,1.0986122886681096,5,4,1,10,2,Loyal,0.5
17920,1,13,8642.55,9.06456865703981,2.639057329615259,5,5,5,15,3,Champions,0.5
17927,101,1,294.0,5.68697535633982,0.6931471805599453,1,3,2,6,0,Lost,0.5
17929,29,2,588.6,6.379444340875127,1.0986122886681096,3,4,4,11,1,Loyal,0.5
17930,10,2,570.8,6.348789279888211,1.0986122886681096,5,4,3,12,1,Loyal,0.5
17931,24,5,602.73,6.403127078124099,1.791759469228055,4,5,4,13,3,Champions,0.5
17933,12,1,114.69,4.750914200040797,0.6931471805599453,4,3,1,8,2,Loyal,0.5
17935,5,2,225.25,5.421640582580036,1.0986122886681096,5,4,2,11,2,Loyal,0.5
17941,38,2,822.72,6.713830666337147,1.0986122886681096,3,4,4,11,1,Loyal,0.5
17945,76,3,360.35,5.88984701772899,1.3862943611198906,1,5,3,9,0,Lost,0.5
17950,83,1,131.95,4.889973117689029,0.6931471805599453,1,3,1,5,0,Lost,0.5
17954,1,5,927.73,6.833818061479779,1.791759469228055,5,5,4,14,3,Champions,0.375
17955,35,2,392.6,5.975335165178098,1.0986122886681096,3,4,3,10,1,Loyal,0.5
17958,107,1,465.42,6.145086515763547,0.6931471805599453,1,3,3,7,0,Lost,0.5
17960,21,1,10.9,2.4765384001174837,0.6931471805599453,4,3,1,8,2,Loyal,0.5
17961,5,27,964.75,6.872905001546391,3.332204510175204,5,5,4,14,3,Champions,0.5
17962,74,1,366.23,5.9059883547555305,0.6931471805599453,2,3,3,8,0,Lost,0.5
17963,68,1,171.17,5.148482360788381,0.6931471805599453,2,3,1,6,0,Lost,0.5
17965,28,5,2146.91,7.672250555309608,1.791759469228055,3,5,5,13,3,Champions,0.5
17966,3,3,674.39,6.5152903018009924,1.3862943611198906,5,5,4,14,1,Loyal,0.5
17969,8,11,1250.81,7.132345782955258,2.4849066497880004,5,5,5,15,3,Champions,0.5
17978,77,2,288.05,5.666599683528485,1.0986122886681096,1,4,2,7,0,Lost,0.5
17982,60,1,138.18,4.935768059416704,0.6931471805599453,2,3,1,6,2,Loyal,0.5
17984,118,1,212.63,5.3642455466621435,0.6931471805599453,1,3,2,6,0,Lost,0.5
17988,102,3,190.32,5.253947418812096,1.3862943611198906,1,5,1,7,0,Lost,0.5
17990,111,1,332.70000000000005,5.810242385757329,0.6931471805599453,1,3,2,6,0,Lost,0.5
17998,117,2,319.19,5.768914569593983,1.0986122886681096,1,4,2,7,0,Lost,0.5
18001,116,1,176.6,5.17953383055807,0.6931471805599453,1,3,1,5,0,Lost,0.5
18002,111,1,44.32,3.8137484361598055,0.6931471805599453,1,3,1,5,0,Lost,0.5
18006,102,1,53.55,3.9991177122790798,0.6931471805599453,1,3,1,5,0,Lost,0.5
18008,13,4,1348.9499999999998,7.20782283370955,1.6094379124341003,4,5,5,14,3,Champions,0.5
18009,6,2,507.95,6.232349779898349,1.0986122886681096,5,4,3,12,1,Loyal,0.5
18012,103,1,115.3,4.7561730595246186,0.6931471805599453,1,3,1,5,0,Lost,0.5
18016,60,1,201.20000000000002,5.309257306586371,0.6931471805599453,2,3,2,7,2,Loyal,0.5
18029,21,1,433.77,6.0748171556265245,0.6931471805599453,4,3,3,10,2,Loyal,0.5
18036,70,2,247.15,5.51403340203345,1.0986122886681096,2,4,2,8,0,Lost,0.5
18037,5,7,70.15,4.264790324535862,2.0794415416798357,5,5,1,11,1,Loyal,0.5
18039,20,1,120.97,4.8037751128551465,0.6931471805599453,4,3,1,8,2,Loyal,0.5
18041,31,4,1414.69,7.255372323732077,1.6094379124341003,3,5,5,13,3,Champions,0.5
18046,29,1,189.63,5.250334376525886,0.6931471805599453,3,3,1,7,2,Loyal,0.5
18051,14,7,2282.28,7.733368284651133,2.0794415416798357,4,5,5,14,3,Champions,0.5
18057,70,1,297.32,5.698166735870565,0.6931471805599453,2,3,2,7,0,Lost,0.5
18058,47,1,301.2,5.711089049838639,0.6931471805599453,2,3,2,7,2,Loyal,0.5
18061,7,8,1757.31,7.472108399445928,2.1972245773362196,5,5,5,15,3,Champions,0.5
18063,13,1,102.0,4.634728988229636,0.6931471805599453,4,3,1,8,2,Loyal,0.5
18064,25,2,1103.16,7.006840143872291,1.0986122886681096,4,4,4,12,1,Loyal,0.5
18065,45,4,773.23,6.651868987069885,1.6094379124341003,3,5,4,12,1,Loyal,0.5
18069,28,2,379.59000000000003,5.941722680213143,1.0986122886681096,3,4,3,10,1,Loyal,0.5
18070,49,1,314.1,5.752890048763229,0.6931471805599453,2,3,2,7,2,Loyal,0.5
18071,101,2,407.55,6.012614305830716,1.0986122886681096,1,4,3,8,0,Lost,0.5
18077,9,5,903.5699999999999,6.807459692664494,1.791759469228055,5,5,4,14,3,Champions,0.5
18078,7,1,256.22,5.549931749837941,0.6931471805599453,5,3,2,10,2,Loyal,0.5
18085,8,1,258.75,5.5597196299793366,0.6931471805599453,5,3,2,10,2,Loyal,0.5
18087,26,7,1913.1,7.557002817252064,2.0794415416798357,3,5,5,13,3,Champions,0.5
18092,40,4,3245.0,8.085178748074537,1.6094379124341003,3,5,5,13,3,Champions,0.5
18094,81,1,854.72,6.751943219828212,0.6931471805599453,1,3,4,8,0,Lost,0.5
18097,102,1,171.26,5.149004963361028,0.6931471805599453,1,3,1,5,0,Lost,0.5
18101,54,1,112.5,4.7318028369214575,0.6931471805599453,2,3,1,6,2,Loyal,0.5
18106,29,3,599.13,6.397146298413981,1.3862943611198906,3,5,4,12,1,Loyal,0.5
18108,117,1,493.25,6.203041462050726,0.6931471805599453,1,3,3,7,0,Lost,0.5
18115,77,1,9.700000000000001,2.3702437414678608,0.6931471805599453,1,3,1,5,0,Lost,0.5
18131,11,1,222.95999999999998,5.411467464480692,0.6931471805599453,5,3,2,10,2,Loyal,0.5
18134,74,1,302.15,5.71422773251774,0.6931471805599453,2,3,2,7,0,Lost,0.5
18135,14,1,190.9,5.256974403013654,0.6931471805599453,4,3,1,8,2,Loyal,0.5
18144,102,1,597.5,6.394426524998027,0.6931471805599453,1,3,4,8,0,Lost,0.5
18145,83,2,673.74,6.514327431484476,1.0986122886681096,1,4,4,9,0,Lost,0.5
18148,26,1,112.85000000000001,4.734881792509749,0.6931471805599453,3,3,1,7,2,Loyal,0.5
18149,15,1,361.34000000000003,5.892582997547865,0.6931471805599453,4,3,3,10,2,Loyal,0.5
18151,25,1,564.2,6.337179650810373,0.6931471805599453,4,3,3,10,2,Loyal,0.5
18152,25,1,426.69,6.058398634085082,0.6931471805599453,4,3,3,10,2,Loyal,0.5
18153,38,1,246.22,5.510278628459677,0.6931471805599453,3,3,2,8,2,Loyal,0.5
18162,112,1,371.51,5.920263883096861,0.6931471805599453,1,3,3,7,0,Lost,0.5
18166,3,1,175.5,5.173320876373351,0.6931471805599453,5,3,1,9,2,Loyal,0.5
18168,52,3,769.63,6.647208362137625,1.3862943611198906,2,5,4,11,1,Loyal,0.5
18170,21,3,874.0500000000001,6.774281027582166,1.3862943611198906,4,5,4,13,1,Loyal,0.5
18171,11,2,607.75,6.411407674396799,1.0986122886681096,5,4,4,13,1,Loyal,0.5
18172,6,4,1926.01,7.563724857814497,1.6094379124341003,5,5,5,15,3,Champions,0.5
18175,55,1,176.1,5.176714544788788,0.6931471805599453,2,3,1,6,2,Loyal,0.5
18177,7,2,554.5,6.319868609079685,1.0986122886681096,5,4,3,12,1,Loyal,0.5
18178,16,2,1124.42,7.025911578300305,1.0986122886681096,4,4,5,13,1,Loyal,0.5
18179,42,1,304.38,5.721556902755365,0.6931471805599453,3,3,2,8,2,Loyal,0.5
18181,114,1,298.99,5.7037491407673,0.6931471805599453,1,3,2,6,0,Lost,0.5
18186,102,1,329.58,5.800848687489207,0.6931471805599453,1,3,2,6,0,Lost,0.5
18187,11,1,724.89,6.587398488193701,0.6931471805599453,5,3,4,12,1,Loyal,0.5
18188,3,1,299.75,5.7062793548547885,0.6931471805599453,5,3,2,10,2,Loyal,0.5
18189,5,1,313.49,5.750952279132591,0.6931471805599453,5,3,2,10,2,Loyal,0.5
18190,59,2,268.32000000000005,5.5959002636770805,1.0986122886681096,2,4,2,8,2,Loyal,0.5
18194,59,1,630.32,6.447812865530716,0.6931471805599453,2,3,4,9,2,Loyal,0.5
18196,12,1,292.93,5.683341643751415,0.6931471805599453,4,3,2,9,2,Loyal,0.5
18199,63,1,344.75,5.845715970544868,0.6931471805599453,2,3,3,8,2,Loyal,0.5
18201,102,1,447.53000000000003,6.105975568893946,0.6931471805599453,1,3,3,7,0,Lost,0.5
18203,111,1,109.08,4.701207374185033,0.6931471805599453,1,3,1,5,0,Lost,0.5
18212,57,1,298.3,5.701446414858653,0.6931471805599453,2,3,2,7,2,Loyal,0.5
18215,3,1,783.5500000000001,6.6651103050050775,0.6931471805599453,5,3,4,12,1,Loyal,0.5
18218,40,1,301.91999999999996,5.713468744245622,0.6931471805599453,3,3,2,8,2,Loyal,0.5
18219,3,3,447.94,6.106889248523399,1.3862943611198906,5,5,3,13,1,Loyal,0.5
18220,104,1,253.64000000000001,5.539850782973837,0.6931471805599453,1,3,2,6,0,Lost,0.5
18223,10,6,3854.34,8.257214479254854,1.9459101490553132,5,5,5,15,3,Champions,0.25
18225,10,3,1886.1599999999999,7.54282833244705,1.3862943611198906,5,5,5,15,1,Loyal,0.5
18226,24,1,421.45,6.046071096598854,0.6931471805599453,4,3,3,10,2,Loyal,0.5
18229,69,2,660.0,6.493753839851687,1.0986122886681096,2,4,4,10,1,Loyal,0.5
18231,1,8,1977.44,7.590063934361088,2.1972245773362196,5,5,5,15,3,Champions,0.5
18242,77,1,326.54,5.791610185021721,0.6931471805599453,1,3,2,6,0,Lost,0.5
18245,3,2,497.91,6.212425718763125,1.0986122886681096,5,4,3,12,1,Loyal,0.5
18247,10,1,186.0,5.231108616854587,0.6931471805599453,5,3,1,9,2,Loyal,0.5
18251,13,3,6110.49,8.717925884956468,1.3862943611198906,4,5,5,14,3,Champions,0.5
18252,3,4,836.92,6.730922630531177,1.6094379124341003,5,5,4,14,1,Loyal,0.5
18253,22,1,317.88,5.7648148564644845,0.6931471805599453,4,3,2,9,2,Loyal,0.5
18257,38,1,360.38,5.889930036283685,0.6931471805599453,3,3,3,9,2,Loyal,0.5
18259,59,2,662.7,6.497830240151879,1.0986122886681096,2,4,4,10,1,Loyal,0.5
18260,104,1,308.38,5.734570294808519,0.6931471805599453,1,3,2,6,0,Lost,0.5
18267,52,1,269.37,5.599791391268202,0.6931471805599453,2,3,2,7,2,Loyal,0.5
18268,32,4,1247.25,7.129497849380718,1.6094379124341003,3,5,5,13,3,Champions,0.375
18271,111,1,192.54999999999998,5.265535877023657,0.6931471805599453,1,3,1,5,0,Lost,0.5
18272,25,1,635.0,6.455198563340122,0.6931471805599453,4,3,4,11,2,Loyal,0.5
18275,110,1,372.64,5.923292767004648,0.6931471805599453,1,3,3,7,0,Lost,0.5
18276,108,1,218.05,5.3893000142599075,0.6931471805599453,1,3,2,6,0,Lost,0.5
18283,1,3,332.02,5.808202548236971,1.3862943611198906,5,5,2,12,1,Loyal,0.5
18285,40,1,427.0,6.059123195581797,0.6931471805599453,3,3,3,9,2,Loyal,0.5
18286,103,1,462.95,6.139776787799188,0.6931471805599453,1,3,3,7,0,Lost,0.5
