CustomerID,first_purchase,last_purchase,lifetime_days,churned,segment,recency,frequency,monetary,rfm_score
12346,2009-12-14 08:34:00,2010-03-02 13:08:00,79,0,Champions,27,10,230.55,10
12358,2009-12-08 07:59:00,2009-12-08 07:59:00,1,1,Lost,111,1,1429.83,7
12359,2009-12-05 13:32:00,2010-03-23 08:55:00,108,0,Champions,6,4,1522.23,15
12360,2010-02-22 09:32:00,2010-03-24 10:39:00,31,0,Loyal,5,2,158.0,9
12361,2010-01-26 14:37:00,2010-01-26 14:37:00,1,0,Loyal,62,1,109.19999999999999,4
12362,2009-12-01 10:10:00,2009-12-01 10:10:00,1,1,Lost,118,1,130.0,3
12366,2010-03-16 10:28:00,2010-03-16 10:28:00,1,0,Loyal,13,1,500.24,8
12368,2010-03-21 15:56:00,2010-03-21 15:56:00,1,0,Loyal,7,1,917.6999999999999,10
12369,2010-03-08 08:09:00,2010-03-08 08:09:00,1,0,Loyal,21,1,348.32,8
12370,2010-02-09 09:41:00,2010-03-25 12:10:00,45,0,Loyal,4,3,774.62,13
12371,2010-03-04 18:23:00,2010-03-04 18:25:00,1,0,Loyal,24,2,607.6800000000001,11
12373,2010-02-04 12:08:00,2010-03-25 13:49:00,50,0,Loyal,4,2,763.0500000000001,12
12380,2010-02-15 12:05:00,2010-03-03 12:53:00,17,0,Champions,26,3,3217.3,12
12389,2010-02-22 10:15:00,2010-02-22 10:15:00,1,0,Loyal,35,1,164.85,5
12391,2010-02-15 10:12:00,2010-02-22 10:13:00,8,0,Loyal,35,2,750.49,10
12396,2010-02-03 13:22:00,2010-02-03 13:22:00,1,0,Loyal,54,1,931.43,7
12399,2010-03-05 08:45:00,2010-03-05 08:45:00,1,0,Loyal,24,1,205.98,7
12402,2010-02-07 12:41:00,2010-02-07 12:41:00,1,0,Loyal,50,1,191.7,4
12404,2010-01-26 16:25:00,2010-01-26 16:25:00,1,0,Loyal,61,1,63.24,4
12406,2010-01-11 14:04:00,2010-01-11 14:04:00,1,0,Lost,77,1,881.2,6
12416,2010-02-21 10:19:00,2010-02-21 10:19:00,1,0,Loyal,36,1,202.56,6
12417,2009-12-06 10:30:00,2010-03-05 11:56:00,90,0,Champions,24,4,1200.69,14
12418,2010-03-19 14:47:00,2010-03-19 14:47:00,1,0,Loyal,10,1,343.94,9
12422,2009-12-18 12:44:00,2010-02-14 11:15:00,58,0,Loyal,43,2,737.25,10
12426,2010-02-15 08:41:00,2010-02-15 08:41:00,1,0,Loyal,42,1,762.48,8
12431,2010-01-15 09:04:00,2010-03-04 09:51:00,49,0,Loyal,25,3,1514.8600000000001,13
12435,2009-12-02 13:58:00,2010-03-12 14:50:00,101,0,Loyal,17,2,1736.88,12
12437,2009-12-02 16:24:00,2010-03-24 15:24:00,112,0,Champions,4,6,3799.32,15
12439,2009-12-14 08:40:00,2010-01-26 12:11:00,44,0,Loyal,62,2,1142.88,10
12440,2009-12-22 12:03:00,2009-12-22 12:03:00,1,1,Lost,97,1,568.51,5
12443,2009-12-07 15:42:00,2009-12-07 15:42:00,1,1,Lost,111,1,485.31,5
12455,2009-12-18 12:33:00,2010-03-23 10:30:00,95,0,Loyal,6,2,2414.34,13
12466,2010-01-26 16:26:00,2010-01-26 16:26:00,1,0,Loyal,61,1,56.73,4
12468,2010-01-26 10:09:00,2010-01-26 10:09:00,1,0,Loyal,62,1,441.23,6
12470,2010-01-19 11:01:00,2010-01-19 11:01:00,1,0,Lost,69,1,211.95,5
12471,2009-12-07 10:41:00,2010-03-26 09:41:00,109,0,Champions,3,19,6496.56,15
12472,2009-12-14 10:49:00,2010-03-22 13:44:00,99,0,Champions,7,5,3029.43,15
12474,2010-02-11 09:41:00,2010-02-11 09:41:00,1,0,Loyal,46,1,158.7,4
12477,2010-03-26 14:01:00,2010-03-26 14:01:00,1,0,Loyal,3,1,2021.23,11
12482,2010-02-24 10:24:00,2010-02-24 11:16:00,1,0,Champions,33,5,6437.76,13
12483,2010-01-31 13:28:00,2010-03-16 11:29:00,44,0,Loyal,13,4,842.5,13
12484,2010-01-27 16:41:00,2010-02-28 11:55:00,32,0,Loyal,29,3,705.15,11
12487,2009-12-09 11:36:00,2009-12-09 11:36:00,1,1,Lost,110,1,285.29999999999995,4
12490,2009-12-01 12:52:00,2010-03-09 09:46:00,98,0,Champions,20,6,2112.0099999999998,14
12495,2010-03-09 10:53:00,2010-03-09 10:53:00,1,0,Loyal,20,1,357.4,8
12497,2010-03-05 09:39:00,2010-03-05 09:39:00,1,0,Loyal,24,1,1211.76,10
12500,2010-02-04 15:05:00,2010-03-16 15:19:00,41,0,Champions,12,5,869.49,13
12510,2009-12-04 13:47:00,2010-03-25 16:19:00,112,0,Champions,3,6,3414.23,15
12514,2010-03-08 12:18:00,2010-03-08 12:18:00,1,0,Loyal,21,1,580.08,9
12523,2009-12-07 13:46:00,2010-03-12 09:57:00,95,0,Loyal,17,4,847.04,13
12524,2010-02-08 14:41:00,2010-03-24 11:49:00,44,0,Champions,5,3,2282.58,14
12525,2010-03-02 14:01:00,2010-03-02 14:01:00,1,0,Loyal,27,1,566.4300000000001,7
12530,2010-03-07 14:37:00,2010-03-07 14:37:00,1,0,Loyal,22,1,357.0,8
12531,2010-01-22 14:17:00,2010-01-22 14:17:00,1,0,Loyal,66,1,1807.98,8
12533,2009-12-01 11:50:00,2010-03-22 10:56:00,111,0,Loyal,7,2,1367.89,13
12539,2009-12-23 13:00:00,2009-12-23 13:41:00,1,1,Loyal,96,2,5149.06,9
12540,2009-12-07 16:56:00,2010-03-25 09:44:00,108,0,Champions,4,6,2496.62,15
12542,2010-03-09 16:26:00,2010-03-09 16:26:00,1,0,Loyal,19,1,364.79,8
12549,2010-01-11 12:29:00,2010-01-27 10:35:00,16,0,Loyal,61,4,1159.3700000000001,12
12555,2010-01-26 16:26:00,2010-01-26 16:26:00,1,0,Loyal,61,1,129.23,4
12557,2009-12-17 10:39:00,2009-12-17 10:39:00,1,1,Lost,102,1,1952.64,7
12567,2010-02-11 10:30:00,2010-02-11 10:30:00,1,0,Loyal,46,1,522.28,6
12568,2010-03-05 09:15:00,2010-03-05 09:15:00,1,0,Loyal,24,1,70.0,6
12570,2010-01-26 17:28:00,2010-01-26 17:28:00,1,0,Loyal,61,1,77.52,4
12577,2009-12-03 19:31:00,2009-12-03 19:31:00,1,1,Lost,115,1,210.55,4
12583,2009-12-06 11:57:00,2010-02-25 11:45:00,81,0,Loyal,32,2,1409.49,11
12586,2009-12-16 13:15:00,2009-12-16 13:15:00,1,1,Lost,103,1,422.35,5
12589,2010-01-19 12:26:00,2010-01-19 12:26:00,1,0,Lost,69,1,715.5,7
12594,2010-03-03 13:51:00,2010-03-03 13:51:00,1,0,Loyal,26,1,154.14,5
12598,2010-03-01 09:58:00,2010-03-03 16:03:00,3,0,Loyal,25,2,649.71,11
12600,2009-12-07 13:37:00,2010-02-18 11:19:00,73,0,Champions,39,5,1133.07,13
12606,2010-01-26 16:23:00,2010-01-26 16:23:00,1,0,Loyal,61,1,21.0,4
12609,2009-12-20 13:30:00,2009-12-20 13:30:00,1,1,Lost,99,1,330.6,4
12613,2009-12-14 13:10:00,2009-12-14 13:10:00,1,1,Lost,105,1,1333.1100000000001,7
12615,2010-03-18 14:09:00,2010-03-18 14:09:00,1,0,Loyal,11,1,1155.48,11
12621,2010-02-09 12:01:00,2010-03-18 12:08:00,38,0,Loyal,11,2,1322.52,13
12623,2010-01-12 11:45:00,2010-03-02 09:25:00,49,0,Loyal,27,2,1923.82,11
12631,2010-01-15 14:50:00,2010-01-15 14:50:00,1,0,Lost,73,1,738.1800000000001,7
12636,2009-12-01 09:55:00,2009-12-01 09:55:00,1,1,Lost,118,1,141.0,3
12638,2010-03-10 10:30:00,2010-03-10 10:30:00,1,0,Loyal,19,1,249.8,7
12639,2010-03-22 09:05:00,2010-03-22 09:05:00,1,0,Loyal,7,1,253.57999999999998,8
12644,2010-01-14 13:02:00,2010-02-07 14:27:00,25,0,Loyal,50,2,868.13,9
12645,2010-02-09 10:49:00,2010-03-03 10:19:00,22,0,Loyal,26,2,846.74,10
12647,2010-01-13 15:06:00,2010-03-18 16:16:00,65,0,Champions,10,8,3841.46,15
12648,2010-01-07 18:38:00,2010-03-09 09:55:00,61,0,Loyal,20,2,311.8,9
12649,2010-01-12 17:24:00,2010-01-15 13:14:00,3,0,Lost,73,2,385.5,8
12663,2010-02-09 14:28:00,2010-03-25 09:40:00,44,0,Loyal,4,2,239.4,10
12664,2009-12-13 10:28:00,2009-12-13 10:28:00,1,1,Lost,106,1,549.08,5
12665,2010-02-08 15:11:00,2010-02-08 15:11:00,1,0,Loyal,49,1,168.8,4
12668,2010-01-31 15:45:00,2010-03-09 11:10:00,37,0,Champions,20,3,3867.58,13
12670,2010-02-11 10:13:00,2010-02-11 10:13:00,1,0,Loyal,46,1,225.60000000000002,5
12677,2010-02-11 13:55:00,2010-02-11 13:55:00,1,0,Loyal,46,1,190.7,4
12678,2010-01-07 16:46:00,2010-01-08 11:25:00,1,0,Loyal,80,2,2310.3,9
12681,2009-12-13 13:31:00,2010-03-24 08:31:00,101,0,Champions,5,7,4231.35,15
12682,2009-12-01 09:28:00,2010-03-09 11:10:00,99,0,Champions,20,8,4294.37,14
12683,2009-12-13 15:01:00,2010-02-09 11:11:00,58,0,Loyal,48,3,1557.66,11
12692,2010-03-12 14:02:00,2010-03-12 14:02:00,1,0,Loyal,17,1,110.95,6
12695,2010-02-12 13:22:00,2010-02-12 13:22:00,1,0,Loyal,45,1,493.66,7
12701,2010-03-16 13:23:00,2010-03-16 13:23:00,1,0,Loyal,13,1,547.3199999999999,8
12703,2010-01-24 12:05:00,2010-03-16 13:22:00,52,0,Loyal,13,3,722.98,12
12708,2009-12-18 10:25:00,2010-02-28 10:31:00,73,0,Loyal,29,3,808.32,11
12709,2009-12-09 13:49:00,2010-03-17 14:59:00,99,0,Champions,12,6,6269.5599999999995,14
12711,2010-02-01 11:30:00,2010-02-01 11:30:00,1,0,Loyal,56,1,549.3,6
12712,2009-12-09 10:46:00,2010-02-05 09:14:00,58,0,Loyal,52,2,562.38,8
12714,2009-12-04 10:00:00,2010-03-15 14:19:00,102,0,Champions,14,3,3835.19,13
12726,2010-03-25 16:25:00,2010-03-25 16:25:00,1,0,Loyal,3,1,381.36,9
12727,2010-02-23 09:54:00,2010-02-23 09:54:00,1,0,Loyal,34,1,759.32,8
12731,2010-03-02 09:23:00,2010-03-02 09:23:00,1,0,Loyal,27,1,1626.4,9
12733,2010-01-19 13:23:00,2010-01-19 13:23:00,1,0,Loyal,69,1,1130.22,8
12742,2010-03-24 12:43:00,2010-03-24 12:43:00,1,0,Loyal,5,1,1201.52,11
12745,2010-01-26 16:22:00,2010-01-26 16:22:00,1,0,Loyal,61,1,201.56,5
12747,2009-12-07 13:23:00,2010-03-09 15:16:00,93,0,Champions,19,6,1502.89,14
12748,2009-12-04 17:31:00,2010-03-24 15:00:00,110,0,Champions,5,30,5170.43,15
12755,2010-01-15 11:57:00,2010-03-15 10:47:00,59,0,Loyal,14,3,147.41,9
12758,2009-12-01 14:40:00,2010-03-24 10:28:00,113,0,Loyal,5,2,4340.05,13
12759,2009-12-04 10:47:00,2009-12-04 10:47:00,1,1,Lost,115,1,508.26,5
12765,2010-03-08 09:43:00,2010-03-08 09:43:00,1,0,Loyal,21,1,147.0,6
12776,2010-02-10 12:11:00,2010-02-10 12:11:00,1,0,Loyal,47,1,55.5,4
12779,2009-12-03 07:25:00,2010-03-01 09:56:00,89,0,Loyal,28,2,690.68,10
12785,2009-12-08 13:56:00,2009-12-08 13:56:00,1,1,Lost,111,1,366.9,5
12789,2010-01-15 12:06:00,2010-01-15 12:06:00,1,0,Lost,73,1,89.25,4
12791,2010-03-25 17:29:00,2010-03-26 12:08:00,1,0,Loyal,3,3,425.03999999999996,12
12796,2010-03-21 15:49:00,2010-03-21 15:49:00,1,0,Loyal,7,1,381.0,9
12800,2010-02-01 11:02:00,2010-02-01 13:16:00,1,0,Loyal,56,2,403.33000000000004,8
12805,2010-02-03 09:06:00,2010-02-03 09:06:00,1,0,Loyal,54,1,266.5,5
12809,2010-03-02 14:19:00,2010-03-02 14:19:00,1,0,Loyal,27,1,633.6800000000001,8
12810,2010-02-01 09:52:00,2010-02-01 09:52:00,1,0,Loyal,56,1,159.66,4
12813,2010-01-15 16:52:00,2010-01-15 16:52:00,1,0,Lost,72,1,244.2,5
12820,2009-12-05 13:37:00,2010-02-23 12:55:00,80,0,Loyal,34,3,854.85,11
12823,2010-01-29 12:52:00,2010-03-23 13:11:00,54,0,Loyal,6,3,924.5,13
12825,2010-03-08 10:17:00,2010-03-08 10:17:00,1,0,Loyal,21,1,214.82999999999998,7
12826,2009-12-18 10:43:00,2009-12-18 10:43:00,1,1,Lost,101,1,458.20000000000005,5
12835,2009-12-03 12:13:00,2010-03-16 13:47:00,104,0,Champions,13,17,2990.32,14
12836,2009-12-01 14:19:00,2010-02-16 12:59:00,77,0,Loyal,41,3,1008.32,11
12839,2009-12-07 09:18:00,2010-03-05 10:14:00,89,0,Champions,24,5,1397.6,14
12840,2010-02-03 14:51:00,2010-02-03 14:51:00,1,0,Loyal,54,1,150.0,4
12842,2009-12-02 08:15:00,2009-12-02 08:15:00,1,1,Lost,117,1,397.20000000000005,5
12843,2009-12-13 11:41:00,2010-03-23 10:11:00,100,0,Loyal,6,4,805.55,14
12846,2010-01-26 16:29:00,2010-01-26 16:29:00,1,0,Loyal,61,1,15.58,4
12848,2010-02-02 12:45:00,2010-02-02 12:45:00,1,0,Loyal,55,1,208.0,5
12853,2010-02-05 11:57:00,2010-02-05 11:57:00,1,0,Loyal,52,1,413.0,6
12854,2009-12-11 12:55:00,2010-02-26 12:13:00,77,0,Loyal,31,3,1237.94,12
12857,2010-01-25 15:37:00,2010-01-25 15:37:00,1,0,Loyal,62,1,204.60000000000002,5
12860,2010-01-15 15:22:00,2010-01-15 15:22:00,1,0,Lost,72,1,54.22,4
12867,2009-12-16 16:25:00,2010-02-14 14:35:00,60,0,Loyal,43,2,986.42,10
12869,2010-01-27 12:10:00,2010-01-27 12:10:00,1,0,Loyal,61,1,337.66999999999996,6
12870,2010-03-25 14:32:00,2010-03-25 14:32:00,1,0,Loyal,4,1,209.3,8
12872,2009-12-03 20:03:00,2010-03-07 13:37:00,94,0,Champions,22,4,1241.1200000000001,14
12873,2010-01-27 09:50:00,2010-01-27 09:50:00,1,0,Loyal,61,1,492.4,6
12875,2010-01-11 12:37:00,2010-01-11 12:37:00,1,0,Lost,77,1,305.28,4
12877,2010-01-18 10:23:00,2010-01-18 10:23:00,1,0,Lost,70,1,299.49,5
12891,2010-02-18 14:32:00,2010-03-23 15:15:00,34,0,Loyal,5,2,84.0,9
12898,2010-02-18 12:36:00,2010-02-18 12:36:00,1,0,Loyal,39,1,143.57,5
12905,2010-01-26 14:06:00,2010-01-26 14:06:00,1,0,Loyal,62,1,593.66,7
12908,2010-03-19 15:59:00,2010-03-19 15:59:00,1,0,Loyal,9,1,318.0,8
12909,2010-02-24 12:14:00,2010-02-24 12:14:00,1,0,Loyal,33,1,284.11,6
12910,2010-03-28 13:10:00,2010-03-28 13:10:00,1,0,Loyal,1,1,1017.96,10
12913,2009-12-01 12:18:00,2010-01-11 10:24:00,41,0,Loyal,77,3,1220.73,10
12916,2010-01-24 11:26:00,2010-01-24 11:26:00,1,0,Loyal,64,1,379.33,6
12917,2009-12-09 14:22:00,2009-12-09 14:22:00,1,1,Lost,110,1,1552.9,7
12920,2009-12-14 15:58:00,2009-12-14 15:58:00,1,1,Lost,104,2,138.9,5
12921,2009-12-01 13:43:00,2010-03-23 12:12:00,112,0,Champions,6,9,5455.85,15
12924,2009-12-09 12:40:00,2010-03-11 13:21:00,93,0,Loyal,18,4,419.24,12
12926,2009-12-14 14:35:00,2010-03-02 16:33:00,79,0,Loyal,26,2,592.51,10
12931,2009-12-01 11:46:00,2010-03-16 15:52:00,106,0,Champions,12,10,3967.21,14
12932,2010-02-10 08:46:00,2010-03-08 13:52:00,27,0,Loyal,21,2,536.02,10
12933,2009-12-10 16:39:00,2009-12-10 16:39:00,1,1,Lost,108,1,155.79,3
12934,2009-12-03 10:51:00,2009-12-03 10:51:00,1,1,Lost,116,1,181.65,3
12937,2009-12-03 15:43:00,2009-12-17 14:43:00,14,1,Lost,102,2,314.57,6
12939,2010-01-12 11:27:00,2010-02-24 13:55:00,44,0,Loyal,33,2,787.5,10
12941,2009-12-15 13:12:00,2009-12-15 13:12:00,1,1,Lost,104,1,377.49,5
12945,2010-02-21 15:18:00,2010-02-21 15:18:00,1,0,Loyal,35,1,437.16,7
12948,2009-12-02 12:28:00,2009-12-09 11:46:00,7,1,Lost,110,2,252.48000000000002,6
12949,2009-12-03 15:56:00,2010-02-18 12:36:00,77,0,Champions,39,4,3669.03,13
12951,2010-01-10 12:43:00,2010-03-18 15:23:00,68,0,Loyal,10,3,513.45,12
12954,2010-03-11 10:16:00,2010-03-11 10:16:00,1,0,Loyal,18,1,162.45,6
12956,2009-12-15 19:03:00,2010-01-24 10:33:00,40,0,Loyal,64,3,413.82,9
12957,2009-12-11 12:01:00,2010-03-11 13:43:00,91,0,Loyal,18,2,2716.96,12
12960,2010-02-16 13:32:00,2010-02-16 13:32:00,1,0,Loyal,41,1,413.67,7
12970,2009-12-04 14:19:00,2009-12-04 14:19:00,1,1,Lost,115,1,237.99,4
12971,2009-12-15 19:04:00,2010-02-12 14:00:00,59,0,Loyal,45,4,803.95,12
12972,2010-02-16 14:30:00,2010-03-02 12:30:00,14,0,Loyal,27,2,633.61,10
12975,2009-12-06 10:38:00,2009-12-06 10:38:00,1,1,Lost,113,1,441.63,5
12976,2010-02-12 15:46:00,2010-03-11 09:26:00,27,0,Loyal,18,2,684.22,11
12978,2009-12-10 12:10:00,2010-03-04 12:11:00,85,0,Champions,25,4,1946.46,14
12979,2009-12-10 15:45:00,2009-12-10 15:45:00,1,1,Lost,108,1,517.7,5
12980,2009-12-02 11:26:00,2010-02-22 16:48:00,83,0,Loyal,34,3,2591.28,12
12986,2010-01-21 10:45:00,2010-03-08 10:41:00,46,0,Loyal,21,2,760.72,11
12987,2010-01-20 09:57:00,2010-01-20 09:57:00,1,0,Lost,68,1,282.33,5
12989,2009-12-10 13:27:00,2010-03-18 18:37:00,99,0,Champions,10,7,1648.64,15
12992,2009-12-14 16:46:00,2009-12-14 16:46:00,1,1,Lost,104,1,93.35000000000001,3
12993,2010-02-18 10:35:00,2010-03-18 16:28:00,29,0,Loyal,10,2,436.45,11
12998,2010-02-24 11:55:00,2010-02-24 11:55:00,1,0,Loyal,33,1,300.2,6
13000,2009-12-14 17:03:00,2009-12-14 17:03:00,1,1,Lost,104,1,497.65000000000003,5
13001,2009-12-03 16:21:00,2010-03-25 13:53:00,112,0,Champions,4,5,3697.26,15
13004,2009-12-15 09:44:00,2010-03-25 11:20:00,101,0,Champions,4,7,2333.54,15
13008,2009-12-16 16:07:00,2009-12-16 16:07:00,1,1,Lost,102,1,189.31,3
13009,2010-02-05 12:22:00,2010-02-05 12:22:00,1,0,Loyal,52,1,234.0,5
13010,2010-03-01 11:28:00,2010-03-01 11:28:00,1,0,Loyal,28,1,177.12,5
13013,2009-12-14 10:34:00,2010-03-09 10:26:00,85,0,Loyal,20,2,968.51,11
13018,2010-03-01 12:34:00,2010-03-01 12:35:00,1,0,Loyal,28,2,818.7,10
13019,2009-12-06 15:40:00,2009-12-10 12:10:00,4,1,Lost,109,2,445.3,7
13020,2010-02-18 10:35:00,2010-02-18 10:35:00,1,0,Loyal,39,1,448.01,7
13021,2009-12-05 12:02:00,2010-03-19 10:27:00,104,0,Loyal,10,2,653.26,12
13025,2009-12-08 10:02:00,2009-12-08 10:02:00,1,1,Lost,111,1,323.39,4
13026,2009-12-13 11:34:00,2010-03-07 15:27:00,85,0,Loyal,21,2,586.0,11
13027,2010-01-20 10:41:00,2010-03-17 10:10:00,56,0,Champions,12,5,2400.0,14
13036,2010-01-24 11:35:00,2010-01-24 11:35:00,1,0,Loyal,64,1,307.1,5
13037,2009-12-03 17:04:00,2010-03-05 10:58:00,92,0,Champions,24,4,1349.55,14
13039,2009-12-17 16:43:00,2009-12-17 16:43:00,1,1,Lost,101,1,162.8,3
13042,2009-12-07 15:42:00,2010-02-02 15:49:00,58,0,Loyal,54,2,972.7,9
13044,2010-01-08 14:46:00,2010-03-04 10:46:00,55,0,Champions,25,4,1564.65,14
13047,2009-12-16 11:43:00,2010-03-04 11:44:00,79,0,Loyal,25,3,1226.52,13
13048,2010-01-27 12:55:00,2010-01-27 12:55:00,1,0,Loyal,61,1,394.6,6
13050,2009-12-15 15:06:00,2010-03-01 13:41:00,76,0,Champions,28,4,1278.66,13
13052,2010-02-23 12:31:00,2010-02-23 12:31:00,1,0,Loyal,34,1,560.97,7
13053,2010-03-28 11:28:00,2010-03-28 11:28:00,1,0,Loyal,1,1,127.65,7
13057,2010-03-18 12:14:00,2010-03-18 12:14:00,1,0,Loyal,11,1,353.49,9
13070,2009-12-07 14:44:00,2009-12-07 14:44:00,1,1,Lost,112,1,154.2,3
13074,2009-12-16 11:46:00,2010-01-19 10:07:00,34,0,Loyal,69,2,634.0,9
13077,2009-12-11 11:17:00,2009-12-17 16:38:00,7,1,Lost,101,2,638.59,8
13078,2009-12-01 09:06:00,2010-03-24 09:52:00,114,0,Champions,5,10,5467.67,15
13082,2009-12-22 15:37:00,2010-03-26 11:59:00,94,0,Loyal,3,3,677.7,13
13085,2009-12-01 07:45:00,2010-01-29 11:42:00,60,0,Champions,59,6,2017.2,12
13087,2009-12-13 15:16:00,2009-12-13 15:16:00,1,1,Lost,105,1,313.64,4
13091,2009-12-10 11:50:00,2009-12-10 12:44:00,1,1,Lost,109,2,1976.0,9
13092,2010-02-10 08:44:00,2010-03-21 14:06:00,40,0,Loyal,8,2,534.3000000000001,11
13093,2009-12-04 10:32:00,2010-03-21 14:24:00,108,0,Champions,8,12,8400.17,15
13097,2009-12-01 13:31:00,2010-03-04 12:50:00,93,0,Champions,25,7,2977.9900000000002,14
13101,2010-01-27 15:49:00,2010-01-27 15:49:00,1,0,Loyal,60,1,168.54999999999998,4
13104,2010-02-24 15:06:00,2010-02-24 15:06:00,1,0,Loyal,33,1,96.66,5
13107,2010-02-04 10:50:00,2010-02-04 10:50:00,1,0,Loyal,53,1,606.3,7
13110,2009-12-01 14:14:00,2010-02-24 14:18:00,86,0,Loyal,33,3,705.8000000000001,11
13111,2009-12-21 09:00:00,2009-12-21 09:00:00,1,1,Lost,98,1,321.88000000000005,4
13114,2009-12-09 09:56:00,2009-12-09 09:56:00,1,1,Lost,110,1,234.38,4
13117,2010-03-26 13:50:00,2010-03-26 13:50:00,1,0,Loyal,3,1,128.22,7
13119,2010-02-09 08:38:00,2010-02-09 08:38:00,1,0,Loyal,48,1,134.9,4
13126,2010-03-02 12:24:00,2010-03-02 12:24:00,1,0,Loyal,27,1,464.85,7
13128,2010-03-18 15:08:00,2010-03-18 15:08:00,1,0,Loyal,11,1,263.5,8
13131,2010-02-09 09:47:00,2010-02-09 09:47:00,1,0,Loyal,48,1,651.41,7
13136,2009-12-08 18:30:00,2009-12-08 18:30:00,1,1,Lost,110,1,549.09,5
13141,2009-12-09 13:34:00,2010-03-22 15:30:00,104,0,Champions,6,4,1953.84,15
13148,2009-12-07 15:26:00,2010-03-22 10:21:00,105,0,Champions,7,5,1935.88,15
13150,2010-03-19 09:03:00,2010-03-19 09:03:00,1,0,Loyal,10,1,176.51999999999998,7
13151,2010-03-22 10:26:00,2010-03-24 09:31:00,2,0,Loyal,5,2,1207.34,13
13152,2010-01-14 10:01:00,2010-02-21 15:58:00,39,0,Loyal,35,2,810.82,10
13154,2009-12-04 08:46:00,2009-12-04 08:46:00,1,1,Lost,115,1,337.1,5
13156,2010-02-01 13:45:00,2010-02-09 15:27:00,9,0,Loyal,47,2,1239.6,10
13157,2010-03-08 11:59:00,2010-03-08 11:59:00,1,0,Loyal,21,1,193.2,6
13162,2009-12-04 13:59:00,2010-03-12 09:26:00,98,0,Champions,17,6,4539.02,14
13164,2010-02-10 11:52:00,2010-02-10 11:52:00,1,0,Loyal,47,1,275.8,5
13173,2009-12-10 12:52:00,2010-03-02 13:20:00,83,0,Champions,27,5,1042.7,12
13174,2009-12-04 15:40:00,2010-03-05 16:02:00,92,0,Champions,23,4,2185.73,14
13175,2009-12-04 12:11:00,2009-12-04 12:11:00,1,1,Lost,115,1,319.15,4
13178,2009-12-16 14:00:00,2010-03-09 09:49:00,83,0,Champions,20,4,2770.42,14
13183,2010-03-14 12:32:00,2010-03-14 12:32:00,1,0,Loyal,15,1,493.44,8
13187,2010-03-25 17:18:00,2010-03-25 19:06:00,1,0,Loyal,3,3,105.34,10
13190,2009-12-07 12:13:00,2010-01-31 12:12:00,55,0,Loyal,57,2,362.05,8
13191,2010-02-19 17:02:00,2010-02-19 17:02:00,1,0,Loyal,37,1,164.69,5
13192,2010-01-22 08:37:00,2010-01-22 08:37:00,1,0,Lost,66,1,724.92,7
13199,2009-12-05 10:11:00,2010-03-24 12:33:00,110,0,Champions,5,8,1639.72,15
13201,2010-03-07 11:01:00,2010-03-07 11:01:00,1,0,Loyal,22,1,316.75,7
13202,2009-12-09 10:48:00,2010-03-02 10:08:00,83,0,Loyal,27,2,494.3,9
13203,2009-12-17 14:15:00,2010-03-18 16:20:00,92,0,Loyal,10,2,460.22,11
13204,2009-12-08 14:56:00,2009-12-08 14:56:00,1,1,Lost,111,1,966.6600000000001,6
13206,2009-12-07 13:48:00,2010-03-22 13:50:00,106,0,Champions,7,9,5657.17,15
13208,2009-12-03 13:25:00,2009-12-03 13:25:00,1,1,Lost,116,1,61.12,3
13209,2010-01-24 14:30:00,2010-03-28 11:20:00,63,0,Loyal,1,2,1547.5800000000002,13
13211,2009-12-06 15:24:00,2010-03-14 13:46:00,98,0,Loyal,15,3,533.1,11
13214,2010-03-03 14:10:00,2010-03-21 10:50:00,18,0,Loyal,8,2,1791.98,13
13217,2010-02-22 12:49:00,2010-02-22 12:49:00,1,0,Loyal,35,1,132.5,5
13223,2010-02-12 13:27:00,2010-02-12 13:27:00,1,0,Loyal,45,1,216.60000000000002,6
13225,2009-12-17 09:09:00,2010-03-28 12:36:00,102,0,Champions,1,4,4071.63,15
13230,2010-03-18 20:02:00,2010-03-18 20:02:00,1,0,Loyal,10,1,271.75,8
13233,2010-01-14 14:10:00,2010-01-14 14:10:00,1,0,Lost,74,1,290.63,5
13234,2009-12-07 12:32:00,2010-02-05 11:41:00,60,0,Loyal,52,2,346.5,8
13240,2010-02-25 13:17:00,2010-02-25 13:31:00,1,0,Loyal,32,2,155.29999999999998,7
13242,2010-02-09 13:12:00,2010-02-09 13:12:00,1,0,Loyal,48,1,117.0,4
13243,2010-03-18 13:10:00,2010-03-18 13:10:00,1,0,Loyal,11,1,251.62,8
13249,2010-01-24 12:11:00,2010-03-04 09:53:00,39,0,Loyal,25,2,176.0,8
13252,2010-03-24 10:30:00,2010-03-24 10:30:00,1,0,Loyal,5,1,346.9,9
13253,2010-01-05 12:13:00,2010-01-05 12:13:00,1,0,Lost,83,1,974.39,6
13259,2010-01-10 10:26:00,2010-02-01 11:37:00,23,0,Loyal,56,3,471.33,9
13266,2009-12-17 10:52:00,2010-03-04 11:28:00,78,0,Loyal,25,2,596.88,11
13267,2009-12-07 16:56:00,2010-03-19 10:35:00,102,0,Champions,10,5,1795.07,15
13269,2009-12-02 11:47:00,2010-02-25 15:14:00,86,0,Champions,31,5,938.22,12
13275,2010-03-17 14:05:00,2010-03-17 14:05:00,1,0,Loyal,12,1,177.36,6
13276,2010-03-07 14:05:00,2010-03-07 14:05:00,1,0,Loyal,22,1,384.43,8
13280,2010-03-05 09:07:00,2010-03-05 09:07:00,1,0,Loyal,24,1,478.5,8
13283,2010-03-09 14:36:00,2010-03-09 14:36:00,1,0,Loyal,20,1,127.80000000000001,6
13285,2010-03-25 14:26:00,2010-03-25 14:26:00,1,0,Loyal,4,1,340.3,9
13287,2010-01-04 10:43:00,2010-02-23 14:54:00,51,0,Loyal,34,2,486.90999999999997,9
13288,2010-02-11 14:59:00,2010-02-25 11:28:00,14,0,Loyal,32,2,548.64,9
13289,2009-12-16 11:53:00,2009-12-16 11:53:00,1,1,Lost,103,1,307.95,4
13291,2010-02-11 18:36:00,2010-02-11 18:36:00,1,0,Loyal,45,1,179.37,5
13293,2010-02-09 12:05:00,2010-03-23 13:12:00,43,0,Loyal,6,2,662.87,12
13294,2010-03-03 12:54:00,2010-03-03 12:54:00,1,0,Loyal,26,1,815.79,8
13304,2010-02-08 12:42:00,2010-02-08 12:42:00,1,0,Loyal,49,1,307.85,5
13305,2010-03-10 14:49:00,2010-03-10 14:49:00,1,0,Loyal,19,1,413.68,8
13313,2009-12-02 16:18:00,2010-03-22 13:07:00,110,0,Champions,7,4,1006.97,14
13315,2010-01-19 15:34:00,2010-01-19 15:34:00,1,0,Lost,68,1,310.26,5
13316,2010-03-10 10:01:00,2010-03-10 10:01:00,1,0,Loyal,19,1,2017.3600000000001,10
13317,2009-12-13 11:11:00,2010-02-17 14:47:00,67,0,Loyal,40,2,944.87,10
13319,2009-12-06 14:46:00,2010-03-10 09:17:00,94,0,Champions,19,10,3458.2000000000003,14
13327,2009-12-18 15:35:00,2010-03-02 14:23:00,74,0,Champions,27,4,2037.07,13
13329,2009-12-04 15:41:00,2009-12-04 15:41:00,1,1,Lost,114,1,334.65,4
13330,2010-02-23 10:12:00,2010-02-23 10:12:00,1,0,Loyal,34,1,628.49,8
13333,2010-02-19 09:26:00,2010-02-19 09:26:00,1,0,Loyal,38,1,162.18,5
13334,2010-02-25 12:21:00,2010-02-25 12:21:00,1,0,Loyal,32,1,1176.32,9
13338,2010-01-05 12:25:00,2010-01-05 12:25:00,1,0,Lost,83,1,757.1,6
13340,2010-02-22 14:54:00,2010-02-22 14:59:00,1,0,Loyal,35,2,6045.54,11
13357,2010-03-22 14:30:00,2010-03-22 14:38:00,1,0,Loyal,7,2,1540.77,13
13360,2010-01-08 11:16:00,2010-01-14 17:59:00,7,0,Loyal,73,2,715.15,9
13371,2010-03-17 15:29:00,2010-03-17 15:29:00,1,0,Loyal,11,1,1189.01,11
13373,2009-12-06 12:34:00,2009-12-06 12:34:00,1,1,Lost,113,1,748.42,6
13377,2010-03-04 10:06:00,2010-03-04 10:06:00,1,0,Loyal,25,1,815.32,9
13381,2009-12-01 15:19:00,2010-02-16 10:45:00,77,0,Loyal,41,2,980.39,10
13382,2009-12-08 09:56:00,2010-03-15 09:11:00,97,0,Loyal,14,2,476.04,10
13392,2010-01-31 13:34:00,2010-01-31 13:34:00,1,0,Loyal,57,1,91.14,4
13393,2009-12-07 18:12:00,2010-02-22 09:17:00,77,0,Loyal,35,3,888.37,11
13394,2009-12-01 11:58:00,2010-02-18 13:34:00,80,0,Champions,39,4,1619.41,13
13397,2010-01-20 09:50:00,2010-02-16 12:29:00,28,0,Loyal,41,2,716.14,10
13403,2009-12-16 13:23:00,2009-12-16 13:23:00,1,1,Lost,103,1,78.6,3
13405,2009-12-15 14:13:00,2009-12-15 14:13:00,1,1,Lost,104,1,146.45999999999998,3
13406,2010-03-18 07:29:00,2010-03-18 07:29:00,1,0,Loyal,11,1,140.16,7
13407,2010-02-16 11:13:00,2010-02-16 11:13:00,1,0,Loyal,41,1,1384.02,9
13408,2009-12-04 09:31:00,2010-03-25 14:06:00,112,0,Champions,4,15,9156.422,15
13410,2009-12-08 13:43:00,2010-01-10 11:59:00,33,0,Lost,78,2,682.9200000000001,8
13413,2010-01-21 17:43:00,2010-03-10 12:17:00,48,0,Champions,19,6,429.44,12
13415,2009-12-11 14:20:00,2010-03-19 15:09:00,99,0,Loyal,10,3,733.17,13
13416,2009-12-03 13:02:00,2009-12-03 13:02:00,1,1,Lost,116,1,228.3,4
13417,2010-02-08 12:39:00,2010-02-08 12:39:00,1,0,Loyal,49,1,604.1,7
13418,2009-12-11 12:51:00,2010-03-11 13:13:00,91,0,Loyal,18,2,1358.54,12
13421,2010-02-14 14:45:00,2010-02-14 15:13:00,1,0,Loyal,42,3,812.74,11
13426,2009-12-09 15:16:00,2010-03-10 09:16:00,91,0,Loyal,19,3,1395.23,13
13427,2009-12-17 13:44:00,2009-12-17 13:44:00,1,1,Lost,102,1,96.0,3
13431,2010-02-18 11:53:00,2010-02-18 11:53:00,1,0,Loyal,39,1,293.45,6
13433,2010-01-12 08:59:00,2010-01-12 08:59:00,1,0,Lost,76,1,95.19999999999999,3
13434,2010-02-22 09:54:00,2010-02-22 09:54:00,1,0,Loyal,35,1,339.18,7
13442,2009-12-01 14:59:00,2010-02-10 14:03:00,71,0,Loyal,47,3,419.87,9
13443,2010-01-31 13:30:00,2010-01-31 13:30:00,1,0,Loyal,57,1,229.76999999999998,5
13445,2010-03-23 15:34:00,2010-03-23 15:34:00,1,0,Loyal,5,1,241.89999999999998,8
13446,2010-02-14 11:52:00,2010-03-05 13:19:00,20,0,Loyal,24,2,856.36,11
13448,2009-12-06 12:14:00,2010-01-28 10:42:00,53,0,Loyal,60,3,1634.4,11
13451,2010-03-21 16:13:00,2010-03-21 16:13:00,1,0,Loyal,7,1,866.34,10
13454,2010-03-08 14:40:00,2010-03-08 14:40:00,1,0,Loyal,21,1,219.87,7
13455,2009-12-09 08:58:00,2009-12-22 15:05:00,14,1,Lost,97,2,431.65,7
13457,2009-12-02 12:46:00,2010-01-20 08:48:00,49,0,Lost,68,2,148.22,6
13459,2010-01-26 13:35:00,2010-03-25 10:24:00,58,0,Loyal,4,2,1160.4099999999999,13
13462,2009-12-14 09:48:00,2010-03-12 11:44:00,89,0,Loyal,17,3,526.46,11
13466,2010-03-21 13:50:00,2010-03-21 13:50:00,1,0,Loyal,8,1,262.31,8
13468,2009-12-03 13:32:00,2010-03-24 10:45:00,111,0,Champions,5,11,2573.26,15
13469,2010-02-24 15:03:00,2010-02-24 15:03:00,1,0,Loyal,33,1,82.4,5
13473,2009-12-15 19:02:00,2010-03-08 14:23:00,83,0,Loyal,21,3,1472.44,13
13476,2010-03-05 09:39:00,2010-03-05 09:39:00,1,0,Loyal,24,1,240.8,7
13477,2010-01-25 11:52:00,2010-01-25 11:52:00,1,0,Loyal,63,1,422.70000000000005,6
13478,2010-01-31 15:51:00,2010-03-17 14:28:00,45,0,Loyal,12,3,1650.51,13
13480,2010-01-29 12:35:00,2010-01-29 12:35:00,1,0,Loyal,59,1,493.94,6
13481,2009-12-04 12:37:00,2010-03-15 09:46:00,101,0,Loyal,14,2,739.1800000000001,11
13482,2010-03-22 10:31:00,2010-03-22 10:31:00,1,0,Loyal,7,1,151.45,7
13484,2010-03-10 11:46:00,2010-03-10 11:46:00,1,0,Loyal,19,1,165.78,6
13485,2009-12-03 13:46:00,2009-12-08 12:13:00,5,1,Lost,111,2,204.70000000000002,6
13487,2009-12-05 10:25:00,2009-12-05 10:25:00,1,1,Lost,114,1,103.95,3
13488,2010-01-25 10:13:00,2010-01-25 10:13:00,1,0,Loyal,63,1,350.73,6
13490,2010-02-23 14:48:00,2010-02-23 14:48:00,1,0,Loyal,34,1,154.25,5
13491,2009-12-07 08:24:00,2010-03-09 16:32:00,93,0,Champions,19,6,1628.7,14
13495,2009-12-07 12:12:00,2010-03-23 15:01:00,107,0,Loyal,6,3,1210.51,14
13497,2010-02-08 10:27:00,2010-03-24 12:56:00,45,0,Loyal,5,3,582.23,13
13498,2009-12-09 15:26:00,2009-12-09 15:26:00,1,1,Lost,109,1,327.38,4
13503,2010-02-16 13:49:00,2010-02-16 14:11:00,1,0,Loyal,41,2,884.87,10
13508,2010-03-07 11:58:00,2010-03-07 11:58:00,1,0,Loyal,22,1,176.07999999999998,6
13510,2009-12-21 11:53:00,2010-02-01 11:20:00,42,0,Loyal,56,2,655.58,9
13511,2010-02-01 12:10:00,2010-02-01 12:10:00,1,0,Loyal,56,1,282.76,5
13513,2010-02-22 16:36:00,2010-02-22 16:36:00,1,0,Loyal,34,1,299.64,6
13514,2010-01-26 15:11:00,2010-01-26 15:11:00,1,0,Loyal,62,1,346.3,6
13515,2010-03-05 11:58:00,2010-03-05 11:58:00,1,0,Loyal,24,1,188.1,6
13520,2009-12-17 11:11:00,2010-02-11 09:41:00,56,0,Loyal,46,2,1067.08,9
13526,2009-12-01 12:56:00,2009-12-01 13:13:00,1,1,Lost,118,2,1182.0,9
13527,2010-01-21 12:37:00,2010-01-24 12:31:00,3,0,Loyal,64,2,754.6899999999999,9
13530,2010-03-15 14:10:00,2010-03-15 14:10:00,1,0,Loyal,14,1,402.97999999999996,8
13531,2009-12-03 15:20:00,2009-12-03 15:20:00,1,1,Lost,115,1,311.7,4
13538,2010-02-02 12:47:00,2010-02-21 16:09:00,20,0,Loyal,35,2,803.54,10
13540,2010-02-22 09:22:00,2010-02-22 09:24:00,1,0,Loyal,35,2,369.25,9
13542,2009-12-10 19:53:00,2010-03-19 14:01:00,99,0,Champions,10,6,1342.1,15
13543,2010-01-21 14:30:00,2010-03-15 13:34:00,53,0,Loyal,14,2,1439.6100000000001,12
13544,2010-03-05 11:31:00,2010-03-05 11:31:00,1,0,Loyal,24,1,181.32,6
13551,2010-02-11 15:01:00,2010-02-11 15:01:00,1,0,Loyal,46,1,152.39999999999998,4
13552,2010-02-19 13:28:00,2010-02-19 13:29:00,1,0,Loyal,38,2,732.96,10
13553,2010-02-03 12:21:00,2010-02-03 12:21:00,1,0,Loyal,54,1,499.6,6
13555,2010-01-19 13:20:00,2010-03-21 10:34:00,61,0,Loyal,8,3,1193.15,14
13557,2009-12-08 17:41:00,2010-03-25 10:36:00,107,0,Champions,4,6,1525.38,15
13561,2010-02-28 13:42:00,2010-03-07 14:32:00,8,0,Loyal,22,3,361.55,11
13562,2010-01-14 16:33:00,2010-02-03 15:53:00,20,0,Loyal,53,3,1600.0,11
13564,2009-12-02 11:55:00,2010-03-25 10:33:00,113,0,Champions,4,9,3383.42,15
13566,2010-03-10 12:22:00,2010-03-10 12:22:00,1,0,Loyal,19,1,291.12,7
13571,2009-12-08 13:02:00,2010-03-24 16:22:00,107,0,Loyal,4,4,643.5,14
13573,2010-03-12 16:06:00,2010-03-12 16:06:00,1,0,Loyal,16,1,81.85,6
13576,2009-12-08 15:12:00,2010-02-22 15:13:00,77,0,Loyal,34,3,1078.95,11
13577,2009-12-14 16:10:00,2009-12-17 13:09:00,3,1,Lost,102,3,399.4,8
13579,2010-02-18 13:53:00,2010-02-18 13:53:00,1,0,Loyal,39,1,383.55,7
13583,2010-01-29 13:53:00,2010-01-29 13:53:00,1,0,Loyal,59,1,664.001,7
13584,2010-02-02 08:40:00,2010-02-02 08:40:00,1,0,Loyal,55,1,1.3,4
13585,2009-12-01 14:56:00,2009-12-01 14:56:00,1,1,Lost,118,1,12.75,3
13587,2010-02-14 13:17:00,2010-02-14 13:17:00,1,0,Loyal,43,1,568.3,7
13589,2009-12-06 10:26:00,2009-12-06 10:26:00,1,1,Lost,113,1,269.15,4
13590,2009-12-01 13:37:00,2010-02-24 12:51:00,85,0,Loyal,33,3,1219.98,12
13591,2009-12-14 15:44:00,2009-12-14 15:44:00,1,1,Lost,104,1,53.2,3
13593,2010-03-02 16:36:00,2010-03-21 11:21:00,19,0,Loyal,8,3,893.7,13
13595,2010-03-03 14:42:00,2010-03-03 14:42:00,1,0,Loyal,26,1,532.29,7
13598,2010-02-26 11:22:00,2010-02-26 11:26:00,1,0,Loyal,31,2,268.37,8
13599,2009-12-01 12:30:00,2010-03-11 10:26:00,100,0,Champions,18,4,2472.7200000000003,14
13600,2010-03-15 17:16:00,2010-03-15 17:16:00,1,0,Loyal,13,1,298.9,7
13604,2010-02-19 12:02:00,2010-02-19 12:02:00,1,0,Loyal,38,1,717.62,8
13610,2010-01-05 14:12:00,2010-03-04 14:45:00,59,0,Loyal,25,3,580.38,12
13611,2009-12-03 07:57:00,2010-03-24 11:52:00,112,0,Loyal,5,2,640.79,12
13612,2010-03-17 12:14:00,2010-03-17 12:14:00,1,0,Loyal,12,1,818.29,9
13613,2010-02-17 12:40:00,2010-03-23 15:52:00,35,0,Loyal,5,2,627.5,12
13615,2010-01-28 15:43:00,2010-03-28 13:40:00,59,0,Loyal,1,2,1159.8400000000001,13
13616,2010-01-17 14:56:00,2010-01-17 14:56:00,1,0,Lost,71,1,178.0,4
13619,2010-02-03 14:16:00,2010-02-03 14:16:00,1,0,Loyal,54,1,100.24,4
13622,2010-01-12 13:22:00,2010-01-12 13:22:00,1,0,Lost,76,1,658.95,6
13623,2009-12-02 13:57:00,2010-01-21 13:21:00,50,0,Loyal,67,2,1041.14,9
13627,2010-03-09 14:03:00,2010-03-09 14:03:00,1,0,Loyal,20,1,304.4,7
13628,2010-02-01 14:44:00,2010-02-01 14:44:00,1,0,Loyal,56,1,310.14,5
13629,2010-02-11 17:34:00,2010-02-11 17:34:00,1,0,Loyal,45,1,660.0,8
13634,2010-01-10 14:26:00,2010-03-14 13:08:00,63,0,Loyal,15,3,691.12,12
13635,2009-12-01 09:46:00,2009-12-15 12:13:00,15,1,Lost,104,2,797.15,8
13641,2009-12-05 13:17:00,2010-03-09 07:37:00,94,0,Champions,20,5,1016.47,13
13643,2009-12-08 12:48:00,2010-03-09 09:15:00,91,0,Loyal,20,2,455.25,10
13648,2009-12-01 18:13:00,2010-02-07 14:11:00,68,0,Loyal,50,2,573.53,9
13650,2010-01-26 08:44:00,2010-01-26 08:44:00,1,0,Loyal,62,1,505.13,6
13652,2010-02-25 17:37:00,2010-02-25 17:37:00,1,0,Loyal,31,1,393.96000000000004,7
13654,2009-12-02 11:43:00,2010-03-03 16:21:00,92,0,Loyal,25,2,258.68,9
13658,2010-02-05 13:17:00,2010-02-05 13:17:00,1,0,Loyal,52,1,982.26,7
13659,2010-02-17 09:05:00,2010-03-11 10:52:00,23,0,Loyal,18,2,1032.8700000000001,11
13662,2010-02-19 13:21:00,2010-02-19 13:23:00,1,0,Loyal,38,2,300.47,8
13663,2010-03-03 10:11:00,2010-03-03 10:11:00,1,0,Loyal,26,1,545.45,7
13666,2009-12-04 10:48:00,2009-12-04 10:48:00,1,1,Lost,115,1,19.5,3
13668,2009-12-11 14:28:00,2010-03-25 14:12:00,104,0,Champions,4,5,1789.98,15
13672,2009-12-09 11:40:00,2009-12-09 11:40:00,1,1,Lost,110,1,233.53000000000003,4
13679,2009-12-04 16:52:00,2009-12-04 16:52:00,1,1,Lost,114,1,126.8,3
13680,2009-12-04 14:14:00,2010-03-03 14:31:00,90,0,Champions,26,6,5630.93,13
13684,2010-03-28 14:48:00,2010-03-28 14:48:00,1,0,Loyal,1,1,190.53,7
13688,2010-03-14 14:11:00,2010-03-14 14:11:00,1,0,Loyal,15,1,375.5,8
13693,2009-12-07 11:29:00,2010-01-24 10:54:00,48,0,Champions,64,5,904.41,11
13696,2010-02-11 14:17:00,2010-02-11 14:17:00,1,0,Loyal,46,1,306.0,5
13698,2010-01-27 09:02:00,2010-01-27 09:02:00,1,0,Loyal,61,1,184.3,4
13700,2010-02-07 10:53:00,2010-02-09 16:01:00,3,0,Loyal,47,2,81.55,6
13705,2010-03-25 17:19:00,2010-03-25 17:19:00,1,0,Loyal,3,1,250.45,8
13706,2010-03-23 09:18:00,2010-03-23 09:18:00,1,0,Loyal,6,1,300.38,8
13709,2010-01-11 10:40:00,2010-01-11 10:40:00,1,0,Lost,77,1,306.74,4
13711,2009-12-15 19:04:00,2010-03-23 10:06:00,98,0,Champions,6,5,1183.31,15
13715,2010-03-11 15:33:00,2010-03-11 15:33:00,1,0,Loyal,17,1,828.6800000000001,9
13722,2010-03-03 14:13:00,2010-03-03 14:13:00,1,0,Loyal,26,1,664.54,8
13724,2010-03-12 15:28:00,2010-03-12 15:28:00,1,0,Loyal,16,1,213.01,7
13727,2009-12-09 13:25:00,2010-02-26 14:23:00,80,0,Loyal,31,3,352.2,10
13728,2009-12-09 17:13:00,2010-02-17 08:32:00,70,0,Loyal,40,3,523.84,10
13729,2010-01-24 14:57:00,2010-01-24 14:57:00,1,0,Loyal,64,1,357.88,6
13733,2009-12-04 15:28:00,2009-12-04 15:28:00,1,1,Lost,114,1,149.10000000000002,3
13735,2009-12-13 13:31:00,2010-02-25 13:19:00,74,0,Loyal,32,3,2010.96,12
13736,2009-12-06 12:07:00,2009-12-06 12:07:00,1,1,Lost,113,1,710.84,6
13740,2009-12-02 12:22:00,2009-12-02 12:22:00,1,1,Lost,117,1,296.69,4
13748,2009-12-01 16:44:00,2009-12-01 16:44:00,1,1,Lost,117,1,173.1,3
13753,2009-12-03 10:20:00,2010-02-26 12:10:00,86,0,Loyal,31,2,977.1999999999999,10
13756,2009-12-15 15:18:00,2010-02-24 15:53:00,72,0,Loyal,32,3,601.28,11
13757,2010-02-03 12:37:00,2010-02-03 12:37:00,1,0,Loyal,54,1,195.55,4
13758,2009-12-01 10:06:00,2010-02-05 14:34:00,67,0,Champions,52,4,2995.65,12
13761,2010-02-21 11:08:00,2010-02-21 11:08:00,1,0,Loyal,36,1,311.9,6
13762,2010-01-10 12:13:00,2010-02-28 11:54:00,49,0,Loyal,29,2,1127.28,11
13764,2010-03-07 12:56:00,2010-03-07 13:08:00,1,0,Loyal,22,2,936.24,11
13765,2010-02-24 13:46:00,2010-02-24 13:46:00,1,0,Loyal,33,1,352.821,7
13767,2009-12-01 10:52:00,2010-03-28 10:33:00,117,0,Champions,1,11,5664.54,15
13768,2009-12-09 10:25:00,2009-12-13 10:41:00,5,1,Lost,106,2,875.97,8
13769,2009-12-16 11:59:00,2010-02-19 10:41:00,65,0,Loyal,38,2,518.86,9
13770,2009-12-09 14:44:00,2010-03-04 10:41:00,85,0,Loyal,25,2,264.33000000000004,9
13771,2010-02-25 12:37:00,2010-02-25 12:37:00,1,0,Loyal,32,1,869.5600000000001,8
13772,2010-02-23 13:55:00,2010-02-23 13:55:00,1,0,Loyal,34,1,562.6,7
13773,2010-02-18 10:27:00,2010-02-18 10:27:00,1,0,Loyal,39,1,91.4,5
13777,2009-12-02 09:47:00,2010-03-16 09:42:00,104,0,Champions,13,9,8684.06,14
13781,2009-12-18 15:46:00,2009-12-18 15:46:00,1,1,Lost,100,1,314.44,4
13782,2009-12-06 12:52:00,2010-01-17 13:29:00,43,0,Lost,71,2,267.13,7
13783,2010-02-04 13:47:00,2010-03-10 11:21:00,34,0,Loyal,19,2,985.4399999999999,11
13786,2009-12-03 15:32:00,2010-03-15 16:36:00,103,0,Loyal,13,2,1384.13,12
13787,2010-01-14 10:13:00,2010-02-22 11:42:00,40,0,Loyal,35,2,401.43,9
13793,2010-03-03 08:25:00,2010-03-03 08:25:00,1,0,Loyal,26,1,96.0,5
13795,2010-03-12 12:44:00,2010-03-12 12:44:00,1,0,Loyal,17,1,222.5,7
13797,2010-03-02 12:17:00,2010-03-02 12:17:00,1,0,Loyal,27,1,354.49,7
13798,2009-12-08 16:21:00,2010-03-21 15:33:00,103,0,Champions,7,16,9303.61,15
13799,2010-03-05 16:39:00,2010-03-05 16:39:00,1,0,Loyal,23,1,378.3,8
13800,2009-12-03 10:03:00,2009-12-03 10:03:00,1,1,Lost,116,1,478.7,5
13802,2010-02-16 10:11:00,2010-03-14 12:01:00,27,0,Loyal,15,2,729.56,11
13807,2009-12-04 12:41:00,2009-12-04 12:41:00,1,1,Lost,115,1,107.95,3
13813,2009-12-06 10:16:00,2010-02-10 13:04:00,67,0,Loyal,47,2,567.13,8
13815,2010-02-12 10:26:00,2010-02-12 10:26:00,1,0,Loyal,45,1,738.86,8
13819,2009-12-01 16:18:00,2010-02-08 15:30:00,69,0,Loyal,48,3,1502.0,11
13820,2010-01-28 12:26:00,2010-03-03 11:57:00,34,0,Loyal,26,2,386.52,9
13821,2010-01-04 13:36:00,2010-01-15 12:28:00,11,0,Loyal,73,3,660.55,10
13823,2009-12-15 14:34:00,2010-03-11 11:54:00,86,0,Loyal,18,3,1230.74,13
13824,2010-03-12 15:17:00,2010-03-12 15:17:00,1,0,Loyal,16,1,96.96,6
13825,2009-12-09 14:30:00,2010-03-28 11:02:00,109,0,Loyal,1,2,255.59,10
13831,2009-12-10 14:50:00,2010-03-08 15:50:00,89,0,Champions,20,6,2284.82,14
13834,2010-02-08 12:52:00,2010-02-08 12:52:00,1,0,Loyal,49,1,202.45,5
13835,2010-03-04 08:26:00,2010-03-24 12:32:00,21,0,Loyal,5,2,183.95,9
13842,2010-02-16 15:54:00,2010-02-16 15:56:00,1,0,Loyal,40,3,364.14,10
13847,2009-12-20 10:41:00,2009-12-20 10:41:00,1,1,Lost,99,1,310.72,4
13848,2009-12-09 16:17:00,2010-03-21 12:01:00,102,0,Loyal,8,2,800.0,12
13849,2010-03-25 12:03:00,2010-03-25 12:03:00,1,0,Loyal,4,1,509.65,9
13851,2010-01-29 11:54:00,2010-01-29 11:54:00,1,0,Loyal,59,1,199.29999999999998,5
13854,2010-01-08 11:28:00,2010-03-09 10:53:00,60,0,Champions,20,4,1089.82,13
13855,2009-12-08 16:56:00,2009-12-18 14:54:00,10,1,Lost,101,2,809.1,8
13869,2010-01-17 14:53:00,2010-03-23 14:22:00,65,0,Loyal,6,2,1729.54,13
13870,2010-02-08 12:08:00,2010-02-08 12:08:00,1,0,Loyal,49,1,611.54,7
13871,2009-12-20 13:09:00,2010-03-28 10:51:00,98,0,Loyal,1,2,853.0,12
13872,2009-12-14 09:56:00,2010-03-23 13:34:00,100,0,Loyal,6,2,616.43,12
13873,2010-03-03 12:31:00,2010-03-03 12:31:00,1,0,Loyal,26,1,149.55,5
13874,2010-02-04 18:39:00,2010-03-09 12:25:00,33,0,Loyal,20,2,436.03,10
13875,2009-12-17 10:30:00,2010-03-25 12:40:00,99,0,Champions,4,4,1255.77,15
13877,2010-01-19 10:53:00,2010-01-19 10:53:00,1,0,Lost,69,1,154.83,4
13879,2010-03-04 10:49:00,2010-03-04 10:49:00,1,0,Loyal,25,1,395.5,8
13881,2010-03-04 14:41:00,2010-03-19 10:44:00,15,0,Loyal,10,2,3341.3,13
13883,2009-12-08 17:26:00,2010-03-15 10:03:00,97,0,Loyal,14,3,767.6,12
13889,2010-01-22 14:32:00,2010-02-26 13:28:00,35,0,Loyal,31,2,630.68,10
13890,2009-12-06 15:15:00,2010-03-03 16:33:00,88,0,Loyal,25,2,520.19,10
13895,2009-12-03 13:09:00,2009-12-03 13:09:00,1,1,Lost,116,1,831.0,6
13896,2010-03-24 08:55:00,2010-03-24 08:55:00,1,0,Loyal,5,1,388.55,9
13897,2010-01-31 13:48:00,2010-01-31 13:48:00,1,0,Loyal,57,1,482.67,6
13900,2010-03-25 13:46:00,2010-03-25 13:46:00,1,0,Loyal,4,1,260.5,8
13901,2010-01-05 09:29:00,2010-02-17 09:53:00,44,0,Loyal,40,2,875.59,10
13905,2009-12-07 11:41:00,2009-12-07 11:41:00,1,1,Lost,112,1,312.65,4
13907,2010-01-17 12:22:00,2010-01-17 12:22:00,1,0,Lost,71,1,136.8,4
13911,2010-03-01 16:31:00,2010-03-08 15:15:00,7,0,Loyal,20,2,247.5,9
13916,2010-02-02 10:06:00,2010-02-02 10:06:00,1,0,Loyal,55,1,364.5,6
13921,2009-12-18 12:19:00,2009-12-18 12:19:00,1,1,Lost,101,1,102.75,3
13929,2010-01-14 07:25:00,2010-02-19 11:54:00,37,0,Loyal,38,2,430.62,9
13931,2009-12-03 10:26:00,2010-03-26 13:42:00,114,0,Champions,3,4,2131.42,15
13935,2010-02-25 16:01:00,2010-03-17 10:16:00,20,0,Loyal,12,2,2742.12,12
13941,2009-12-16 16:10:00,2010-03-10 10:50:00,84,0,Champions,19,4,2084.21,14
13944,2010-02-24 15:02:00,2010-02-24 15:02:00,1,0,Loyal,33,1,200.43,6
13946,2009-12-04 11:07:00,2010-03-15 11:00:00,101,0,Loyal,14,2,760.95,11
13948,2009-12-04 12:14:00,2010-03-01 12:16:00,88,0,Loyal,28,2,262.31,8
13952,2009-12-16 09:41:00,2010-02-18 18:20:00,65,0,Loyal,38,2,3387.51,11
13953,2009-12-11 12:58:00,2010-02-04 12:26:00,55,0,Loyal,53,2,1125.0,10
13957,2010-02-19 10:32:00,2010-02-19 10:32:00,1,0,Loyal,38,1,102.84,5
13958,2009-12-05 13:12:00,2010-03-07 12:09:00,92,0,Loyal,22,3,1299.3,13
13965,2010-01-05 15:21:00,2010-02-08 16:11:00,35,0,Loyal,48,2,786.01,9
13969,2010-03-25 13:15:00,2010-03-25 13:15:00,1,0,Loyal,4,1,360.95,9
13971,2010-01-26 09:51:00,2010-01-26 09:51:00,1,0,Loyal,62,1,267.21999999999997,5
13975,2010-02-02 13:13:00,2010-02-02 13:13:00,1,0,Loyal,55,1,543.91,6
13976,2010-02-09 13:08:00,2010-02-09 13:08:00,1,0,Loyal,48,1,275.41,5
13979,2009-12-03 10:02:00,2010-03-01 15:47:00,89,0,Loyal,27,2,678.49,10
13980,2010-02-21 14:18:00,2010-02-21 14:18:00,1,0,Loyal,36,1,216.9,6
13982,2010-01-20 14:04:00,2010-02-24 13:04:00,35,0,Loyal,33,2,992.9399999999999,10
13983,2009-12-09 13:53:00,2010-03-16 12:13:00,97,0,Loyal,13,3,1707.11,13
13984,2009-12-07 11:51:00,2010-02-07 11:29:00,62,0,Loyal,50,3,369.77,9
13985,2010-02-09 13:56:00,2010-02-09 13:56:00,1,0,Loyal,48,1,224.35,5
13988,2010-03-24 11:05:00,2010-03-24 11:05:00,1,0,Loyal,5,1,310.2,8
13993,2009-12-03 11:57:00,2010-03-01 14:31:00,89,0,Loyal,28,3,987.66,11
13995,2009-12-18 12:43:00,2010-03-25 13:02:00,98,0,Loyal,4,3,463.85,12
13999,2009-12-05 12:42:00,2010-02-26 15:09:00,84,0,Champions,31,4,1377.45,13
14000,2009-12-02 09:50:00,2009-12-02 09:50:00,1,1,Lost,117,1,192.0,3
14003,2009-12-07 08:53:00,2009-12-07 08:53:00,1,1,Lost,112,1,209.41,4
14006,2010-02-25 09:45:00,2010-02-25 09:45:00,1,0,Loyal,32,1,330.65999999999997,6
14013,2010-03-26 10:02:00,2010-03-26 10:02:00,1,0,Loyal,3,1,174.2,7
14016,2010-01-08 14:12:00,2010-03-22 11:21:00,73,0,Champions,7,3,2713.34,14
14018,2010-03-04 14:23:00,2010-03-04 14:23:00,1,0,Loyal,25,1,367.15000000000003,8
14026,2010-03-24 14:10:00,2010-03-24 14:10:00,1,0,Loyal,5,1,386.53000000000003,9
14030,2009-12-10 17:27:00,2010-02-22 17:14:00,74,0,Champions,34,5,2014.09,13
14031,2009-12-03 15:35:00,2010-03-12 17:07:00,100,0,Champions,16,9,8022.1900000000005,14
14032,2009-12-14 12:02:00,2010-01-25 15:36:00,43,0,Loyal,62,3,922.98,10
14037,2009-12-07 11:39:00,2010-03-05 10:11:00,88,0,Loyal,24,3,530.82,11
14038,2010-02-04 08:56:00,2010-02-04 08:56:00,1,0,Loyal,53,1,704.5500000000001,7
14040,2009-12-01 12:14:00,2010-03-22 10:23:00,111,0,Champions,7,7,2836.89,15
14042,2009-12-14 15:07:00,2009-12-14 15:07:00,1,1,Lost,105,1,431.98,5
14043,2009-12-10 15:56:00,2009-12-10 15:56:00,1,1,Lost,108,1,164.31,3
14044,2010-01-24 15:14:00,2010-02-28 15:01:00,35,0,Loyal,29,2,486.72,9
14045,2010-01-08 10:08:00,2010-03-05 15:36:00,57,0,Loyal,23,2,726.0,11
14047,2010-02-01 10:05:00,2010-02-01 10:05:00,1,0,Loyal,56,1,528.24,6
14051,2009-12-03 11:53:00,2010-03-22 08:41:00,109,0,Champions,7,6,2980.02,15
14055,2009-12-16 15:11:00,2009-12-16 15:11:00,1,1,Lost,103,1,274.32,4
14057,2009-12-03 13:17:00,2009-12-03 13:17:00,1,1,Lost,116,1,119.54,3
14060,2010-03-11 09:47:00,2010-03-11 09:47:00,1,0,Loyal,18,1,167.75,6
14061,2009-12-01 18:03:00,2009-12-15 17:56:00,14,1,Lost,103,2,553.4300000000001,8
14062,2009-12-10 14:28:00,2010-03-15 16:35:00,96,0,Champions,13,4,4849.8,14
14063,2009-12-08 13:46:00,2010-01-22 11:28:00,45,0,Champions,66,7,9471.5,12
14064,2010-01-21 13:22:00,2010-02-28 14:03:00,39,0,Loyal,29,2,711.91,11
14068,2010-01-31 10:10:00,2010-02-28 15:05:00,29,0,Loyal,29,2,724.73,11
14070,2010-01-24 12:27:00,2010-01-24 12:27:00,1,0,Loyal,64,1,321.6,5
14072,2010-02-11 12:31:00,2010-02-11 12:31:00,1,0,Loyal,46,1,390.85,6
14074,2010-03-26 13:55:00,2010-03-26 13:55:00,1,0,Loyal,3,1,219.39999999999998,8
14078,2010-03-28 15:05:00,2010-03-28 15:05:00,1,0,Loyal,1,1,364.47,9
14079,2010-01-26 17:19:00,2010-01-26 17:19:00,1,0,Loyal,61,1,243.63,5
14080,2009-12-02 15:01:00,2010-03-21 11:32:00,109,0,Loyal,8,3,694.65,13
14081,2009-12-10 18:27:00,2010-02-22 17:21:00,74,0,Champions,34,6,2372.55,13
14083,2009-12-18 11:34:00,2009-12-18 11:34:00,1,1,Lost,101,1,64.17,3
14085,2009-12-08 13:41:00,2010-03-25 14:43:00,108,0,Champions,4,7,2627.32,15
14087,2009-12-04 15:27:00,2009-12-04 15:27:00,1,1,Lost,114,1,235.44,4
14091,2010-01-10 13:41:00,2010-02-23 15:17:00,45,0,Champions,33,2,9530.08,12
14092,2009-12-16 16:24:00,2010-02-23 14:56:00,69,0,Loyal,34,3,714.0400000000001,11
14095,2009-12-17 12:49:00,2009-12-17 12:49:00,1,1,Lost,102,1,2.95,3
14097,2010-03-04 10:46:00,2010-03-04 10:46:00,1,0,Loyal,25,1,132.0,6
14099,2009-12-10 11:55:00,2010-01-29 14:37:00,51,0,Loyal,59,2,796.46,10
14101,2010-03-28 13:36:00,2010-03-28 13:36:00,1,0,Loyal,1,1,656.72,10
14105,2009-12-18 16:57:00,2009-12-18 16:57:00,1,1,Lost,100,1,646.3000000000001,6
14106,2009-12-02 14:09:00,2009-12-02 14:09:00,1,1,Lost,117,1,214.79999999999998,4
14107,2009-12-09 14:20:00,2009-12-09 14:20:00,1,1,Lost,110,1,163.26,3
14108,2009-12-01 18:07:00,2009-12-08 15:25:00,7,1,Lost,110,2,447.05,8
14110,2009-12-01 09:50:00,2010-03-26 11:26:00,116,0,Champions,3,5,1605.2900000000002,15
14112,2010-02-23 14:16:00,2010-02-23 14:16:00,1,0,Loyal,34,1,1033.55,8
14113,2009-12-08 07:42:00,2010-02-16 14:35:00,71,0,Champions,41,5,1421.19,13
14115,2010-02-11 11:44:00,2010-02-11 11:44:00,1,0,Loyal,46,1,117.80000000000001,4
14119,2009-12-21 14:52:00,2009-12-21 14:52:00,1,1,Lost,98,1,66.48,3
14122,2009-12-02 14:22:00,2009-12-11 10:37:00,9,1,Lost,108,2,131.58999999999997,6
14123,2009-12-06 15:35:00,2009-12-06 15:35:00,1,1,Lost,112,1,436.18,5
14130,2009-12-11 16:33:00,2009-12-11 16:33:00,1,1,Lost,107,1,339.87,5
14131,2010-03-01 11:59:00,2010-03-01 11:59:00,1,0,Loyal,28,1,168.22,5
14133,2009-12-06 12:10:00,2009-12-06 12:10:00,1,1,Lost,113,1,305.5,4
14134,2009-12-10 09:25:00,2010-02-23 10:49:00,76,0,Champions,34,4,2805.14,13
14135,2009-12-02 08:58:00,2010-03-04 13:53:00,93,0,Loyal,25,3,1942.28,13
14136,2009-12-08 09:19:00,2010-03-05 12:42:00,88,0,Loyal,24,3,909.23,12
14137,2010-01-13 12:30:00,2010-01-13 12:30:00,1,0,Lost,75,1,332.7,4
14142,2010-03-03 15:13:00,2010-03-03 15:13:00,1,0,Loyal,25,1,359.53000000000003,8
14146,2010-01-13 16:04:00,2010-03-16 11:54:00,62,0,Champions,13,4,1433.61,14
14147,2010-03-09 13:43:00,2010-03-09 13:43:00,1,0,Loyal,20,1,248.2,7
14151,2009-12-23 10:54:00,2010-02-04 15:35:00,44,0,Loyal,52,2,679.45,10
14152,2010-02-18 13:57:00,2010-02-18 13:57:00,1,0,Loyal,39,1,301.31,6
14154,2010-01-13 12:47:00,2010-01-13 12:47:00,1,0,Lost,75,1,530.34,5
14157,2010-03-03 16:49:00,2010-03-03 16:49:00,1,0,Loyal,25,1,152.85,6
14159,2009-12-03 12:31:00,2010-03-19 11:05:00,106,0,Champions,10,4,1161.63,15
14160,2010-01-10 12:06:00,2010-03-23 12:44:00,73,0,Champions,6,6,7238.09,15
14161,2009-12-13 11:46:00,2010-03-14 12:37:00,92,0,Loyal,15,2,933.7,12
14166,2010-03-23 15:10:00,2010-03-23 15:10:00,1,0,Loyal,6,1,110.0,7
14167,2010-01-27 16:07:00,2010-03-25 15:00:00,57,0,Loyal,4,2,324.3,11
14171,2009-12-09 13:50:00,2009-12-09 13:50:00,1,1,Lost,110,1,135.0,3
14172,2010-03-07 10:58:00,2010-03-11 13:16:00,5,0,Loyal,18,2,132.25,9
14173,2009-12-09 12:46:00,2010-03-08 13:24:00,90,0,Loyal,21,2,135.16,9
14175,2010-03-22 10:43:00,2010-03-22 10:43:00,1,0,Loyal,7,1,851.96,10
14177,2010-02-26 11:59:00,2010-02-26 12:04:00,1,0,Loyal,31,2,472.49,10
14186,2010-03-05 11:17:00,2010-03-05 11:17:00,1,0,Loyal,24,1,204.34,7
14190,2010-02-11 14:27:00,2010-02-11 14:27:00,1,0,Loyal,46,1,79.9,4
14191,2009-12-11 10:48:00,2009-12-11 10:48:00,1,1,Lost,108,1,15.9,3
14194,2010-01-06 12:16:00,2010-03-03 12:02:00,56,0,Loyal,26,3,1509.39,12
14195,2010-03-15 17:12:00,2010-03-15 17:12:00,1,0,Loyal,13,1,807.2,9
14198,2010-01-05 10:07:00,2010-02-17 11:05:00,44,0,Loyal,40,2,282.89,9
14202,2010-03-25 10:36:00,2010-03-25 10:36:00,1,0,Loyal,4,1,241.20000000000002,8
14204,2009-12-02 13:26:00,2009-12-02 13:26:00,1,1,Lost,117,1,371.27000000000004,5
14205,2010-03-07 12:20:00,2010-03-07 12:20:00,1,0,Loyal,22,1,232.65,7
14207,2010-01-21 09:33:00,2010-01-21 09:33:00,1,0,Lost,67,1,157.8,4
14209,2010-01-22 10:28:00,2010-03-11 18:46:00,49,0,Loyal,17,2,592.35,12
14210,2010-01-06 10:17:00,2010-03-16 15:02:00,70,0,Loyal,13,2,1082.64,12
14211,2009-12-09 12:48:00,2010-01-26 11:32:00,48,0,Loyal,62,2,408.40000000000003,9
14215,2009-12-08 09:35:00,2010-01-21 08:22:00,44,0,Loyal,67,2,1259.11,11
14225,2010-01-12 15:02:00,2010-01-12 15:02:00,1,0,Lost,76,1,643.5,6
14227,2010-02-08 09:38:00,2010-02-08 09:38:00,1,0,Loyal,49,1,438.03,6
14233,2010-03-05 16:35:00,2010-03-05 16:35:00,1,0,Loyal,23,1,425.3,8
14238,2009-12-05 10:58:00,2010-02-15 11:39:00,73,0,Loyal,42,2,287.38,9
14239,2009-12-05 12:36:00,2010-02-21 12:43:00,79,0,Champions,36,5,693.09,12
14241,2010-01-12 15:11:00,2010-01-12 15:11:00,1,0,Lost,76,1,120.0,3
14244,2010-02-17 11:40:00,2010-02-17 11:40:00,1,0,Loyal,40,1,366.41999999999996,7
14249,2010-01-29 14:21:00,2010-03-18 12:35:00,48,0,Loyal,11,3,1337.64,14
14253,2010-03-26 15:08:00,2010-03-26 15:08:00,1,0,Loyal,3,1,205.35000000000002,8
14256,2010-01-14 10:35:00,2010-01-14 10:35:00,1,0,Lost,74,1,940.3000000000001,7
14257,2010-03-01 15:36:00,2010-03-01 15:36:00,1,0,Loyal,27,1,1189.34,9
14258,2009-12-04 08:36:00,2010-03-18 10:22:00,105,0,Champions,11,5,8143.58,15
14274,2010-01-22 12:51:00,2010-01-22 12:51:00,1,0,Loyal,66,1,256.6,5
14276,2010-02-17 13:10:00,2010-02-17 13:10:00,1,0,Loyal,40,1,307.89,6
14277,2009-12-13 15:43:00,2010-01-13 14:48:00,31,0,Lost,75,2,587.87,9
14279,2010-01-27 16:34:00,2010-01-27 16:34:00,1,0,Loyal,60,1,110.5,4
14282,2010-02-15 11:22:00,2010-02-15 11:22:00,1,0,Loyal,42,1,897.0,8
14284,2010-02-24 12:06:00,2010-02-24 12:06:00,1,0,Loyal,33,1,704.4,8
14285,2009-12-08 14:13:00,2010-02-19 09:36:00,73,0,Loyal,38,2,427.84999999999997,10
14286,2009-12-04 08:40:00,2010-03-10 10:51:00,97,0,Champions,19,3,2613.02,13
14290,2009-12-08 11:44:00,2010-03-08 10:49:00,90,0,Loyal,21,2,1385.1100000000001,13
14291,2009-12-09 10:46:00,2010-03-28 13:38:00,110,0,Loyal,1,2,1439.88,14
14292,2010-03-19 11:10:00,2010-03-19 11:10:00,1,0,Loyal,10,1,704.58,10
14293,2009-12-10 10:57:00,2010-01-21 15:02:00,43,0,Loyal,67,3,1259.35,11
14295,2009-12-08 09:49:00,2009-12-09 13:06:00,2,1,Lost,110,2,598.85,9
14298,2009-12-11 13:49:00,2010-03-04 10:40:00,83,0,Champions,25,8,7107.61,14
14299,2009-12-02 10:58:00,2010-03-18 11:28:00,107,0,Champions,11,6,3941.8,15
14301,2010-02-11 13:07:00,2010-02-11 13:07:00,1,0,Loyal,46,1,307.25,5
14302,2009-12-02 08:16:00,2010-02-15 09:20:00,76,0,Loyal,42,2,471.25,10
14306,2010-01-31 13:42:00,2010-01-31 13:42:00,1,0,Loyal,57,1,302.08,5
14307,2009-12-07 13:06:00,2010-03-22 16:04:00,106,0,Loyal,6,3,1036.76,13
14315,2010-03-15 12:49:00,2010-03-15 12:49:00,1,0,Loyal,14,1,365.43,8
14316,2010-03-19 15:18:00,2010-03-19 15:18:00,1,0,Loyal,9,1,385.38,9
14320,2010-01-21 11:44:00,2010-02-16 12:22:00,27,0,Loyal,41,2,562.21,10
14322,2010-02-18 08:49:00,2010-03-12 09:15:00,23,0,Loyal,17,2,153.60000000000002,9
14324,2010-01-15 13:31:00,2010-01-15 13:31:00,1,0,Lost,73,1,361.81,6
14327,2010-01-08 14:04:00,2010-03-19 14:47:00,71,0,Loyal,10,3,945.32,13
14329,2009-12-16 15:31:00,2010-02-26 10:11:00,72,0,Loyal,31,3,1308.08,12
14330,2010-03-26 09:10:00,2010-03-26 09:10:00,1,0,Loyal,3,1,200.63,8
14341,2009-12-01 12:20:00,2010-03-24 10:03:00,113,0,Champions,5,5,1241.61,15
14343,2010-01-18 16:47:00,2010-03-15 15:33:00,56,0,Loyal,13,2,719.39,12
14344,2010-03-23 15:47:00,2010-03-23 15:47:00,1,0,Loyal,5,1,355.62,9
14347,2009-12-03 10:49:00,2009-12-03 10:49:00,1,1,Lost,116,1,82.6,3
14355,2010-03-22 15:08:00,2010-03-22 15:08:00,1,0,Loyal,7,1,301.14,8
14365,2010-01-27 09:44:00,2010-01-27 09:44:00,1,0,Loyal,61,1,324.5,5
14369,2010-02-16 10:28:00,2010-03-07 15:47:00,20,0,Loyal,21,2,469.13,11
14370,2010-02-01 08:35:00,2010-03-24 10:00:00,52,0,Loyal,5,2,566.4,12
14376,2010-01-25 15:36:00,2010-01-25 15:36:00,1,0,Loyal,62,1,215.46,5
14378,2010-03-28 12:22:00,2010-03-28 12:22:00,1,0,Loyal,1,1,131.25,7
14380,2010-01-26 17:11:00,2010-01-26 17:11:00,1,0,Loyal,61,1,48.96,4
14388,2010-01-20 11:54:00,2010-03-04 14:27:00,44,0,Loyal,25,2,756.84,12
14396,2009-12-02 14:21:00,2010-02-28 14:34:00,89,0,Champions,29,4,1140.19,13
14399,2010-02-03 13:09:00,2010-03-16 16:01:00,42,0,Loyal,12,2,677.55,12
14400,2010-03-18 12:11:00,2010-03-18 12:11:00,1,0,Loyal,11,1,656.25,10
14401,2009-12-14 13:22:00,2010-03-01 13:29:00,78,0,Champions,28,4,1336.94,13
14402,2010-02-25 13:20:00,2010-02-25 13:20:00,1,0,Loyal,32,1,285.6,6
14403,2010-03-10 14:00:00,2010-03-10 14:00:00,1,0,Loyal,19,1,176.39999999999998,6
14404,2009-12-20 14:40:00,2010-03-08 10:15:00,78,0,Loyal,21,4,694.7,13
14408,2009-12-07 12:18:00,2010-03-19 15:40:00,103,0,Loyal,9,2,730.44,13
14413,2010-01-19 14:27:00,2010-01-26 16:29:00,8,0,Loyal,61,2,465.5,9
14415,2009-12-16 14:08:00,2010-02-12 14:46:00,59,0,Loyal,45,2,1187.32,12
14420,2010-01-17 12:41:00,2010-01-17 12:41:00,1,0,Lost,71,1,400.8,6
14421,2010-01-17 11:30:00,2010-01-25 13:21:00,9,0,Loyal,63,2,1021.5,10
14422,2009-12-17 12:12:00,2010-03-11 13:30:00,85,0,Champions,18,4,1481.18,14
14423,2010-01-14 11:49:00,2010-01-14 11:49:00,1,0,Lost,74,1,244.79999999999998,5
14425,2009-12-02 11:31:00,2009-12-17 11:53:00,16,1,Lost,102,2,422.29,8
14426,2010-03-04 14:36:00,2010-03-04 14:36:00,1,0,Loyal,25,1,437.24,8
14427,2010-03-18 09:49:00,2010-03-18 09:49:00,1,0,Loyal,11,1,595.1,10
14431,2010-01-21 10:49:00,2010-01-21 10:49:00,1,0,Lost,67,1,537.25,6
14439,2010-01-21 14:01:00,2010-01-25 09:48:00,4,0,Loyal,63,2,3939.08,11
14440,2009-12-02 12:13:00,2010-03-03 11:08:00,91,0,Loyal,26,3,1859.15,12
14441,2010-01-18 10:40:00,2010-01-18 10:40:00,1,0,Lost,70,1,369.44,6
14442,2010-01-18 12:59:00,2010-01-18 12:59:00,1,0,Lost,70,1,838.75,7
14451,2010-01-17 10:35:00,2010-03-21 10:49:00,64,0,Loyal,8,3,602.13,13
14454,2009-12-06 12:56:00,2010-02-07 12:15:00,63,0,Loyal,50,2,323.9,8
14459,2010-02-26 13:26:00,2010-02-26 13:26:00,1,0,Loyal,31,1,3537.821,9
14460,2009-12-15 19:06:00,2010-02-09 15:45:00,56,0,Loyal,47,2,221.4,8
14461,2010-01-18 12:48:00,2010-01-18 12:48:00,1,0,Lost,70,1,305.44,5
14464,2010-03-22 15:20:00,2010-03-22 15:20:00,1,0,Loyal,6,1,60.0,7
14465,2010-01-07 15:03:00,2010-03-16 16:24:00,69,0,Champions,12,4,969.24,13
14466,2009-12-13 15:44:00,2010-02-28 10:25:00,77,0,Loyal,29,4,892.3,12
14467,2009-12-02 12:44:00,2010-03-16 12:34:00,104,0,Loyal,13,2,250.19,10
14468,2009-12-06 12:21:00,2009-12-06 12:21:00,1,1,Lost,113,1,204.24,4
14469,2010-01-29 11:12:00,2010-01-29 11:12:00,1,0,Loyal,59,1,421.45,6
14471,2009-12-07 12:26:00,2009-12-07 12:26:00,1,1,Lost,112,1,208.82999999999998,4
14472,2010-01-19 13:09:00,2010-01-19 13:09:00,1,0,Lost,69,1,266.05,5
14477,2010-01-04 15:41:00,2010-01-04 15:41:00,1,0,Lost,83,1,165.0,3
14478,2009-12-01 13:20:00,2010-01-26 13:06:00,56,0,Loyal,62,2,578.68,10
14479,2009-12-06 13:48:00,2009-12-06 13:48:00,1,1,Lost,113,1,355.13,5
14480,2009-12-21 16:32:00,2009-12-21 16:32:00,1,1,Lost,97,1,303.85,4
14481,2010-01-31 12:43:00,2010-01-31 12:43:00,1,0,Loyal,57,1,401.32,6
14483,2009-12-03 10:16:00,2009-12-03 10:16:00,1,1,Lost,116,1,120.0,3
14484,2009-12-17 10:57:00,2010-03-12 10:30:00,85,0,Loyal,17,2,528.6800000000001,11
14493,2010-03-08 08:33:00,2010-03-08 08:33:00,1,0,Loyal,21,1,553.7,8
14494,2009-12-08 13:25:00,2009-12-08 13:25:00,1,1,Lost,111,1,114.3,3
14495,2010-02-18 08:49:00,2010-02-18 08:49:00,1,0,Loyal,39,1,51.0,5
14496,2010-03-16 13:15:00,2010-03-16 13:15:00,1,0,Loyal,13,1,754.26,9
14497,2010-02-04 09:59:00,2010-02-04 09:59:00,1,0,Loyal,53,1,221.69,5
14505,2009-12-09 14:48:00,2010-02-21 12:25:00,74,0,Loyal,36,3,1689.52,12
14507,2009-12-10 17:04:00,2010-02-28 12:16:00,80,0,Loyal,29,2,392.9,10
14512,2009-12-07 13:49:00,2009-12-07 13:49:00,1,1,Lost,112,1,153.28,3
14514,2009-12-13 13:21:00,2010-01-25 13:22:00,44,0,Loyal,63,2,1365.19,11
14519,2009-12-11 10:40:00,2010-01-25 11:18:00,46,0,Loyal,63,2,203.14,8
14522,2010-01-24 13:55:00,2010-03-25 12:12:00,60,0,Loyal,4,3,661.5400000000001,13
14525,2009-12-13 14:01:00,2010-02-16 13:53:00,65,0,Loyal,41,3,760.54,11
14530,2010-01-21 11:25:00,2010-03-22 15:47:00,61,0,Loyal,6,3,610.05,13
14532,2010-01-10 11:47:00,2010-03-14 12:05:00,64,0,Loyal,15,3,1196.38,13
14534,2010-03-15 14:16:00,2010-03-15 14:16:00,1,0,Loyal,14,1,371.7,8
14535,2010-02-24 15:03:00,2010-03-25 14:22:00,29,0,Loyal,4,2,1373.64,14
14537,2010-03-26 13:44:00,2010-03-26 13:44:00,1,0,Loyal,3,1,285.84000000000003,8
14538,2010-01-25 15:42:00,2010-01-25 15:42:00,1,0,Loyal,62,1,452.6,6
14540,2009-12-07 13:00:00,2010-02-01 15:23:00,57,0,Loyal,55,4,1101.81,11
14541,2010-01-07 11:59:00,2010-03-22 08:07:00,74,0,Loyal,7,3,467.58000000000004,12
14543,2009-12-01 13:47:00,2010-03-23 15:06:00,113,0,Champions,6,7,3246.5,15
14545,2010-02-03 15:23:00,2010-02-03 15:23:00,1,0,Loyal,53,1,349.25,6
14546,2009-12-06 13:10:00,2010-02-07 11:48:00,63,0,Loyal,50,2,1027.64,10
14548,2009-12-06 14:00:00,2009-12-06 14:06:00,1,1,Lost,113,2,596.18,9
14549,2009-12-02 14:06:00,2009-12-02 14:06:00,1,1,Lost,117,1,313.27,4
14551,2010-01-27 12:06:00,2010-01-27 12:06:00,1,0,Loyal,61,1,148.85,4
14555,2009-12-18 11:39:00,2009-12-18 11:39:00,1,1,Lost,101,1,290.65,4
14556,2010-01-20 11:49:00,2010-02-24 16:15:00,36,0,Loyal,32,2,481.98,10
14558,2009-12-08 10:41:00,2010-02-23 12:51:00,78,0,Loyal,34,3,655.5,11
14560,2009-12-02 10:15:00,2010-03-04 12:31:00,93,0,Champions,25,8,1919.8,14
14562,2010-02-07 14:10:00,2010-03-08 13:48:00,29,0,Loyal,21,2,462.28000000000003,11
14564,2009-12-04 09:27:00,2009-12-04 09:27:00,1,1,Lost,115,1,989.18,6
14572,2010-03-28 13:47:00,2010-03-28 13:47:00,1,0,Loyal,1,1,379.04,9
14573,2010-01-08 16:34:00,2010-01-08 16:34:00,1,0,Lost,79,1,236.8,4
14574,2009-12-07 12:42:00,2009-12-07 12:42:00,1,1,Lost,112,1,143.70000000000002,3
14577,2009-12-11 12:09:00,2010-01-27 12:11:00,48,0,Loyal,61,2,320.79,8
14584,2010-02-17 14:01:00,2010-03-19 16:24:00,31,0,Loyal,9,2,392.65999999999997,12
14590,2009-12-07 14:10:00,2010-03-23 14:29:00,107,0,Champions,6,10,1485.25,15
14593,2009-12-09 12:57:00,2010-03-03 11:51:00,84,0,Champions,26,5,1190.05,13
14595,2010-01-20 13:59:00,2010-01-20 13:59:00,1,0,Lost,68,1,202.35,5
14596,2010-03-23 12:13:00,2010-03-23 12:13:00,1,0,Loyal,6,1,222.22000000000003,8
14602,2010-02-21 15:47:00,2010-02-21 15:47:00,1,0,Loyal,35,1,205.35999999999999,6
14604,2010-03-16 13:00:00,2010-03-16 13:00:00,1,0,Loyal,13,1,143.85999999999999,6
14605,2009-12-08 13:59:00,2009-12-08 14:01:00,1,1,Lost,111,2,208.6,7
14606,2009-12-03 12:40:00,2010-03-24 11:19:00,111,0,Champions,5,32,6190.75,15
14607,2009-12-15 11:25:00,2010-03-19 13:17:00,95,0,Champions,10,5,6360.77,15
14608,2009-12-06 12:34:00,2009-12-10 15:30:00,5,1,Lost,108,2,581.22,9
14609,2010-02-09 09:48:00,2010-02-09 09:48:00,1,0,Loyal,48,1,53.28,4
14613,2010-01-28 13:02:00,2010-01-28 13:02:00,1,0,Loyal,60,1,76.32000000000001,4
14621,2010-01-25 09:08:00,2010-01-25 09:08:00,1,0,Loyal,63,1,518.35,6
14625,2009-12-16 13:23:00,2010-01-28 09:09:00,43,0,Loyal,60,2,1034.07,10
14626,2009-12-10 14:57:00,2010-01-07 11:23:00,28,0,Lost,81,2,768.98,9
14628,2010-01-25 14:40:00,2010-03-08 08:42:00,42,0,Loyal,21,2,693.73,12
14637,2010-01-31 15:52:00,2010-01-31 15:52:00,1,0,Loyal,56,1,106.67999999999999,4
14639,2010-02-16 12:35:00,2010-02-16 12:35:00,1,0,Loyal,41,1,745.47,8
14640,2010-01-22 15:44:00,2010-03-25 10:04:00,62,0,Loyal,4,2,807.1,13
14643,2009-12-11 11:52:00,2010-03-22 15:49:00,102,0,Loyal,6,2,661.48,13
14644,2009-12-03 16:24:00,2009-12-03 16:24:00,1,1,Lost,115,1,338.5,5
14645,2010-03-15 11:33:00,2010-03-15 11:33:00,1,0,Loyal,14,1,279.8,7
14648,2009-12-10 13:59:00,2010-03-18 13:08:00,98,0,Loyal,11,4,675.13,14
14649,2010-01-20 13:10:00,2010-03-05 13:24:00,45,0,Loyal,24,2,913.72,12
14651,2010-03-18 11:39:00,2010-03-18 11:42:00,1,0,Loyal,11,2,376.85,12
14653,2009-12-02 11:51:00,2010-01-26 16:29:00,56,0,Loyal,61,3,1125.45,11
14654,2009-12-01 12:57:00,2009-12-01 12:57:00,1,1,Lost,118,1,246.86,4
14662,2009-12-03 16:47:00,2010-03-17 11:21:00,104,0,Loyal,12,2,218.25,10
14667,2009-12-02 12:38:00,2010-03-15 13:45:00,104,0,Champions,14,8,2830.2,14
14669,2009-12-02 13:06:00,2010-03-16 09:39:00,104,0,Champions,13,4,1957.54,14
14670,2009-12-07 13:59:00,2009-12-07 13:59:00,1,1,Lost,112,1,190.47,3
14672,2010-01-28 11:33:00,2010-01-28 11:33:00,1,0,Loyal,60,1,155.86,4
14676,2010-03-10 09:30:00,2010-03-10 09:30:00,1,0,Loyal,19,1,655.92,10
14679,2009-12-08 17:13:00,2009-12-08 17:13:00,1,1,Lost,110,1,438.74,6
14681,2010-02-24 08:54:00,2010-03-05 12:57:00,10,0,Loyal,24,2,168.0,9
14682,2010-02-05 14:47:00,2010-03-25 17:06:00,49,0,Loyal,3,2,469.22,12
14685,2009-12-13 11:32:00,2010-03-25 13:43:00,103,0,Champions,4,7,3795.94,15
14686,2010-02-18 18:29:00,2010-02-18 18:33:00,1,0,Loyal,38,2,302.92,9
14695,2009-12-07 11:05:00,2009-12-07 13:07:00,1,1,Lost,112,2,911.6800000000001,9
14701,2010-01-24 12:15:00,2010-01-24 12:15:00,1,0,Loyal,64,1,472.18,7
14702,2009-12-10 20:22:00,2010-03-18 19:29:00,98,0,Champions,10,4,1292.09,15
14704,2010-03-25 17:21:00,2010-03-25 17:21:00,1,0,Loyal,3,1,112.14,8
14709,2009-12-05 15:26:00,2010-03-22 13:30:00,107,0,Champions,7,4,1309.75,15
14710,2009-12-03 17:12:00,2009-12-09 17:27:00,7,1,Lost,109,2,73.5,6
14713,2009-12-03 19:22:00,2010-03-11 19:24:00,99,0,Loyal,17,3,578.9399999999999,12
14714,2010-01-21 11:51:00,2010-01-21 11:51:00,1,0,Lost,67,1,149.0,5
14715,2010-01-19 12:18:00,2010-01-19 12:18:00,1,0,Lost,69,1,286.43,6
14717,2009-12-06 13:05:00,2009-12-06 13:05:00,1,1,Lost,113,1,81.3,4
14723,2009-12-04 11:22:00,2009-12-04 11:22:00,1,1,Lost,115,1,141.63,4
14726,2010-02-23 12:35:00,2010-02-23 12:35:00,1,0,Loyal,34,1,116.5,6
14729,2010-03-24 13:30:00,2010-03-24 13:35:00,1,0,Loyal,5,2,272.75,11
14732,2009-12-09 10:48:00,2010-02-25 18:44:00,79,0,Champions,31,6,1327.19,13
14735,2009-12-04 11:32:00,2010-03-28 15:12:00,115,0,Champions,1,8,1922.6000000000001,15
14738,2009-12-07 10:21:00,2009-12-07 10:21:00,1,1,Lost,112,1,311.2,5
14739,2009-12-02 13:23:00,2010-03-23 12:20:00,111,0,Champions,6,6,2949.12,15
14740,2010-02-25 11:40:00,2010-03-04 15:39:00,8,0,Loyal,24,2,429.82,11
14745,2010-03-12 10:33:00,2010-03-12 10:33:00,1,0,Loyal,17,1,415.3,9
14748,2010-03-04 17:08:00,2010-03-04 17:08:00,1,0,Loyal,24,1,363.56,9
14750,2009-12-03 17:57:00,2009-12-03 17:57:00,1,1,Lost,115,1,112.03,4
14751,2009-12-13 14:08:00,2010-01-24 13:37:00,42,0,Loyal,64,2,126.45,7
14754,2010-01-18 11:04:00,2010-01-18 11:04:00,1,0,Lost,70,1,356.61,7
14755,2009-12-03 16:51:00,2010-03-01 15:21:00,88,0,Champions,27,5,1411.4,13
14762,2010-03-23 15:36:00,2010-03-23 15:36:00,1,0,Loyal,5,1,117.05000000000001,8
14769,2009-12-16 09:17:00,2010-03-23 09:43:00,98,0,Champions,6,4,2141.37,15
14770,2010-02-25 18:58:00,2010-02-25 18:58:00,1,0,Loyal,31,1,936.28,9
14771,2009-12-03 09:44:00,2010-03-28 12:52:00,116,0,Loyal,1,2,594.62,13
14783,2010-02-18 16:16:00,2010-02-18 16:16:00,1,0,Loyal,38,1,307.3,7
14790,2009-12-11 14:37:00,2009-12-20 13:47:00,9,1,Lost,99,2,567.96,8
14796,2009-12-14 15:06:00,2010-03-19 14:16:00,95,0,Loyal,10,3,622.0500000000001,13
14798,2010-03-01 08:38:00,2010-03-01 08:38:00,1,0,Loyal,28,1,187.37,6
14799,2009-12-02 11:18:00,2009-12-02 11:18:00,1,1,Lost,117,1,180.45,4
14805,2010-03-28 12:34:00,2010-03-28 12:34:00,1,0,Loyal,1,1,197.78,9
14807,2010-02-28 11:33:00,2010-02-28 11:33:00,1,0,Loyal,29,1,349.64,8
14817,2010-03-22 12:10:00,2010-03-22 12:10:00,1,0,Loyal,7,1,546.03,10
14818,2010-03-02 12:48:00,2010-03-02 12:48:00,1,0,Loyal,27,1,105.55,6
14819,2009-12-21 15:54:00,2009-12-21 15:54:00,1,1,Lost,97,1,29.79,4
14820,2010-01-31 12:49:00,2010-01-31 12:49:00,1,0,Loyal,57,1,115.2,5
14821,2010-02-01 13:33:00,2010-03-18 07:31:00,45,0,Loyal,11,3,293.65,11
14824,2010-03-12 13:07:00,2010-03-12 13:07:00,1,0,Loyal,17,1,795.5,10
14826,2010-01-13 13:08:00,2010-01-13 13:08:00,1,0,Lost,75,1,177.9,4
14828,2009-12-07 11:19:00,2010-03-10 10:54:00,93,0,Champions,19,4,3305.84,14
14831,2009-12-02 09:21:00,2010-01-28 14:31:00,58,0,Loyal,60,3,1676.57,11
14832,2010-03-19 15:14:00,2010-03-19 15:14:00,1,0,Loyal,9,1,322.69,9
14837,2010-01-24 10:20:00,2010-01-24 10:20:00,1,0,Loyal,64,1,277.68,6
14838,2009-12-03 09:52:00,2009-12-03 09:52:00,1,1,Lost,116,1,119.10000000000001,4
14839,2010-01-04 16:29:00,2010-01-04 16:29:00,1,0,Lost,83,1,425.06,6
14841,2009-12-02 16:49:00,2010-03-04 18:46:00,93,0,Champions,24,4,1627.59,14
14849,2010-01-10 11:40:00,2010-03-28 11:09:00,77,0,Champions,1,4,2024.7,15
14851,2010-03-19 11:52:00,2010-03-19 11:52:00,1,0,Loyal,10,1,318.06,9
14852,2010-03-05 14:51:00,2010-03-05 15:21:00,1,0,Loyal,23,2,427.04,11
14854,2010-01-22 09:48:00,2010-01-22 09:48:00,1,0,Loyal,66,1,302.06,6
14857,2010-03-15 11:00:00,2010-03-15 11:04:00,1,0,Loyal,14,2,843.471,12
14861,2009-12-08 12:12:00,2010-02-04 17:05:00,59,0,Loyal,52,3,606.36,10
14865,2009-12-01 16:05:00,2009-12-01 16:05:00,1,1,Lost,117,1,31.200000000000003,4
14867,2009-12-05 15:47:00,2010-03-02 15:45:00,87,0,Champions,26,6,695.29,12
14869,2009-12-16 11:43:00,2010-02-14 15:38:00,61,0,Loyal,42,2,1120.56,12
14870,2010-01-25 09:05:00,2010-03-01 11:04:00,36,0,Loyal,28,2,732.1,11
14871,2009-12-01 11:57:00,2009-12-15 11:28:00,14,1,Lost,104,2,319.65000000000003,7
14872,2010-03-16 14:41:00,2010-03-16 14:41:00,1,0,Loyal,13,1,303.98,8
14873,2010-03-16 10:51:00,2010-03-16 10:51:00,1,0,Loyal,13,1,334.45,8
14877,2010-03-07 12:25:00,2010-03-07 12:25:00,1,0,Loyal,22,1,206.7,8
14878,2010-02-21 11:14:00,2010-03-11 14:03:00,19,0,Champions,18,5,604.87,13
14879,2010-01-24 11:35:00,2010-01-24 11:35:00,1,0,Loyal,64,1,185.06,5
14884,2010-02-08 12:56:00,2010-02-08 12:56:00,1,0,Loyal,49,1,120.6,5
14890,2010-02-18 09:00:00,2010-02-18 09:00:00,1,0,Loyal,39,1,301.78999999999996,7
14892,2010-01-18 08:58:00,2010-01-18 08:58:00,1,0,Lost,70,1,202.35000000000002,6
14894,2009-12-02 10:42:00,2009-12-02 10:42:00,1,1,Lost,117,1,299.70000000000005,5
14895,2009-12-10 14:22:00,2010-03-02 15:23:00,83,0,Champions,26,4,3538.1,13
14896,2009-12-06 12:42:00,2010-03-05 11:16:00,89,0,Loyal,24,4,934.74,13
14897,2009-12-15 17:05:00,2009-12-15 17:05:00,1,1,Lost,103,1,301.16,5
14898,2009-12-03 16:40:00,2010-02-25 16:58:00,85,0,Loyal,31,3,861.96,11
14905,2009-12-03 14:36:00,2010-03-03 14:43:00,91,0,Loyal,26,2,371.9,10
14909,2010-02-14 15:47:00,2010-02-14 15:47:00,1,0,Loyal,42,1,352.5,8
14912,2010-01-26 16:29:00,2010-01-26 16:29:00,1,0,Loyal,61,1,39.67,5
14915,2009-12-03 10:17:00,2010-03-03 12:45:00,91,0,Loyal,26,2,367.26000000000005,10
14924,2010-03-10 12:51:00,2010-03-10 12:51:00,1,0,Loyal,19,1,310.14,8
14928,2010-03-22 09:14:00,2010-03-22 09:14:00,1,0,Loyal,7,1,223.91000000000003,9
14940,2009-12-06 15:46:00,2009-12-06 15:46:00,1,1,Lost,112,1,182.01,4
14942,2009-12-10 10:32:00,2010-03-11 12:31:00,92,0,Loyal,18,2,229.10999999999999,10
14943,2010-02-14 16:04:00,2010-02-14 16:04:00,1,0,Loyal,42,1,107.62,6
14944,2010-02-17 08:47:00,2010-02-17 08:49:00,1,0,Loyal,40,2,1143.0,12
14947,2010-03-25 11:29:00,2010-03-25 11:29:00,1,0,Loyal,4,1,322.6,9
14949,2009-12-18 15:28:00,2010-03-01 09:24:00,73,0,Loyal,28,3,330.77,9
14952,2009-12-03 15:34:00,2010-02-18 13:42:00,77,0,Champions,39,5,3391.94,13
14954,2010-01-05 16:38:00,2010-01-05 16:38:00,1,0,Lost,82,1,167.27,4
14955,2009-12-07 11:35:00,2009-12-07 11:35:00,1,1,Lost,112,1,163.77,4
14957,2010-03-05 10:50:00,2010-03-05 10:50:00,1,0,Loyal,24,1,203.2,8
14958,2009-12-03 16:02:00,2010-03-23 13:26:00,110,0,Loyal,6,2,335.66,11
14961,2009-12-04 11:32:00,2009-12-14 13:36:00,11,1,Lost,105,2,2608.4700000000003,10
14966,2009-12-15 13:48:00,2009-12-16 11:47:00,1,1,Lost,103,2,324.47,7
14967,2009-12-03 14:07:00,2010-02-18 12:22:00,77,0,Loyal,39,2,769.61,11
14969,2010-01-05 12:43:00,2010-01-05 12:43:00,1,0,Lost,83,1,906.23,7
14970,2010-02-14 13:37:00,2010-03-21 12:24:00,35,0,Loyal,8,3,1053.8,13
14977,2009-12-14 10:37:00,2009-12-14 10:37:00,1,1,Lost,105,1,31.929999999999996,4
14979,2009-12-04 12:54:00,2009-12-04 12:54:00,1,1,Lost,115,1,429.66,6
14980,2009-12-02 14:09:00,2009-12-02 14:09:00,1,1,Lost,117,1,150.68,4
14983,2010-01-19 17:32:00,2010-01-19 17:32:00,1,0,Lost,68,1,183.20000000000002,5
14984,2010-01-11 13:22:00,2010-01-11 13:22:00,1,0,Lost,77,1,117.0,4
14986,2010-01-24 15:54:00,2010-01-24 15:54:00,1,0,Loyal,63,1,323.38,6
14987,2009-12-02 14:56:00,2009-12-21 11:14:00,19,1,Lost,98,4,566.6999999999999,9
14989,2010-02-16 10:40:00,2010-02-16 10:40:00,1,0,Loyal,41,1,342.4,8
14990,2009-12-09 13:31:00,2009-12-09 13:31:00,1,1,Lost,110,1,200.23999999999998,5
14994,2010-03-26 14:16:00,2010-03-26 14:16:00,1,0,Loyal,3,1,181.7,8
14997,2010-02-22 12:11:00,2010-02-22 12:11:00,1,0,Loyal,35,1,230.4,7
15002,2010-01-12 11:40:00,2010-02-17 11:44:00,37,0,Loyal,40,3,1547.72,12
15003,2010-01-26 13:04:00,2010-03-23 11:41:00,56,0,Champions,6,5,855.7,14
15005,2009-12-01 14:19:00,2010-03-21 15:03:00,111,0,Champions,8,9,2192.13,15
15008,2010-03-12 11:13:00,2010-03-12 11:13:00,1,0,Loyal,17,1,120.0,7
15013,2010-01-31 12:15:00,2010-02-28 11:16:00,28,0,Loyal,29,3,498.79,10
15015,2009-12-14 14:46:00,2010-03-24 13:15:00,100,0,Champions,5,8,1043.42,14
15022,2010-01-31 16:02:00,2010-01-31 16:02:00,1,0,Loyal,56,1,281.05,6
15023,2010-02-03 15:45:00,2010-02-03 15:45:00,1,0,Loyal,53,1,684.58,8
15027,2010-03-25 14:39:00,2010-03-25 14:39:00,1,0,Loyal,4,1,525.34,10
15030,2010-03-04 17:10:00,2010-03-18 17:34:00,15,0,Loyal,10,2,615.6,13
15031,2009-12-08 13:38:00,2010-02-28 16:00:00,83,0,Champions,28,4,1292.74,13
15032,2009-12-10 15:27:00,2009-12-10 15:27:00,1,1,Lost,108,1,1505.4,8
15039,2009-12-10 11:39:00,2010-03-18 11:51:00,99,0,Champions,11,9,1347.43,15
15044,2009-12-16 15:13:00,2010-02-11 12:18:00,57,0,Champions,46,6,3266.6,12
15046,2010-01-14 14:29:00,2010-02-04 12:22:00,21,0,Loyal,53,3,897.88,10
15051,2009-12-01 13:29:00,2010-02-16 10:44:00,77,0,Loyal,41,2,766.12,11
15055,2009-12-16 15:48:00,2009-12-16 15:48:00,1,1,Lost,102,1,244.42,5
15057,2009-12-05 15:27:00,2010-03-24 11:51:00,109,0,Loyal,5,2,865.04,13
15058,2010-02-24 14:07:00,2010-02-24 14:07:00,1,0,Loyal,33,1,303.65,7
15059,2009-12-06 12:17:00,2010-02-21 12:52:00,78,0,Loyal,36,4,842.87,12
15064,2009-12-22 16:17:00,2009-12-22 16:17:00,1,1,Lost,96,1,324.99,5
15068,2010-03-28 13:18:00,2010-03-28 13:18:00,1,0,Loyal,1,1,334.87,9
15070,2009-12-15 13:49:00,2009-12-15 13:49:00,1,1,Lost,104,1,324.8,5
15073,2010-01-27 08:48:00,2010-01-27 08:48:00,1,0,Loyal,61,1,478.9,7
15077,2009-12-09 17:10:00,2009-12-09 17:10:00,1,1,Lost,109,1,873.48,7
15078,2009-12-04 12:03:00,2010-03-09 16:02:00,96,0,Champions,19,5,1839.8600000000001,14
15079,2009-12-08 11:22:00,2010-03-23 13:40:00,106,0,Loyal,6,3,1755.96,15
15082,2010-02-09 10:23:00,2010-02-09 10:23:00,1,0,Loyal,48,1,93.35000000000001,5
15084,2010-03-04 10:45:00,2010-03-04 10:45:00,1,0,Loyal,25,1,349.4,9
15085,2009-12-10 11:47:00,2009-12-10 11:47:00,1,1,Lost,109,1,347.54,6
15086,2010-03-24 13:56:00,2010-03-24 13:56:00,1,0,Loyal,5,1,110.03,8
15091,2010-02-03 11:46:00,2010-02-03 11:50:00,1,0,Loyal,54,2,565.9,9
15093,2009-12-08 12:46:00,2010-03-10 14:24:00,93,0,Champions,19,4,2853.34,14
15094,2010-03-05 12:56:00,2010-03-05 12:56:00,1,0,Loyal,24,1,50.0,7
15095,2010-01-21 09:37:00,2010-01-21 09:37:00,1,0,Lost,67,1,274.89,6
15100,2010-01-07 14:33:00,2010-01-07 14:33:00,1,0,Lost,81,1,217.2,5
15105,2010-03-23 12:18:00,2010-03-23 12:18:00,1,0,Loyal,6,1,330.38,9
15109,2009-12-04 12:33:00,2009-12-04 12:33:00,1,1,Lost,115,1,231.2,5
15115,2009-12-07 11:20:00,2009-12-07 11:20:00,1,1,Lost,112,1,191.74,4
15117,2010-03-15 13:39:00,2010-03-15 13:40:00,1,0,Loyal,14,2,359.69,11
15123,2010-03-16 09:49:00,2010-03-16 09:49:00,1,0,Loyal,13,1,456.65999999999997,9
15124,2010-02-26 10:49:00,2010-02-26 10:49:00,1,0,Loyal,31,1,134.03,6
15126,2010-01-21 17:09:00,2010-01-21 17:09:00,1,0,Loyal,66,1,192.45000000000002,5
15137,2010-01-28 15:45:00,2010-01-28 15:45:00,1,0,Loyal,59,1,392.82,7
15144,2009-12-13 11:35:00,2010-02-24 12:51:00,74,0,Loyal,33,2,1392.8,12
15149,2010-02-28 11:13:00,2010-02-28 11:14:00,1,0,Loyal,29,2,323.83,9
15152,2010-01-07 15:15:00,2010-01-07 15:15:00,1,0,Lost,80,1,518.14,6
15157,2009-12-10 14:44:00,2009-12-10 14:44:00,1,1,Lost,109,1,448.2,6
15162,2009-12-08 13:14:00,2009-12-08 13:14:00,1,1,Lost,111,1,312.9,5
15164,2010-01-18 13:34:00,2010-01-18 13:34:00,1,0,Lost,70,1,203.48,6
15167,2010-02-04 14:13:00,2010-02-04 14:13:00,1,0,Loyal,53,1,659.43,8
15169,2009-12-13 11:16:00,2009-12-13 11:16:00,1,1,Lost,106,1,356.17,6
15176,2010-02-10 10:36:00,2010-02-10 10:36:00,1,0,Loyal,47,1,988.04,8
15179,2009-12-03 12:27:00,2010-03-03 12:10:00,90,0,Loyal,26,3,2283.87,13
15181,2009-12-08 19:02:00,2009-12-08 19:02:00,1,1,Lost,110,1,162.72,4
15182,2010-02-21 12:03:00,2010-02-21 12:03:00,1,0,Loyal,36,1,564.8910000000001,8
15184,2009-12-16 12:06:00,2009-12-16 12:06:00,1,1,Lost,103,1,123.19,4
15186,2010-01-12 10:14:00,2010-01-12 10:14:00,1,0,Lost,76,1,163.4,4
15188,2009-12-14 13:30:00,2009-12-14 13:30:00,1,1,Lost,105,1,310.43,5
15191,2010-01-20 12:35:00,2010-01-20 12:35:00,1,0,Lost,68,2,342.75,9
15192,2010-01-29 10:13:00,2010-01-29 10:13:00,1,0,Loyal,59,1,311.24,6
15194,2009-12-03 10:37:00,2010-03-17 13:28:00,105,0,Champions,12,5,1815.39,14
15196,2009-12-13 11:14:00,2009-12-13 11:14:00,1,1,Lost,106,1,149.7,4
15197,2009-12-11 12:56:00,2009-12-11 12:56:00,1,1,Lost,108,1,117.96000000000001,4
15198,2010-01-19 10:01:00,2010-01-19 10:01:00,1,0,Lost,69,1,80.8,5
15203,2009-12-08 18:06:00,2010-03-05 09:09:00,87,0,Loyal,24,3,1074.79,13
15209,2009-12-09 17:26:00,2009-12-09 17:26:00,1,1,Lost,109,1,178.98000000000002,4
15218,2010-01-26 11:33:00,2010-03-19 15:45:00,53,0,Loyal,9,3,1417.51,15
15219,2010-03-01 11:33:00,2010-03-01 11:33:00,1,0,Loyal,28,1,379.7,8
15221,2010-03-12 10:40:00,2010-03-12 10:40:00,1,0,Loyal,17,1,323.35,8
15222,2009-12-16 13:49:00,2010-03-22 09:23:00,96,0,Champions,7,6,1739.3600000000001,15
15223,2009-12-05 11:19:00,2010-01-17 14:54:00,44,0,Lost,71,2,436.6,9
15224,2010-01-15 16:14:00,2010-03-03 10:11:00,47,0,Loyal,26,2,389.2,10
15227,2010-03-16 08:23:00,2010-03-16 08:23:00,1,0,Loyal,13,1,334.08000000000004,8
15231,2010-03-28 15:12:00,2010-03-28 15:12:00,1,0,Loyal,1,1,127.19999999999999,8
15240,2009-12-05 14:57:00,2009-12-05 14:57:00,1,1,Lost,114,1,549.77,6
15241,2010-02-23 13:59:00,2010-02-23 13:59:00,1,0,Loyal,34,1,295.64,7
15244,2010-02-11 14:48:00,2010-02-11 14:48:00,1,0,Loyal,46,1,280.51,6
15249,2010-03-26 14:51:00,2010-03-26 14:51:00,1,0,Loyal,3,1,780.92,11
15250,2010-03-09 07:35:00,2010-03-09 07:35:00,1,0,Loyal,20,1,60.0,7
15251,2010-01-29 12:42:00,2010-03-15 13:06:00,46,0,Champions,14,3,4634.29,14
15255,2009-12-03 09:10:00,2009-12-03 09:10:00,1,1,Lost,116,1,260.44,5
15259,2010-01-26 09:41:00,2010-01-26 09:41:00,1,0,Loyal,62,1,302.55,6
15260,2009-12-06 11:45:00,2010-03-25 16:33:00,110,0,Champions,3,4,1057.42,14
15265,2009-12-01 17:08:00,2009-12-01 17:08:00,1,1,Lost,117,1,294.14,5
15266,2010-01-07 12:19:00,2010-01-22 15:04:00,16,0,Lost,66,2,292.2,8
15270,2009-12-17 15:02:00,2010-03-23 11:29:00,96,0,Champions,6,6,2479.06,15
15272,2010-02-14 13:39:00,2010-02-14 13:39:00,1,0,Loyal,43,1,435.09,8
15278,2010-02-12 14:53:00,2010-02-12 14:54:00,1,0,Loyal,45,2,257.71999999999997,9
15279,2010-02-02 10:15:00,2010-03-19 13:22:00,46,0,Loyal,10,2,665.53,13
15287,2009-12-02 12:13:00,2009-12-02 12:13:00,1,1,Lost,117,1,58.2,4
15288,2010-02-12 15:27:00,2010-02-12 15:27:00,1,0,Loyal,44,1,334.5,7
15289,2010-03-28 11:45:00,2010-03-28 11:45:00,1,0,Loyal,1,1,439.62,10
15290,2010-02-24 10:15:00,2010-02-24 10:15:00,1,0,Loyal,33,1,277.12,7
15291,2009-12-03 11:09:00,2010-03-10 16:50:00,98,0,Champions,18,10,3633.46,14
15293,2010-02-12 11:54:00,2010-02-12 11:54:00,1,0,Loyal,45,1,247.5,7
15295,2010-02-23 13:03:00,2010-02-23 13:03:00,1,0,Loyal,34,1,207.04,7
15296,2010-01-21 13:48:00,2010-01-21 13:48:00,1,0,Loyal,67,1,1210.43,9
15298,2009-12-08 17:04:00,2010-03-22 13:23:00,104,0,Loyal,7,3,1085.25,14
15299,2010-01-12 11:34:00,2010-01-12 11:34:00,1,0,Lost,76,1,731.52,7
15302,2009-12-09 13:11:00,2009-12-09 13:11:00,1,1,Lost,110,1,308.0,5
15303,2010-01-25 09:42:00,2010-01-25 09:42:00,1,0,Loyal,63,1,302.2,6
15306,2010-02-18 17:12:00,2010-02-18 17:12:00,1,0,Loyal,38,1,387.51,8
15309,2009-12-04 13:01:00,2010-03-10 10:48:00,96,0,Loyal,19,3,630.71,13
15312,2009-12-16 09:23:00,2010-03-16 16:22:00,91,0,Champions,12,4,1100.3,13
15317,2010-01-31 15:55:00,2010-01-31 15:55:00,1,0,Loyal,56,1,129.75,5
15321,2010-02-03 09:47:00,2010-02-25 09:21:00,22,0,Loyal,32,3,1171.42,13
15323,2010-02-16 09:21:00,2010-02-16 09:21:00,1,0,Loyal,41,1,108.2,6
15324,2010-01-07 14:37:00,2010-01-07 14:37:00,1,0,Lost,81,1,140.22000000000003,4
15325,2010-02-16 13:30:00,2010-03-19 10:40:00,31,0,Loyal,10,2,392.8,12
15326,2009-12-01 13:19:00,2010-02-05 09:53:00,66,0,Loyal,52,3,1090.3700000000001,11
15329,2009-12-14 12:18:00,2010-03-24 12:18:00,101,0,Loyal,5,3,774.1700000000001,14
15338,2010-01-31 14:25:00,2010-01-31 14:25:00,1,0,Loyal,57,1,277.93,6
15339,2010-02-08 13:38:00,2010-03-26 17:24:00,47,0,Loyal,2,2,290.73,11
15353,2009-12-02 11:33:00,2009-12-02 11:33:00,1,1,Lost,117,1,271.74,5
15358,2009-12-07 12:19:00,2010-03-04 12:41:00,88,0,Champions,25,5,1801.05,14
15359,2010-01-15 11:30:00,2010-02-15 10:47:00,31,0,Champions,42,8,181.35,9
15362,2009-12-01 09:08:00,2009-12-01 09:08:00,1,1,Lost,118,1,310.75,5
15365,2010-02-04 16:43:00,2010-02-04 16:43:00,1,0,Loyal,52,1,325.12,6
15366,2010-02-26 10:10:00,2010-02-26 10:10:00,1,0,Loyal,31,1,316.59,7
15367,2009-12-10 14:20:00,2010-03-02 14:36:00,83,0,Loyal,27,2,1211.6200000000001,12
15369,2009-12-08 07:43:00,2010-02-01 15:40:00,56,0,Loyal,55,4,1120.0,12
15371,2010-02-15 13:14:00,2010-02-15 13:14:00,1,0,Loyal,42,1,59.400000000000006,6
15372,2010-02-14 11:24:00,2010-02-16 13:52:00,3,0,Champions,41,4,2416.08,13
15374,2010-03-25 12:03:00,2010-03-25 12:03:00,1,0,Loyal,4,1,139.32,8
15375,2010-01-18 15:38:00,2010-01-18 15:38:00,1,0,Lost,69,1,60.959999999999994,5
15380,2009-12-01 13:50:00,2010-03-25 12:20:00,114,0,Champions,4,4,897.74,14
15382,2009-12-04 14:13:00,2010-02-22 10:24:00,80,0,Loyal,35,2,3156.13,12
15385,2010-01-31 13:02:00,2010-01-31 13:02:00,1,0,Loyal,57,1,307.8,6
15389,2010-01-27 12:44:00,2010-01-27 12:44:00,1,0,Loyal,61,1,854.8,8
15393,2009-12-15 17:56:00,2010-01-15 15:27:00,31,0,Lost,72,2,363.21000000000004,9
15394,2009-12-15 19:05:00,2009-12-15 19:05:00,1,1,Lost,103,1,297.4,5
15403,2009-12-09 12:45:00,2009-12-09 12:45:00,1,1,Lost,110,1,95.75999999999999,4
15409,2009-12-18 15:35:00,2009-12-18 15:35:00,1,1,Lost,100,1,131.25,4
15413,2009-12-01 10:18:00,2010-01-17 11:33:00,48,0,Champions,71,5,6798.72,12
15416,2010-02-01 11:55:00,2010-02-01 11:55:00,1,0,Loyal,56,1,389.03000000000003,7
15420,2009-12-05 13:29:00,2010-01-31 12:06:00,57,0,Loyal,57,3,340.44,10
15421,2009-12-07 15:10:00,2010-02-28 12:29:00,83,0,Loyal,29,3,1443.33,13
15422,2010-02-07 11:52:00,2010-02-07 11:52:00,1,0,Loyal,50,1,298.99,6
15423,2010-03-28 13:42:00,2010-03-28 13:42:00,1,0,Loyal,1,1,153.54999999999998,8
15425,2010-02-14 12:36:00,2010-03-21 11:32:00,35,0,Loyal,8,2,1506.22,14
15428,2009-12-17 17:46:00,2010-03-12 15:13:00,85,0,Loyal,16,2,381.72,11
15434,2010-01-24 15:35:00,2010-01-24 15:35:00,1,0,Loyal,63,1,285.35,6
15437,2010-03-09 10:45:00,2010-03-09 10:45:00,1,0,Loyal,20,1,193.29000000000002,7
15439,2010-02-24 12:05:00,2010-02-24 12:09:00,1,0,Loyal,33,2,748.85,11
15441,2009-12-09 14:55:00,2009-12-09 14:55:00,1,1,Lost,110,1,301.57,5
15443,2010-03-07 12:10:00,2010-03-26 11:42:00,19,0,Loyal,3,3,624.41,14
15446,2009-12-13 13:53:00,2010-03-21 11:15:00,98,0,Loyal,8,2,230.77,11
15447,2010-03-24 14:40:00,2010-03-24 14:40:00,1,0,Loyal,5,1,101.30000000000001,8
15448,2010-02-03 13:29:00,2010-02-03 13:29:00,1,0,Loyal,54,1,294.17,6
15456,2009-12-08 12:54:00,2010-02-25 18:12:00,80,0,Loyal,31,4,914.65,12
15461,2010-03-18 12:40:00,2010-03-18 12:40:00,1,0,Loyal,11,1,210.0,9
15465,2009-12-10 09:42:00,2010-03-19 14:44:00,100,0,Champions,10,8,1479.48,15
15466,2009-12-03 12:28:00,2009-12-03 12:28:00,1,1,Lost,116,1,740.46,7
15477,2010-02-28 10:37:00,2010-02-28 10:37:00,1,0,Loyal,29,1,368.4,8
15479,2009-12-06 15:08:00,2009-12-06 15:08:00,1,1,Lost,113,1,147.4,4
15480,2010-02-01 14:52:00,2010-02-01 15:17:00,1,0,Loyal,55,2,1636.38,11
15482,2009-12-02 16:59:00,2010-03-21 13:42:00,109,0,Champions,8,5,1488.03,15
15483,2010-01-24 15:42:00,2010-01-24 15:42:00,1,0,Loyal,63,1,160.10999999999999,5
15484,2009-12-05 15:18:00,2009-12-05 15:18:00,1,1,Lost,113,1,689.5,7
15485,2009-12-01 17:31:00,2010-01-27 15:17:00,57,0,Loyal,60,3,1222.92,12
15487,2010-01-29 12:07:00,2010-01-29 12:07:00,1,0,Loyal,59,1,231.32,6
15489,2010-01-15 16:58:00,2010-01-15 16:58:00,1,0,Lost,72,1,214.0,6
15493,2010-02-23 11:14:00,2010-02-23 11:14:00,1,0,Loyal,34,1,430.02,8
15494,2009-12-10 20:16:00,2009-12-10 20:16:00,1,1,Lost,108,1,893.61,7
15496,2010-03-18 13:16:00,2010-03-18 13:16:00,1,0,Loyal,11,1,146.14000000000001,8
15497,2009-12-18 15:08:00,2010-02-03 09:43:00,47,0,Loyal,54,3,1405.51,12
15498,2009-12-16 17:27:00,2010-02-21 13:18:00,67,0,Loyal,36,2,3853.92,12
15499,2009-12-16 12:17:00,2009-12-16 12:17:00,1,1,Lost,103,1,158.65,4
15503,2009-12-13 11:34:00,2009-12-13 11:34:00,1,1,Lost,106,1,116.26,4
15504,2010-02-12 12:34:00,2010-02-12 12:34:00,1,0,Loyal,45,1,147.71,6
15512,2010-02-01 13:23:00,2010-02-01 13:23:00,1,0,Loyal,56,1,39.0,5
15513,2010-01-13 14:59:00,2010-03-25 11:09:00,71,0,Champions,4,3,2496.92,15
15514,2009-12-04 16:37:00,2010-02-24 17:23:00,83,0,Champions,32,4,1559.29,13
15518,2009-12-20 12:21:00,2010-01-26 12:55:00,38,0,Loyal,62,2,502.98,9
15521,2010-01-05 10:19:00,2010-01-05 10:19:00,1,0,Lost,83,1,531.72,6
15523,2009-12-02 15:16:00,2010-03-26 08:51:00,114,0,Champions,3,6,3654.33,15
15527,2009-12-15 17:31:00,2010-03-25 10:04:00,100,0,Champions,4,5,1052.54,14
15534,2009-12-14 12:48:00,2009-12-14 12:48:00,1,1,Lost,105,1,162.25,4
15538,2010-02-14 12:38:00,2010-03-08 12:18:00,22,0,Loyal,21,3,2220.6499999999996,14
15542,2009-12-02 11:53:00,2009-12-02 12:06:00,1,1,Lost,117,2,509.78,8
15544,2010-01-28 14:39:00,2010-03-10 14:49:00,42,0,Champions,19,4,1721.97,14
15547,2009-12-06 13:40:00,2010-03-25 11:32:00,109,0,Loyal,4,3,1921.43,15
15549,2010-01-11 13:16:00,2010-03-25 16:43:00,74,0,Loyal,3,3,380.65,13
15550,2009-12-03 15:15:00,2010-02-02 14:22:00,61,0,Loyal,55,4,700.71,11
15552,2010-03-26 16:17:00,2010-03-26 16:17:00,1,0,Loyal,2,1,162.4,8
15555,2009-12-06 11:58:00,2010-02-01 15:13:00,58,0,Loyal,55,3,1671.99,12
15558,2010-03-10 15:25:00,2010-03-10 15:25:00,1,0,Loyal,18,1,202.68,8
15561,2010-02-14 12:22:00,2010-02-14 12:22:00,1,0,Loyal,43,1,336.27,8
15562,2009-12-13 15:17:00,2009-12-13 15:17:00,1,1,Lost,105,1,358.56,6
15563,2010-01-28 11:36:00,2010-01-28 11:36:00,1,0,Loyal,60,1,428.8,7
15564,2010-02-01 15:58:00,2010-02-01 15:58:00,1,0,Loyal,55,1,35.04,5
15566,2009-12-15 14:53:00,2009-12-15 14:53:00,1,1,Lost,104,1,138.22,4
15569,2010-02-28 10:55:00,2010-02-28 10:55:00,1,0,Loyal,29,1,259.2,7
15570,2010-03-28 14:04:00,2010-03-28 14:04:00,1,0,Loyal,1,1,742.41,11
15571,2009-12-06 12:10:00,2010-03-23 12:41:00,108,0,Loyal,6,2,346.51,12
15573,2009-12-10 14:19:00,2010-02-25 11:41:00,77,0,Loyal,32,2,383.18,10
15577,2009-12-13 16:17:00,2009-12-16 14:54:00,3,1,Lost,103,2,137.15,6
15580,2010-02-07 11:21:00,2010-02-07 11:21:00,1,0,Loyal,50,1,99.69,5
15581,2009-12-02 12:19:00,2010-01-24 13:24:00,54,0,Champions,64,12,978.66,11
15584,2010-02-07 12:16:00,2010-02-07 12:16:00,1,0,Loyal,50,1,351.99,7
15586,2010-01-08 10:02:00,2010-02-18 10:27:00,42,0,Loyal,39,2,955.26,11
15588,2010-01-31 12:19:00,2010-01-31 12:19:00,1,0,Loyal,57,1,579.6,8
15591,2010-02-04 09:20:00,2010-03-09 10:21:00,34,0,Loyal,20,2,102.5,9
15601,2009-12-01 14:53:00,2010-03-24 12:23:00,113,0,Champions,5,9,4510.29,15
15602,2009-12-02 09:35:00,2010-03-25 10:55:00,114,0,Loyal,4,3,527.4,13
15603,2010-03-01 16:02:00,2010-03-01 16:02:00,1,0,Loyal,27,1,40.0,6
15605,2010-01-14 14:03:00,2010-03-24 14:49:00,70,0,Loyal,5,3,425.22,13
15606,2010-03-02 14:48:00,2010-03-02 14:48:00,1,0,Loyal,27,1,301.9,7
15607,2010-01-08 12:16:00,2010-03-24 11:56:00,75,0,Champions,5,6,1444.13,15
15611,2010-01-25 14:50:00,2010-03-22 10:04:00,56,0,Loyal,7,4,476.7,13
15614,2010-03-23 11:13:00,2010-03-23 11:13:00,1,0,Loyal,6,1,1327.98,12
15615,2009-12-02 15:28:00,2010-03-19 10:02:00,107,0,Champions,10,6,2684.7,15
15622,2010-03-04 10:29:00,2010-03-04 10:29:00,1,0,Loyal,25,1,1449.74,11
15623,2009-12-10 14:46:00,2010-03-21 15:22:00,102,0,Loyal,7,3,1116.98,15
15628,2009-12-13 13:39:00,2010-02-11 09:59:00,60,0,Loyal,46,2,596.57,10
15630,2010-03-05 14:30:00,2010-03-05 14:30:00,1,0,Loyal,24,1,295.05,8
15631,2010-03-07 14:52:00,2010-03-07 14:52:00,1,0,Loyal,22,1,596.67,10
15633,2009-12-08 17:51:00,2010-03-21 14:18:00,103,0,Champions,8,6,2022.28,15
15637,2009-12-15 17:54:00,2010-03-09 10:02:00,84,0,Loyal,20,2,412.98,11
15640,2009-12-14 16:36:00,2010-02-18 09:31:00,66,0,Champions,39,5,2919.85,13
15641,2009-12-06 15:31:00,2010-01-24 10:50:00,49,0,Loyal,64,3,1405.16,12
15642,2009-12-10 11:51:00,2009-12-10 11:51:00,1,1,Lost,109,1,105.78000000000002,4
15650,2010-03-21 11:46:00,2010-03-21 11:46:00,1,0,Loyal,8,1,359.08,10
15658,2009-12-03 11:19:00,2009-12-03 11:19:00,1,1,Lost,116,1,321.65,5
15659,2010-02-24 13:32:00,2010-02-24 13:32:00,1,0,Loyal,33,1,108.44,6
15660,2010-02-05 16:01:00,2010-02-05 16:01:00,1,0,Loyal,51,1,109.0,5
15662,2009-12-01 13:49:00,2010-02-16 16:47:00,78,0,Loyal,40,2,283.73,9
15664,2010-02-28 12:50:00,2010-02-28 12:50:00,1,0,Loyal,29,1,410.48,8
15665,2010-03-14 15:07:00,2010-03-14 15:07:00,1,0,Loyal,15,1,591.43,10
15672,2009-12-14 16:52:00,2009-12-14 16:52:00,1,1,Lost,104,1,45.300000000000004,4
15673,2010-02-22 14:28:00,2010-02-22 14:28:00,1,0,Loyal,35,1,737.5600000000001,9
15674,2009-12-08 17:08:00,2010-02-25 12:18:00,79,0,Loyal,32,2,1264.28,12
15680,2009-12-02 12:15:00,2010-02-16 13:39:00,77,0,Loyal,41,3,987.21,12
15682,2010-01-21 14:37:00,2010-01-21 14:37:00,1,0,Lost,67,1,127.48,5
15684,2009-12-04 16:13:00,2010-01-07 11:21:00,34,0,Lost,81,2,119.3,6
15691,2009-12-06 16:01:00,2009-12-06 16:01:00,1,1,Lost,112,1,161.8,4
15693,2010-02-18 14:37:00,2010-02-18 14:37:00,1,0,Loyal,39,1,37.5,6
15694,2009-12-07 15:43:00,2009-12-07 15:43:00,1,1,Lost,111,1,357.87,6
15695,2010-01-27 10:56:00,2010-01-27 10:56:00,1,0,Loyal,61,1,348.61,7
15696,2010-01-24 14:36:00,2010-03-11 12:17:00,46,0,Loyal,18,2,466.7,11
15697,2010-01-19 09:10:00,2010-01-19 09:10:00,1,0,Lost,69,1,246.75,6
15698,2010-03-25 17:38:00,2010-03-25 17:38:00,1,0,Loyal,3,1,46.2,8
15702,2010-01-26 17:23:00,2010-01-26 17:23:00,1,0,Loyal,61,1,27.82,5
15711,2010-01-24 12:13:00,2010-01-24 12:13:00,1,0,Loyal,64,1,106.65,5
15712,2009-12-01 11:17:00,2010-02-07 11:16:00,68,0,Loyal,50,3,1192.6000000000001,12
15713,2009-12-16 09:41:00,2009-12-16 09:41:00,1,1,Lost,103,1,243.86,5
15716,2009-12-07 12:42:00,2010-03-23 12:11:00,106,0,Loyal,6,2,404.95,12
15719,2009-12-01 12:47:00,2010-03-16 10:29:00,105,0,Champions,13,6,1630.75,14
15722,2010-03-09 15:05:00,2010-03-25 17:34:00,17,0,Loyal,3,2,685.28,13
15727,2010-01-24 12:12:00,2010-01-24 12:12:00,1,0,Loyal,64,1,932.82,8
15732,2010-02-04 10:10:00,2010-03-23 10:32:00,48,0,Champions,6,6,771.58,14
15738,2009-12-10 15:52:00,2010-03-18 17:05:00,99,0,Champions,10,8,2285.69,15
15747,2010-01-18 11:21:00,2010-01-18 11:21:00,1,0,Lost,70,1,226.08,6
15750,2009-12-01 17:19:00,2009-12-16 16:02:00,15,1,Lost,102,2,500.19,8
15751,2009-12-06 13:08:00,2010-03-07 15:01:00,92,0,Champions,22,7,810.92,13
15754,2010-02-22 13:31:00,2010-03-04 09:37:00,10,0,Loyal,25,2,1460.3,13
15755,2009-12-04 08:24:00,2010-03-26 10:20:00,113,0,Champions,3,4,1339.93,15
15759,2009-12-02 10:08:00,2009-12-02 10:08:00,1,1,Lost,117,1,125.73,4
15765,2010-02-11 10:25:00,2010-02-11 10:25:00,1,0,Loyal,46,1,370.63,7
15766,2010-01-26 15:55:00,2010-01-26 15:55:00,1,0,Loyal,61,1,201.60000000000002,6
15768,2009-12-03 12:10:00,2010-03-25 16:29:00,113,0,Champions,3,15,8125.56,15
15769,2009-12-11 09:58:00,2010-03-05 11:22:00,85,0,Champions,24,4,9405.0,14
15771,2010-01-15 12:14:00,2010-01-15 12:14:00,1,0,Lost,73,1,316.25,6
15774,2010-02-21 12:57:00,2010-02-21 12:57:00,1,0,Loyal,36,1,192.58,6
15775,2010-03-18 07:32:00,2010-03-18 07:32:00,1,0,Loyal,11,1,45.6,8
15784,2010-02-05 14:42:00,2010-02-05 14:42:00,1,0,Loyal,52,1,466.19,7
15785,2009-12-15 16:28:00,2010-03-23 16:39:00,99,0,Champions,5,4,1243.48,15
15789,2010-03-26 11:21:00,2010-03-26 11:21:00,1,0,Loyal,3,1,383.75,10
15791,2010-03-08 09:41:00,2010-03-08 09:41:00,1,0,Loyal,21,1,307.33,8
15793,2009-12-01 12:54:00,2010-03-23 08:40:00,112,0,Loyal,6,2,604.96,13
15794,2009-12-02 15:10:00,2009-12-03 13:04:00,1,1,Lost,116,2,777.0,9
15795,2010-01-18 11:31:00,2010-03-05 13:57:00,47,0,Loyal,24,4,736.23,13
15797,2010-01-27 13:12:00,2010-01-27 13:12:00,1,0,Loyal,61,1,300.68,6
15798,2010-01-27 11:55:00,2010-03-04 09:08:00,36,0,Loyal,25,2,1124.66,13
15803,2010-02-01 16:29:00,2010-02-01 16:29:00,1,0,Loyal,55,1,603.8,8
15805,2009-12-10 12:57:00,2010-02-15 15:00:00,68,0,Loyal,42,3,1597.02,13
15807,2010-02-11 15:32:00,2010-02-11 15:32:00,1,0,Loyal,45,1,401.94,8
15808,2009-12-01 16:30:00,2010-03-19 17:03:00,109,0,Champions,9,7,6170.84,15
15810,2010-02-04 18:18:00,2010-03-22 10:08:00,46,0,Loyal,7,2,849.2,13
15812,2009-12-15 13:40:00,2010-03-04 17:22:00,80,0,Loyal,24,3,732.23,13
15819,2010-03-18 11:08:00,2010-03-18 11:10:00,1,0,Loyal,11,2,525.32,12
15822,2009-12-06 15:12:00,2009-12-06 15:12:00,1,1,Lost,113,1,474.32,6
15823,2009-12-08 15:12:00,2009-12-10 18:03:00,3,1,Loyal,108,2,3867.17,10
15827,2010-01-08 11:25:00,2010-03-05 11:57:00,57,0,Loyal,24,3,585.55,13
15833,2009-12-02 11:59:00,2009-12-02 11:59:00,1,1,Lost,117,1,80.4,4
15838,2009-12-15 09:51:00,2010-03-09 11:57:00,85,0,Loyal,20,2,1264.56,13
15841,2009-12-10 08:29:00,2009-12-20 10:13:00,11,1,Lost,99,2,603.75,9
15845,2010-01-26 14:44:00,2010-01-26 14:44:00,1,0,Loyal,62,1,216.04,6
15847,2010-03-08 08:47:00,2010-03-08 08:47:00,1,0,Loyal,21,1,80.62,7
15848,2010-03-28 10:54:00,2010-03-28 10:54:00,1,0,Loyal,1,1,137.99,8
15850,2009-12-13 13:27:00,2009-12-13 13:27:00,1,1,Lost,106,1,106.65,4
15854,2009-12-10 12:08:00,2009-12-10 12:08:00,1,1,Lost,109,1,592.2,7
15856,2009-12-03 14:02:00,2010-03-09 17:12:00,97,0,Champions,19,7,5482.05,14
15858,2009-12-10 11:42:00,2010-03-18 12:44:00,99,0,Champions,11,4,959.57,14
15860,2009-12-06 12:31:00,2010-03-22 11:53:00,106,0,Loyal,7,3,404.6,13
15861,2010-01-28 19:41:00,2010-01-28 19:41:00,1,0,Loyal,59,1,413.75,7
15862,2009-12-17 11:33:00,2009-12-17 11:43:00,1,1,Lost,102,3,561.37,9
15863,2009-12-17 10:20:00,2010-01-22 14:14:00,37,0,Lost,66,2,157.75,7
15865,2010-01-05 13:58:00,2010-01-05 13:58:00,1,0,Lost,83,1,706.55,7
15867,2009-12-14 15:16:00,2010-03-26 16:17:00,103,0,Champions,2,7,2081.61,15
15869,2010-03-23 16:50:00,2010-03-23 16:50:00,1,0,Loyal,5,1,171.47,8
15874,2010-01-07 13:56:00,2010-03-12 13:08:00,64,0,Champions,17,5,2102.16,14
15875,2010-03-03 16:51:00,2010-03-03 16:51:00,1,0,Loyal,25,1,108.52,7
15878,2009-12-06 12:28:00,2009-12-06 12:28:00,1,1,Lost,113,1,212.13,5
15879,2009-12-17 19:54:00,2009-12-17 19:54:00,1,1,Lost,101,1,121.04,4
15882,2009-12-10 15:33:00,2010-02-01 17:05:00,54,0,Loyal,55,2,347.94,9
15884,2009-12-03 18:23:00,2009-12-03 18:23:00,1,1,Lost,115,1,236.70000000000002,5
15885,2010-01-21 12:47:00,2010-03-16 15:18:00,55,0,Loyal,12,3,264.08,11
15889,2009-12-10 12:21:00,2009-12-17 13:38:00,8,1,Lost,102,2,355.05,8
15892,2010-02-08 16:23:00,2010-02-08 16:23:00,1,0,Loyal,48,1,128.2,5
15898,2009-12-11 16:11:00,2010-03-10 12:04:00,89,0,Champions,19,7,1655.0,14
15903,2010-01-14 10:57:00,2010-01-14 10:57:00,1,0,Lost,74,1,39.8,5
15910,2010-01-21 11:51:00,2010-03-04 12:13:00,43,0,Loyal,25,2,285.07,10
15911,2009-12-09 13:26:00,2010-03-26 12:06:00,107,0,Champions,3,8,1700.24,15
15912,2009-12-10 12:58:00,2010-01-20 14:09:00,42,0,Loyal,68,4,517.54,10
15916,2009-12-10 16:21:00,2010-03-08 13:38:00,88,0,Loyal,21,3,868.16,13
15917,2009-12-02 14:55:00,2009-12-17 15:44:00,16,1,Lost,101,3,288.32,8
15918,2010-03-18 11:40:00,2010-03-18 11:40:00,1,0,Loyal,11,1,248.65,9
15920,2009-12-14 13:09:00,2010-03-24 13:14:00,101,0,Loyal,5,3,164.49,11
15921,2010-03-09 11:03:00,2010-03-09 11:03:00,1,0,Loyal,20,1,100.18,7
15924,2009-12-08 15:00:00,2009-12-08 15:00:00,1,1,Lost,111,1,102.82,4
15927,2010-03-02 13:25:00,2010-03-02 13:25:00,1,0,Loyal,27,1,106.54,6
15928,2010-02-21 15:16:00,2010-02-21 15:16:00,1,0,Loyal,35,1,293.53,7
15929,2010-03-05 14:56:00,2010-03-05 14:56:00,1,0,Loyal,24,1,594.0,10
15941,2010-03-12 14:45:00,2010-03-12 14:45:00,1,0,Loyal,17,1,405.0,9
15943,2010-01-31 11:04:00,2010-02-28 12:49:00,29,0,Loyal,29,2,271.28999999999996,9
15944,2009-12-13 12:57:00,2009-12-13 12:57:00,1,1,Lost,106,1,588.4,7
15945,2009-12-01 13:47:00,2010-01-15 17:36:00,46,0,Lost,72,2,351.32,9
15946,2010-03-16 10:49:00,2010-03-16 10:49:00,1,0,Loyal,13,1,1155.02,11
15950,2010-01-26 11:39:00,2010-03-04 11:11:00,37,0,Loyal,25,2,1308.46,13
15953,2009-12-03 14:00:00,2010-02-28 13:00:00,87,0,Loyal,29,3,630.21,12
15955,2010-02-23 16:36:00,2010-03-11 13:34:00,16,0,Loyal,18,2,725.1800000000001,12
15956,2009-12-13 11:16:00,2009-12-13 11:16:00,1,1,Lost,106,1,326.4,5
15959,2010-01-26 16:19:00,2010-01-26 16:38:00,1,0,Loyal,61,3,542.89,10
15964,2010-02-14 15:30:00,2010-02-14 15:30:00,1,0,Loyal,42,1,269.21000000000004,7
15965,2009-12-03 11:45:00,2010-03-28 10:28:00,115,0,Loyal,1,3,538.85,13
15967,2009-12-01 13:29:00,2010-02-23 11:49:00,84,0,Loyal,34,3,369.09000000000003,11
15971,2009-12-08 09:46:00,2009-12-15 16:45:00,8,1,Lost,103,2,446.28,8
15978,2010-03-05 14:39:00,2010-03-05 14:39:00,1,0,Loyal,24,1,599.12,10
15983,2009-12-06 12:52:00,2009-12-13 11:28:00,7,1,Lost,106,3,1184.59,11
15984,2009-12-01 13:38:00,2010-03-23 09:57:00,112,0,Champions,6,8,2343.19,15
15988,2010-02-21 11:36:00,2010-02-21 11:36:00,1,0,Loyal,36,1,268.8,7
15989,2009-12-02 15:51:00,2009-12-02 15:51:00,1,1,Lost,116,1,140.16,4
15990,2010-02-28 12:30:00,2010-03-17 08:59:00,17,0,Loyal,12,2,458.58,11
15994,2010-03-14 11:55:00,2010-03-14 11:55:00,1,0,Loyal,15,1,390.46000000000004,9
15998,2009-12-01 11:45:00,2010-03-23 11:20:00,112,0,Champions,6,6,2711.0099999999998,15
15999,2009-12-04 12:31:00,2009-12-04 12:31:00,1,1,Lost,115,1,20.4,4
16002,2010-03-24 13:08:00,2010-03-24 13:08:00,1,0,Loyal,5,1,169.21,8
16003,2009-12-03 18:51:00,2010-03-24 10:09:00,111,0,Loyal,5,3,997.27,14
16004,2010-01-25 13:56:00,2010-03-17 14:27:00,52,0,Loyal,12,2,762.74,12
16008,2010-03-19 11:07:00,2010-03-19 11:07:00,1,0,Loyal,10,1,291.45,9
16011,2009-12-01 12:02:00,2010-03-11 17:21:00,101,0,Loyal,17,4,660.23,13
16013,2009-12-08 10:24:00,2010-03-08 12:13:00,91,0,Champions,21,6,2694.33,14
16014,2010-01-31 12:43:00,2010-01-31 12:43:00,1,0,Loyal,57,1,246.92,6
16017,2010-01-05 12:06:00,2010-03-18 11:38:00,72,0,Loyal,11,3,927.35,14
16018,2009-12-07 13:57:00,2009-12-07 13:57:00,1,1,Lost,112,1,195.78,4
16019,2009-12-14 14:12:00,2010-03-03 12:57:00,79,0,Champions,26,6,3429.42,13
16027,2010-01-08 13:21:00,2010-03-09 10:25:00,60,0,Champions,20,5,633.9,13
16037,2010-03-01 12:31:00,2010-03-01 12:31:00,1,0,Loyal,28,1,353.72,8
16039,2010-03-21 15:17:00,2010-03-21 15:17:00,1,0,Loyal,7,1,143.48000000000002,8
16047,2010-01-26 16:34:00,2010-01-26 16:34:00,1,0,Loyal,61,1,107.14,5
16051,2010-01-27 09:38:00,2010-01-27 09:38:00,1,0,Loyal,61,1,188.44,5
16057,2010-01-07 17:11:00,2010-02-22 11:13:00,46,0,Loyal,35,2,1265.43,12
16064,2009-12-14 16:11:00,2009-12-14 16:11:00,1,1,Lost,104,1,109.31,4
16067,2010-02-02 18:01:00,2010-02-02 18:01:00,1,0,Loyal,54,1,1861.0800000000002,9
16071,2010-02-22 14:48:00,2010-03-23 10:28:00,29,0,Loyal,6,2,566.16,12
16077,2010-03-24 10:42:00,2010-03-24 10:42:00,1,0,Loyal,5,1,2300.4,12
16078,2010-02-08 13:29:00,2010-02-08 13:29:00,1,0,Loyal,49,1,283.79,6
16081,2010-02-03 12:46:00,2010-02-03 12:46:00,1,0,Loyal,54,1,99.78999999999999,5
16082,2010-02-07 15:16:00,2010-02-07 15:16:00,1,0,Loyal,49,1,106.75,5
16085,2010-01-20 14:03:00,2010-03-17 14:12:00,57,0,Loyal,12,2,491.66,11
16086,2009-12-02 13:20:00,2009-12-02 13:20:00,1,1,Lost,117,1,284.55,5
16087,2010-01-19 12:30:00,2010-02-01 12:03:00,13,0,Loyal,56,2,671.8,10
16090,2010-03-25 13:05:00,2010-03-25 13:05:00,1,0,Loyal,4,1,180.56,8
16096,2010-03-04 15:44:00,2010-03-04 15:44:00,1,0,Loyal,24,1,576.9,10
16098,2009-12-15 09:40:00,2010-02-16 10:26:00,64,0,Loyal,41,2,359.83,10
16099,2010-03-03 11:13:00,2010-03-03 11:13:00,1,0,Loyal,26,1,136.5,6
16103,2010-01-08 12:08:00,2010-03-02 14:12:00,54,0,Loyal,27,3,763.1,12
16104,2009-12-06 10:41:00,2010-03-28 10:33:00,112,0,Champions,1,5,1715.32,15
16108,2010-03-18 14:14:00,2010-03-18 14:14:00,1,0,Loyal,11,1,327.19,9
16109,2010-01-10 10:37:00,2010-01-10 10:37:00,1,0,Lost,78,1,327.6,5
16118,2010-02-25 09:40:00,2010-02-25 09:40:00,1,0,Loyal,32,1,4376.25,10
16119,2009-12-16 11:56:00,2009-12-16 11:56:00,1,1,Lost,103,1,183.4,4
16124,2009-12-07 10:33:00,2009-12-07 10:33:00,1,1,Lost,112,1,463.0,6
16125,2009-12-14 15:38:00,2010-03-18 13:37:00,94,0,Champions,11,6,1847.3,15
16126,2009-12-02 13:34:00,2010-03-11 14:51:00,100,0,Loyal,18,3,1295.44,14
16127,2009-12-13 12:19:00,2009-12-13 12:19:00,1,1,Lost,106,1,145.06,4
16131,2009-12-02 10:09:00,2009-12-02 10:09:00,1,1,Lost,117,1,1317.97,8
16132,2010-03-22 10:25:00,2010-03-22 10:25:00,1,0,Loyal,7,1,353.4,10
16136,2010-02-14 12:49:00,2010-02-14 12:49:00,1,0,Loyal,43,1,237.42,7
16137,2010-01-28 15:04:00,2010-01-28 15:04:00,1,0,Loyal,60,1,422.7,7
16139,2009-12-03 13:51:00,2009-12-17 11:24:00,14,1,Lost,102,2,475.74,8
16143,2009-12-10 09:44:00,2010-02-18 11:00:00,71,0,Loyal,39,2,743.87,11
16147,2010-02-05 12:26:00,2010-02-05 12:26:00,1,0,Loyal,52,1,674.64,8
16150,2009-12-17 15:33:00,2010-03-16 14:24:00,89,0,Loyal,13,2,692.98,12
16156,2009-12-02 17:06:00,2010-03-05 12:09:00,93,0,Champions,24,4,1073.77,13
16158,2009-12-05 15:00:00,2010-03-26 12:42:00,111,0,Loyal,3,5,371.47,13
16159,2009-12-03 11:51:00,2010-03-02 14:57:00,90,0,Loyal,27,2,657.01,11
16161,2010-02-08 11:06:00,2010-03-11 10:56:00,31,0,Loyal,18,2,255.55,10
16163,2009-12-02 10:00:00,2009-12-08 13:24:00,7,1,Lost,111,2,838.28,9
16166,2010-01-17 14:16:00,2010-01-17 14:16:00,1,0,Lost,71,1,239.84,6
16167,2009-12-01 10:46:00,2009-12-01 10:46:00,1,1,Lost,118,1,485.79,6
16168,2009-12-03 12:38:00,2010-03-21 12:39:00,109,0,Loyal,8,4,684.58,14
16170,2010-02-18 13:50:00,2010-03-26 12:19:00,36,0,Loyal,3,2,729.08,13
16177,2010-03-02 14:03:00,2010-03-02 14:03:00,1,0,Loyal,27,1,341.73,8
16182,2010-03-09 09:34:00,2010-03-09 09:34:00,1,0,Loyal,20,1,495.0,9
16186,2009-12-09 15:36:00,2010-03-15 11:39:00,96,0,Loyal,14,2,873.99,12
16190,2009-12-14 11:59:00,2009-12-14 11:59:00,1,1,Lost,105,1,196.92000000000002,4
16191,2009-12-11 12:24:00,2009-12-11 12:24:00,1,1,Lost,108,1,348.6,6
16192,2009-12-04 12:28:00,2009-12-04 12:28:00,1,1,Lost,115,1,351.3,6
16195,2009-12-16 14:09:00,2009-12-16 14:09:00,1,1,Lost,103,1,323.25,5
16197,2009-12-16 11:44:00,2009-12-16 11:44:00,1,1,Lost,103,1,117.30000000000001,4
16199,2010-03-18 18:47:00,2010-03-18 18:47:00,1,0,Loyal,10,1,66.0,8
16200,2009-12-02 15:04:00,2010-02-21 15:09:00,82,0,Champions,36,7,3089.74,13
16202,2009-12-02 10:48:00,2010-03-01 09:30:00,89,0,Champions,28,4,1122.05,13
16204,2009-12-08 17:44:00,2009-12-08 17:44:00,1,1,Lost,110,1,213.27,5
16206,2010-01-24 15:25:00,2010-01-24 15:25:00,1,0,Loyal,63,1,340.17,7
16208,2010-02-24 14:24:00,2010-03-09 12:53:00,13,0,Loyal,20,2,597.15,12
16210,2009-12-02 12:54:00,2010-03-25 16:50:00,114,0,Champions,3,9,4369.14,15
16212,2010-02-07 15:26:00,2010-02-07 15:26:00,1,0,Loyal,49,1,261.0,6
16222,2009-12-18 14:31:00,2009-12-18 14:31:00,1,1,Lost,101,1,498.5,6
16225,2010-02-07 12:41:00,2010-03-22 12:06:00,43,0,Loyal,7,4,750.37,14
16233,2009-12-02 13:23:00,2010-01-21 15:44:00,51,0,Loyal,66,2,578.5,10
16242,2010-03-15 16:02:00,2010-03-15 16:02:00,1,0,Loyal,13,1,516.38,9
16246,2010-02-08 12:32:00,2010-02-08 12:32:00,1,0,Loyal,49,1,166.9,5
16253,2009-12-08 17:24:00,2010-01-19 11:20:00,42,0,Loyal,69,2,1025.3799999999999,10
16254,2010-03-17 15:43:00,2010-03-17 15:43:00,1,0,Loyal,11,1,159.74,8
16255,2010-01-24 12:21:00,2010-03-14 12:18:00,49,0,Loyal,15,2,613.62,12
16258,2010-03-10 14:19:00,2010-03-10 14:19:00,1,0,Loyal,19,1,754.95,10
16266,2010-02-04 16:21:00,2010-02-04 16:21:00,1,0,Loyal,52,1,152.17,5
16271,2010-03-07 12:03:00,2010-03-07 12:03:00,1,0,Loyal,22,1,666.4399999999999,10
16273,2010-02-21 16:02:00,2010-03-01 13:24:00,8,0,Loyal,28,2,318.34000000000003,9
16275,2010-03-08 14:41:00,2010-03-08 14:41:00,1,0,Loyal,21,1,695.84,10
16277,2009-12-06 11:27:00,2009-12-06 11:27:00,1,1,Lost,113,1,188.69,4
16280,2009-12-14 15:49:00,2009-12-14 15:49:00,1,1,Lost,104,1,238.05,5
16281,2010-01-26 13:41:00,2010-01-26 13:41:00,1,0,Loyal,62,1,781.52,8
16282,2009-12-21 11:52:00,2009-12-21 11:52:00,1,1,Lost,98,1,270.0,5
16283,2010-02-28 14:12:00,2010-02-28 14:12:00,1,0,Loyal,29,1,854.02,9
16285,2010-03-03 16:03:00,2010-03-03 16:03:00,1,0,Loyal,25,1,176.9,7
16286,2010-03-26 09:58:00,2010-03-26 09:58:00,1,0,Loyal,3,1,272.95,9
16287,2010-01-19 09:46:00,2010-03-08 14:15:00,49,0,Loyal,21,2,364.32,11
16291,2010-01-26 16:26:00,2010-01-26 16:26:00,1,0,Loyal,61,1,117.72,5
16293,2009-12-11 09:58:00,2009-12-11 09:58:00,1,1,Lost,108,1,325.64,5
16296,2009-12-18 12:03:00,2010-03-23 13:11:00,96,0,Champions,6,4,1313.67,15
16300,2010-02-02 11:40:00,2010-03-24 12:15:00,51,0,Loyal,5,2,838.36,13
16301,2009-12-03 10:20:00,2009-12-03 10:20:00,1,1,Lost,116,1,107.33,4
16303,2010-03-18 14:12:00,2010-03-18 14:12:00,1,0,Loyal,11,1,618.36,11
16304,2010-01-14 08:30:00,2010-01-14 08:30:00,1,0,Lost,74,1,381.66,7
16308,2009-12-15 15:48:00,2009-12-15 15:48:00,1,1,Lost,103,1,960.0,7
16310,2010-03-07 15:41:00,2010-03-07 15:41:00,1,0,Loyal,21,1,190.38,7
16320,2010-01-27 13:29:00,2010-01-27 13:29:00,1,0,Loyal,61,1,823.15,8
16321,2009-12-01 10:36:00,2010-03-23 16:01:00,113,0,Loyal,5,2,230.9,11
16325,2009-12-04 13:21:00,2010-01-08 12:51:00,35,0,Loyal,80,3,519.64,9
16326,2010-01-28 13:23:00,2010-03-21 11:41:00,52,0,Loyal,8,2,527.65,12
16327,2009-12-14 13:06:00,2010-03-23 12:24:00,99,0,Champions,6,4,3494.56,15
16329,2009-12-01 11:34:00,2010-03-04 15:07:00,94,0,Loyal,25,2,652.85,12
16330,2010-02-15 12:36:00,2010-02-15 12:36:00,1,0,Loyal,42,1,51.43,6
16331,2010-03-07 10:55:00,2010-03-17 10:34:00,10,0,Loyal,12,2,1452.1,13
16335,2009-12-04 10:18:00,2010-03-19 11:39:00,106,0,Champions,10,5,2109.81,15
16336,2010-03-18 08:05:00,2010-03-18 08:06:00,1,0,Loyal,11,2,1787.9,14
16344,2010-02-09 12:16:00,2010-02-09 12:16:00,1,0,Loyal,48,1,209.1,6
16347,2010-03-12 12:41:00,2010-03-12 12:41:00,1,0,Loyal,17,1,221.74,8
16351,2009-12-04 16:12:00,2010-03-08 10:32:00,94,0,Champions,21,5,907.94,13
16353,2009-12-07 13:55:00,2010-02-09 15:10:00,65,0,Champions,48,9,1301.5,12
16359,2010-02-16 10:39:00,2010-02-16 10:39:00,1,0,Loyal,41,1,178.43,6
16365,2009-12-11 12:41:00,2010-03-18 12:47:00,98,0,Loyal,11,2,545.92,12
16366,2009-12-16 10:39:00,2010-01-28 13:00:00,44,0,Loyal,60,2,908.89,10
16383,2010-02-04 13:18:00,2010-02-04 13:18:00,1,0,Loyal,53,1,460.39,7
16385,2010-03-18 12:45:00,2010-03-18 12:45:00,1,0,Loyal,11,1,110.26,8
16387,2010-03-11 12:22:00,2010-03-11 12:22:00,1,0,Loyal,18,1,140.19,7
16388,2010-02-24 10:20:00,2010-02-24 10:20:00,1,0,Loyal,33,1,186.05,6
16390,2010-01-29 15:25:00,2010-01-29 15:25:00,1,0,Loyal,58,1,193.8,5
16393,2009-12-01 12:13:00,2010-02-19 12:50:00,81,0,Loyal,38,2,500.92,10
16395,2009-12-06 12:26:00,2009-12-09 16:03:00,4,1,Lost,109,2,244.66,7
16397,2010-03-21 15:36:00,2010-03-21 15:36:00,1,0,Loyal,7,1,123.13,8
16400,2009-12-08 12:38:00,2010-03-08 14:04:00,91,0,Loyal,21,2,789.51,12
16406,2010-02-24 11:51:00,2010-02-24 11:51:00,1,0,Loyal,33,1,203.95000000000002,7
16409,2009-12-13 15:38:00,2010-02-16 15:35:00,65,0,Loyal,40,2,789.25,11
16410,2009-12-05 14:51:00,2009-12-05 14:51:00,1,1,Lost,114,1,130.32,4
16412,2010-02-04 13:46:00,2010-02-04 13:46:00,1,0,Loyal,53,1,68.25,5
16414,2010-01-14 10:21:00,2010-01-14 10:21:00,1,0,Lost,74,1,129.09,5
16415,2010-02-01 12:30:00,2010-02-01 12:30:00,1,0,Loyal,56,1,179.2,5
16416,2010-02-23 12:00:00,2010-02-23 12:00:00,1,0,Loyal,34,1,637.4399999999999,9
16419,2010-02-09 13:26:00,2010-02-09 13:26:00,1,0,Loyal,48,1,214.18,6
16422,2010-01-12 11:57:00,2010-03-18 11:39:00,65,0,Champions,11,8,3994.98,15
16430,2010-01-27 12:45:00,2010-01-27 12:45:00,1,0,Loyal,61,1,104.95,5
16434,2010-01-17 14:51:00,2010-01-29 14:13:00,12,0,Loyal,59,2,484.98,9
16436,2009-12-06 16:02:00,2010-02-09 13:19:00,65,0,Loyal,48,3,319.14,9
16439,2009-12-17 14:22:00,2009-12-17 14:22:00,1,1,Lost,102,1,310.70000000000005,5
16441,2010-03-22 18:00:00,2010-03-22 18:00:00,1,0,Loyal,6,1,225.74,9
16442,2009-12-13 11:05:00,2009-12-13 11:05:00,1,1,Lost,106,1,155.06,4
16444,2010-03-24 14:06:00,2010-03-24 14:06:00,1,0,Loyal,5,1,354.79,10
16447,2010-02-17 14:09:00,2010-02-17 14:09:00,1,0,Loyal,40,1,176.87,6
16450,2010-02-21 15:46:00,2010-02-21 15:46:00,1,0,Loyal,35,1,408.29,8
16451,2009-12-04 15:11:00,2009-12-04 15:11:00,1,1,Lost,115,1,307.65000000000003,5
16452,2010-01-15 12:22:00,2010-03-19 12:39:00,64,0,Loyal,10,2,332.17,11
16459,2009-12-10 12:42:00,2009-12-10 12:42:00,1,1,Lost,109,1,71.78999999999999,4
16461,2010-03-03 13:57:00,2010-03-03 13:57:00,1,0,Loyal,26,1,755.0899999999999,9
16466,2010-03-07 14:31:00,2010-03-07 14:31:00,1,0,Loyal,22,1,472.76,9
16467,2009-12-02 11:59:00,2010-03-16 11:46:00,104,0,Champions,13,4,2475.08,14
16470,2009-12-11 12:21:00,2009-12-11 12:21:00,1,1,Lost,108,1,191.18,4
16471,2010-02-25 10:07:00,2010-02-25 10:07:00,1,0,Loyal,32,1,323.38,7
16481,2010-01-26 13:09:00,2010-01-26 13:09:00,1,0,Loyal,62,1,453.38,7
16485,2009-12-06 12:28:00,2010-02-21 12:31:00,78,0,Loyal,36,2,917.74,11
16487,2010-02-18 17:36:00,2010-02-18 17:36:00,1,0,Loyal,38,1,102.2,6
16493,2010-03-26 13:05:00,2010-03-26 13:05:00,1,0,Loyal,3,1,465.51,10
16497,2009-12-03 14:11:00,2010-03-18 14:04:00,105,0,Loyal,11,3,1046.21,14
16508,2010-03-19 13:41:00,2010-03-19 13:41:00,1,0,Loyal,10,1,240.95,9
16510,2010-01-17 12:30:00,2010-03-26 15:32:00,69,0,Loyal,2,3,914.78,14
16511,2010-03-01 12:21:00,2010-03-01 12:21:00,1,0,Loyal,28,1,300.15,7
16519,2010-03-01 13:51:00,2010-03-01 13:51:00,1,0,Loyal,28,1,164.13,6
16520,2010-03-02 16:50:00,2010-03-02 16:50:00,1,0,Loyal,26,1,278.48,7
16521,2010-03-01 13:22:00,2010-03-01 13:22:00,1,0,Loyal,28,1,95.12,6
16523,2010-01-24 13:14:00,2010-03-02 15:37:00,38,0,Loyal,26,2,735.13,11
16524,2010-01-17 13:16:00,2010-01-17 13:16:00,1,0,Lost,71,1,101.3,5
16525,2009-12-02 13:53:00,2010-03-18 08:03:00,106,0,Champions,11,10,5749.75,15
16530,2010-02-09 15:30:00,2010-02-09 15:30:00,1,0,Loyal,47,1,48.349999999999994,5
16534,2010-03-07 15:47:00,2010-03-07 15:47:00,1,0,Loyal,21,1,635.9,10
16535,2010-01-28 15:26:00,2010-01-28 15:26:00,1,0,Loyal,59,1,20.0,5
16537,2010-03-08 13:41:00,2010-03-08 13:41:00,1,0,Loyal,21,1,23.35,7
16541,2009-12-04 13:22:00,2009-12-04 13:22:00,1,1,Lost,115,1,424.03,6
16544,2010-02-15 13:20:00,2010-02-15 13:29:00,1,0,Loyal,42,3,266.40000000000003,10
16550,2009-12-02 11:24:00,2010-03-25 12:43:00,114,0,Champions,4,6,2547.44,15
16551,2009-12-13 16:12:00,2010-02-08 15:48:00,57,0,Loyal,48,2,552.13,9
16553,2010-02-11 18:46:00,2010-03-25 13:15:00,42,0,Champions,4,6,2255.96,15
16554,2009-12-15 09:42:00,2010-03-25 11:23:00,101,0,Loyal,4,2,743.79,13
16556,2009-12-07 10:51:00,2010-03-03 08:42:00,86,0,Champions,26,4,1836.63,13
16558,2009-12-03 18:11:00,2010-03-26 11:26:00,113,0,Loyal,3,3,1005.64,14
16560,2009-12-08 12:05:00,2010-03-22 14:44:00,105,0,Champions,7,4,1524.46,15
16563,2009-12-01 18:35:00,2010-02-18 11:56:00,79,0,Loyal,39,2,851.42,11
16568,2010-03-08 14:51:00,2010-03-08 14:51:00,1,0,Loyal,21,1,477.30000000000007,9
16569,2009-12-16 15:05:00,2010-03-18 15:19:00,93,0,Champions,10,4,1331.03,15
16571,2010-03-18 09:12:00,2010-03-18 09:12:00,1,0,Loyal,11,1,407.91,10
16574,2010-02-19 11:46:00,2010-02-19 11:46:00,1,0,Loyal,38,1,590.91,9
16577,2010-02-11 09:45:00,2010-02-11 09:45:00,1,0,Loyal,46,1,380.0,7
16578,2010-03-23 15:11:00,2010-03-23 15:11:00,1,0,Loyal,6,1,156.6,8
16583,2010-02-04 12:18:00,2010-02-04 12:18:00,1,0,Loyal,53,1,64.5,5
16584,2010-02-16 10:41:00,2010-02-16 10:41:00,1,0,Loyal,41,1,931.72,9
16585,2010-01-13 13:31:00,2010-01-13 13:31:00,1,0,Lost,75,1,89.32,4
16586,2010-03-14 11:24:00,2010-03-14 11:24:00,1,0,Loyal,15,1,328.05,8
16592,2009-12-18 15:57:00,2010-01-24 13:51:00,37,0,Loyal,64,2,609.28,10
16593,2009-12-05 10:44:00,2009-12-20 13:37:00,16,1,Lost,99,2,278.73,7
16595,2010-01-17 12:12:00,2010-01-17 12:12:00,1,0,Lost,71,1,502.59,7
16596,2009-12-10 13:09:00,2010-01-19 12:39:00,40,0,Lost,69,2,208.83,8
16600,2009-12-18 12:59:00,2009-12-18 12:59:00,1,1,Lost,101,1,310.01,5
16601,2010-03-26 13:39:00,2010-03-26 13:39:00,1,0,Loyal,3,1,67.25,8
16605,2009-12-15 19:03:00,2009-12-15 19:03:00,1,1,Lost,103,1,60.48,4
16608,2010-02-14 11:57:00,2010-02-14 11:57:00,1,0,Loyal,43,1,685.3,9
16611,2010-03-10 16:07:00,2010-03-10 16:07:00,1,0,Loyal,18,1,287.04,8
16612,2009-12-03 15:54:00,2009-12-03 15:54:00,1,1,Lost,115,1,510.87,6
16615,2010-03-23 15:13:00,2010-03-23 15:13:00,1,0,Loyal,5,1,291.5,9
16619,2010-02-22 12:05:00,2010-02-22 12:05:00,1,0,Loyal,35,1,995.21,9
16620,2009-12-01 14:35:00,2010-03-05 15:48:00,95,0,Loyal,23,2,1009.81,12
16628,2010-03-08 12:24:00,2010-03-08 12:24:00,1,0,Loyal,21,1,78.0,7
16631,2010-02-26 10:49:00,2010-02-26 10:49:00,1,0,Loyal,31,1,365.33000000000004,8
16634,2010-01-21 09:30:00,2010-01-21 09:30:00,1,0,Lost,67,1,303.8,6
16636,2010-03-03 14:06:00,2010-03-19 10:23:00,16,0,Loyal,10,2,2271.15,14
16641,2010-01-07 12:22:00,2010-01-07 12:22:00,1,0,Lost,81,1,323.40000000000003,5
16645,2009-12-04 09:49:00,2009-12-04 09:49:00,1,1,Lost,115,1,160.39,4
16652,2010-03-17 10:22:00,2010-03-17 10:22:00,1,0,Loyal,12,1,1448.64,11
16655,2010-01-31 15:40:00,2010-01-31 15:40:00,1,0,Loyal,56,1,309.09,6
16656,2009-12-04 12:59:00,2010-03-23 09:50:00,109,0,Champions,6,4,1454.52,15
16660,2010-01-14 11:09:00,2010-01-14 11:09:00,1,0,Lost,74,1,141.6,5
16661,2009-12-17 15:39:00,2009-12-17 15:39:00,1,1,Lost,101,1,282.3,5
16663,2009-12-10 13:12:00,2009-12-10 13:12:00,1,1,Lost,109,1,165.0,4
16668,2010-03-18 18:25:00,2010-03-18 18:25:00,1,0,Loyal,10,1,138.54,8
16670,2009-12-10 15:28:00,2010-03-25 15:36:00,106,0,Loyal,3,3,1874.6100000000001,15
16673,2010-01-29 14:22:00,2010-01-29 14:22:00,1,0,Loyal,59,1,171.13,5
16677,2010-02-25 16:11:00,2010-02-25 16:11:00,1,0,Loyal,31,1,263.23,7
16681,2010-03-08 14:10:00,2010-03-08 14:10:00,1,0,Loyal,21,1,151.5,7
16686,2009-12-06 15:48:00,2010-03-14 16:18:00,99,0,Loyal,14,3,572.87,13
16693,2010-02-21 12:42:00,2010-02-21 12:42:00,1,0,Loyal,36,1,205.98,7
16694,2009-12-16 15:45:00,2009-12-16 15:45:00,1,1,Lost,102,1,98.30000000000001,4
16699,2009-12-04 13:31:00,2010-03-25 13:41:00,112,0,Loyal,4,2,278.7,11
16700,2009-12-02 10:51:00,2010-03-10 13:01:00,99,0,Champions,19,4,1295.28,14
16701,2009-12-01 19:19:00,2010-03-09 13:48:00,98,0,Champions,20,4,1415.91,14
16702,2009-12-07 16:40:00,2010-02-23 15:27:00,78,0,Loyal,33,2,468.07,10
16704,2010-02-05 14:14:00,2010-02-05 14:14:00,1,0,Loyal,52,1,542.31,7
16705,2009-12-09 13:34:00,2010-03-02 09:44:00,83,0,Champions,27,6,7678.241,13
16707,2010-03-09 15:16:00,2010-03-09 15:16:00,1,0,Loyal,19,1,168.29,7
16709,2009-12-09 13:16:00,2010-02-03 13:24:00,57,0,Loyal,54,2,1900.95,11
16710,2009-12-04 13:41:00,2010-03-28 14:53:00,115,0,Champions,1,5,1467.04,15
16711,2009-12-02 13:22:00,2010-03-24 10:30:00,112,0,Loyal,5,3,895.65,14
16713,2009-12-15 12:49:00,2010-02-18 12:01:00,65,0,Champions,39,7,3275.71,13
16714,2010-02-07 11:17:00,2010-02-07 11:17:00,1,0,Loyal,50,1,368.27,7
16716,2010-03-19 11:05:00,2010-03-19 11:05:00,1,0,Loyal,10,1,1248.48,12
16717,2009-12-07 15:55:00,2010-03-01 08:55:00,84,0,Loyal,28,2,733.89,11
16718,2009-12-06 13:07:00,2010-03-11 17:41:00,96,0,Loyal,17,3,1918.38,14
16719,2009-12-13 10:59:00,2010-03-10 13:43:00,88,0,Loyal,19,3,856.84,13
16720,2009-12-17 17:54:00,2009-12-17 17:54:00,1,1,Lost,101,1,160.07,4
16722,2009-12-03 19:23:00,2010-03-18 15:53:00,105,0,Loyal,10,3,971.23,14
16723,2009-12-04 13:23:00,2009-12-04 13:23:00,1,1,Lost,115,1,426.43,6
16725,2009-12-13 15:54:00,2009-12-13 15:54:00,1,1,Lost,105,1,204.73000000000002,5
16727,2010-01-20 10:48:00,2010-03-28 12:18:00,68,0,Loyal,1,2,808.69,13
16731,2010-03-01 15:05:00,2010-03-01 15:05:00,1,0,Loyal,28,1,170.3,6
16732,2009-12-08 13:04:00,2009-12-08 13:04:00,1,1,Lost,111,1,792.84,7
16735,2009-12-08 09:24:00,2010-03-24 12:47:00,107,0,Champions,5,4,1632.34,15
16736,2009-12-03 16:12:00,2009-12-16 10:16:00,13,1,Loyal,103,3,1671.13,11
16741,2010-03-24 15:15:00,2010-03-24 15:15:00,1,0,Loyal,4,1,173.06,8
16742,2009-12-16 17:22:00,2010-03-18 10:09:00,92,0,Champions,11,6,1148.25,15
16746,2009-12-04 13:00:00,2010-03-21 12:00:00,107,0,Champions,8,9,3539.8,15
16748,2009-12-10 12:28:00,2010-03-04 11:36:00,84,0,Loyal,25,3,314.85,11
16749,2009-12-15 14:05:00,2009-12-15 14:05:00,1,1,Lost,104,1,2343.72,8
16754,2010-03-08 11:32:00,2010-03-15 12:52:00,8,0,Loyal,14,2,2756.88,13
16755,2009-12-09 14:25:00,2010-02-03 10:22:00,56,0,Loyal,54,2,426.99,9
16756,2010-03-09 15:56:00,2010-03-09 15:56:00,1,0,Loyal,19,1,273.54,8
16763,2009-12-01 15:26:00,2009-12-01 15:26:00,1,1,Lost,117,1,352.85,6
16768,2009-12-07 11:47:00,2010-03-28 10:35:00,111,0,Loyal,1,3,677.13,14
16769,2009-12-14 11:10:00,2009-12-14 11:18:00,1,1,Lost,105,2,394.46000000000004,8
16771,2009-12-09 11:52:00,2010-03-04 12:32:00,86,0,Loyal,25,3,1492.74,14
16772,2009-12-18 10:50:00,2010-01-08 12:38:00,22,0,Loyal,80,2,2001.1,10
16773,2009-12-06 15:01:00,2009-12-06 15:01:00,1,1,Lost,113,1,137.75,4
16774,2010-02-16 16:53:00,2010-02-16 16:53:00,1,0,Loyal,40,1,354.7,8
16777,2010-03-17 12:42:00,2010-03-17 12:42:00,1,0,Loyal,12,1,198.03,8
16781,2010-02-08 13:56:00,2010-02-08 13:56:00,1,0,Loyal,49,1,311.75,6
16782,2009-12-09 11:58:00,2010-03-21 11:07:00,102,0,Loyal,8,3,613.92,14
16784,2010-03-28 12:55:00,2010-03-28 12:55:00,1,0,Loyal,1,1,210.47,10
16787,2010-01-10 11:12:00,2010-03-28 11:30:00,78,0,Loyal,1,2,687.26,13
16788,2010-02-07 12:40:00,2010-02-07 12:40:00,1,0,Loyal,50,1,412.36,8
16791,2009-12-03 18:08:00,2010-03-09 13:26:00,96,0,Loyal,20,3,711.1,13
16792,2010-01-04 13:47:00,2010-01-04 13:47:00,1,0,Lost,84,1,211.29,6
16794,2010-03-25 15:17:00,2010-03-25 15:17:00,1,0,Loyal,3,1,231.03,10
16795,2010-01-25 13:14:00,2010-01-25 13:14:00,1,0,Loyal,63,1,607.82,9
16797,2009-12-02 13:33:00,2010-02-21 15:48:00,82,0,Loyal,35,2,524.18,10
16798,2009-12-10 19:35:00,2010-03-07 12:06:00,87,0,Loyal,22,2,579.91,12
16802,2009-12-09 13:00:00,2010-01-29 13:44:00,52,0,Loyal,59,2,582.61,10
16805,2009-12-08 14:29:00,2009-12-14 15:17:00,7,1,Lost,104,2,286.05,7
16807,2010-03-26 14:38:00,2010-03-26 14:38:00,1,0,Loyal,3,1,274.05,10
16822,2010-01-22 14:22:00,2010-01-22 14:22:00,1,0,Loyal,66,1,181.39,6
16823,2009-12-02 09:57:00,2010-03-22 17:32:00,111,0,Loyal,6,2,455.38,12
16830,2009-12-13 12:11:00,2010-02-02 08:57:00,51,0,Loyal,55,2,480.39,9
16833,2010-03-26 15:31:00,2010-03-26 15:31:00,1,0,Loyal,2,1,312.88,10
16834,2010-02-03 14:24:00,2010-02-03 14:24:00,1,0,Loyal,54,1,485.5,8
16838,2010-02-14 15:27:00,2010-02-14 15:27:00,1,0,Loyal,42,1,341.23,9
16839,2010-02-11 15:02:00,2010-02-11 15:02:00,1,0,Loyal,46,1,324.82,7
16840,2010-02-03 12:42:00,2010-02-03 12:42:00,1,0,Loyal,54,1,107.75,6
16841,2010-01-12 11:32:00,2010-02-09 15:48:00,29,0,Loyal,47,2,585.21,10
16843,2009-12-10 11:40:00,2010-02-28 13:07:00,81,0,Champions,29,4,3002.0099999999998,13
16846,2010-03-10 12:03:00,2010-03-10 12:03:00,1,0,Loyal,19,1,355.86,10
16854,2010-03-09 14:32:00,2010-03-09 14:32:00,1,0,Loyal,20,1,1290.81,12
16858,2009-12-15 11:09:00,2010-03-21 15:16:00,97,0,Champions,7,5,1546.96,15
16859,2010-03-04 12:37:00,2010-03-04 12:37:00,1,0,Loyal,25,1,257.77,9
16860,2010-02-15 13:46:00,2010-02-15 13:46:00,1,0,Loyal,42,1,517.12,9
16862,2010-01-07 12:57:00,2010-01-07 12:57:00,1,0,Lost,81,1,165.60000000000002,5
16867,2010-01-19 09:11:00,2010-01-19 09:11:00,1,0,Lost,69,1,76.74000000000001,6
16873,2010-02-09 14:17:00,2010-02-09 14:17:00,1,0,Loyal,48,1,1460.7,10
16875,2010-01-05 09:16:00,2010-03-17 12:25:00,72,0,Loyal,12,2,1182.5,13
16883,2009-12-04 12:07:00,2009-12-04 12:07:00,1,1,Lost,115,1,108.95,5
16887,2009-12-01 13:41:00,2009-12-01 13:41:00,1,1,Lost,118,1,219.82,6
16888,2010-01-07 13:07:00,2010-02-01 17:21:00,26,0,Loyal,55,2,317.31,8
16891,2009-12-04 12:37:00,2010-03-17 11:37:00,103,0,Loyal,12,4,704.03,13
16892,2009-12-08 14:20:00,2009-12-08 14:20:00,1,1,Lost,111,1,97.55,5
16895,2010-02-12 11:07:00,2010-03-22 11:01:00,38,0,Loyal,7,2,337.29,12
16901,2009-12-10 16:30:00,2009-12-10 16:30:00,1,1,Lost,108,1,204.26,6
16905,2009-12-10 20:04:00,2010-03-19 14:59:00,99,0,Loyal,10,4,618.3,14
16908,2009-12-17 13:35:00,2009-12-17 13:35:00,1,1,Lost,102,1,252.59,6
16911,2010-02-16 16:12:00,2010-03-14 12:18:00,26,0,Loyal,15,2,255.25,10
16912,2009-12-09 12:32:00,2010-02-21 12:36:00,75,0,Loyal,36,2,725.84,11
16913,2010-02-26 12:06:00,2010-02-26 12:09:00,1,0,Loyal,31,2,310.46999999999997,9
16917,2010-03-17 15:24:00,2010-03-17 15:24:00,1,0,Loyal,11,1,1460.3600000000001,13
16918,2009-12-03 12:27:00,2010-03-11 18:18:00,99,0,Loyal,17,4,889.69,13
16923,2010-01-31 11:14:00,2010-03-26 13:30:00,55,0,Loyal,3,3,1175.66,15
16928,2010-02-03 12:30:00,2010-02-17 15:03:00,15,0,Loyal,40,2,127.2,8
16933,2009-12-09 15:03:00,2010-03-11 13:46:00,92,0,Loyal,18,3,1524.31,14
16934,2010-03-28 12:43:00,2010-03-28 12:43:00,1,0,Loyal,1,1,382.2,11
16938,2010-02-17 14:47:00,2010-02-17 14:47:00,1,0,Loyal,40,1,859.32,10
16939,2010-02-28 13:33:00,2010-03-28 12:44:00,28,0,Loyal,1,2,311.94,11
16940,2009-12-08 13:08:00,2010-02-16 12:50:00,70,0,Loyal,41,2,1210.1299999999999,12
16943,2010-03-25 13:34:00,2010-03-25 13:34:00,1,0,Loyal,4,1,241.38,10
16945,2009-12-09 11:33:00,2010-03-17 09:43:00,98,0,Champions,12,5,1504.06,14
16946,2010-03-02 10:49:00,2010-03-10 10:42:00,8,0,Loyal,19,2,677.0400000000001,12
16947,2010-03-03 10:54:00,2010-03-03 10:54:00,1,0,Loyal,26,1,508.33,9
16948,2010-02-21 13:48:00,2010-02-21 13:48:00,1,0,Loyal,36,1,110.9,7
16950,2010-01-24 11:26:00,2010-02-28 12:21:00,36,0,Loyal,29,2,640.57,11
16952,2009-12-11 13:52:00,2009-12-11 13:52:00,1,1,Lost,108,1,249.09,6
16954,2010-01-18 14:49:00,2010-03-02 13:39:00,43,0,Loyal,27,3,1690.96,13
16955,2010-01-31 11:38:00,2010-01-31 11:38:00,1,0,Loyal,57,1,310.39,7
16960,2010-03-02 13:36:00,2010-03-02 13:36:00,1,0,Loyal,27,1,443.98,9
16964,2009-12-06 12:51:00,2009-12-06 12:53:00,1,1,Lost,113,2,207.85,7
16970,2010-03-23 13:50:00,2010-03-23 13:50:00,1,0,Loyal,6,1,71.4,9
16977,2010-03-18 11:06:00,2010-03-18 11:06:00,1,0,Loyal,11,1,140.20000000000002,9
16978,2010-02-11 16:27:00,2010-02-11 16:33:00,1,0,Loyal,45,2,424.55,10
16984,2010-03-07 15:34:00,2010-03-24 15:36:00,18,0,Loyal,4,2,2081.5,14
16985,2009-12-10 13:34:00,2010-02-22 10:38:00,74,0,Champions,35,4,2252.35,13
16986,2010-02-04 14:46:00,2010-02-04 15:41:00,1,0,Champions,52,6,2591.85,12
16987,2009-12-02 14:34:00,2009-12-16 16:04:00,15,1,Lost,102,2,290.91,7
16992,2010-02-11 12:36:00,2010-02-11 12:36:00,1,0,Loyal,46,1,114.88,6
17001,2010-03-25 12:41:00,2010-03-25 12:41:00,1,0,Loyal,4,1,577.24,12
17002,2010-03-08 15:46:00,2010-03-08 15:48:00,1,0,Loyal,20,2,216.36,10
17006,2010-03-05 13:33:00,2010-03-05 13:33:00,1,0,Loyal,24,1,179.76,8
17011,2010-02-26 09:47:00,2010-03-02 13:50:00,5,0,Loyal,27,2,400.8,10
17012,2009-12-14 17:34:00,2009-12-14 17:34:00,1,1,Lost,104,1,360.61,7
17017,2009-12-03 13:22:00,2009-12-03 13:22:00,1,1,Lost,116,1,277.5,6
17018,2009-12-05 10:27:00,2010-01-08 09:38:00,34,0,Lost,80,2,708.6,9
17019,2009-12-02 11:52:00,2010-03-24 12:33:00,113,0,Loyal,5,2,571.97,13
17020,2010-03-03 12:27:00,2010-03-03 12:27:00,1,0,Loyal,26,1,316.86,8
17023,2010-01-11 15:09:00,2010-01-11 15:09:00,1,0,Lost,77,1,142.35,5
17025,2010-03-08 13:37:00,2010-03-08 13:37:00,1,0,Loyal,21,1,848.7,11
17027,2009-12-10 12:10:00,2010-02-24 13:54:00,77,0,Loyal,33,2,244.25,9
17028,2009-12-18 14:28:00,2010-02-24 09:50:00,68,0,Loyal,33,2,570.09,10
17029,2010-02-14 10:19:00,2010-03-10 13:34:00,25,0,Loyal,19,2,601.0,12
17032,2009-12-10 15:36:00,2010-02-25 16:48:00,78,0,Champions,31,4,2258.17,13
17035,2009-12-03 10:37:00,2009-12-03 10:37:00,1,1,Lost,116,1,54.599999999999994,5
17043,2009-12-09 15:20:00,2009-12-09 15:20:00,1,1,Lost,109,1,377.06,7
17044,2009-12-07 12:25:00,2010-03-10 10:53:00,93,0,Loyal,19,2,1655.8600000000001,13
17047,2009-12-08 08:48:00,2009-12-08 08:48:00,1,1,Lost,111,1,322.65,6
17048,2010-01-18 13:55:00,2010-01-18 13:55:00,1,0,Lost,70,1,213.53,7
17049,2010-03-04 10:23:00,2010-03-04 10:23:00,1,0,Loyal,25,1,620.54,11
17050,2010-01-26 14:54:00,2010-02-28 11:33:00,33,0,Loyal,29,2,510.46999999999997,10
17051,2010-03-21 14:55:00,2010-03-21 14:55:00,1,0,Loyal,8,1,167.65,9
17056,2009-12-01 12:55:00,2009-12-01 12:55:00,1,1,Lost,118,1,128.60000000000002,5
17059,2010-01-26 14:43:00,2010-03-09 15:22:00,43,0,Loyal,19,2,936.03,12
17063,2009-12-01 12:36:00,2010-03-08 08:45:00,97,0,Loyal,21,2,574.86,12
17065,2010-03-12 11:40:00,2010-03-12 11:41:00,1,0,Loyal,17,2,194.7,9
17066,2009-12-13 13:24:00,2009-12-13 13:24:00,1,1,Lost,106,1,228.34,6
17067,2009-12-08 12:03:00,2009-12-15 08:39:00,7,1,Lost,104,3,454.54,9
17068,2010-03-28 14:26:00,2010-03-28 14:26:00,1,0,Loyal,1,1,253.45,10
17069,2009-12-03 12:27:00,2009-12-03 12:27:00,1,1,Lost,116,1,500.55,7
17071,2010-01-24 13:05:00,2010-01-24 13:05:00,1,0,Loyal,64,1,308.01,7
17072,2010-03-24 16:33:00,2010-03-24 16:33:00,1,0,Loyal,4,1,273.35,10
17075,2009-12-14 11:24:00,2010-03-17 16:33:00,94,0,Loyal,11,4,758.08,14
17076,2009-12-04 12:12:00,2010-03-11 13:19:00,98,0,Loyal,18,2,191.75,9
17081,2010-02-22 13:19:00,2010-02-22 13:19:00,1,0,Loyal,35,1,112.88,7
17082,2009-12-15 11:25:00,2010-03-24 09:26:00,99,0,Loyal,5,3,1785.38,15
17083,2010-02-09 11:46:00,2010-02-09 11:46:00,1,0,Loyal,48,1,548.9,8
17085,2009-12-06 12:16:00,2010-03-15 12:54:00,100,0,Champions,14,7,1515.48,14
17087,2009-12-02 10:41:00,2009-12-02 10:41:00,1,1,Lost,117,1,221.53,6
17091,2009-12-16 15:45:00,2010-02-15 10:56:00,61,0,Loyal,42,2,624.88,11
17092,2010-02-02 16:42:00,2010-02-02 16:42:00,1,0,Loyal,54,1,287.26,7
17095,2009-12-15 12:32:00,2010-03-18 13:28:00,94,0,Loyal,11,2,629.9300000000001,13
17103,2009-12-17 14:08:00,2009-12-17 14:08:00,1,1,Lost,102,1,424.3,7
17107,2010-01-31 15:47:00,2010-01-31 15:47:00,1,0,Loyal,56,1,1610.19,10
17108,2010-02-14 12:22:00,2010-02-14 12:22:00,1,0,Loyal,43,1,174.95,7
17113,2010-01-11 10:14:00,2010-03-24 09:46:00,72,0,Loyal,5,3,961.83,14
17115,2009-12-05 12:13:00,2010-01-28 15:17:00,55,0,Loyal,59,2,1280.96,11
17116,2010-03-01 16:29:00,2010-03-01 16:29:00,1,0,Loyal,27,1,389.78,9
17127,2009-12-04 15:18:00,2009-12-04 15:18:00,1,1,Lost,114,1,137.95,5
17133,2010-03-21 12:31:00,2010-03-21 12:31:00,1,0,Loyal,8,1,2613.62,13
17136,2010-02-15 13:13:00,2010-02-15 13:13:00,1,0,Loyal,42,1,231.68,8
17137,2010-01-31 12:27:00,2010-01-31 12:32:00,1,0,Loyal,57,2,398.37,9
17138,2010-02-04 14:19:00,2010-03-22 14:34:00,47,0,Champions,7,3,2966.68,15
17139,2010-01-11 11:31:00,2010-02-19 13:15:00,40,0,Loyal,38,3,2611.21,13
17141,2010-01-24 14:19:00,2010-01-24 14:24:00,1,0,Loyal,64,2,400.59000000000003,9
17142,2010-01-24 15:23:00,2010-01-24 15:23:00,1,0,Loyal,63,1,225.5,7
17145,2010-02-19 12:07:00,2010-02-19 12:07:00,1,0,Loyal,38,1,897.0300000000001,10
17146,2010-02-02 09:39:00,2010-02-02 09:39:00,1,0,Loyal,55,1,1023.6,9
17147,2010-01-11 09:38:00,2010-03-23 13:52:00,72,0,Loyal,6,2,608.87,13
17150,2009-12-06 10:51:00,2010-02-28 11:25:00,85,0,Loyal,29,3,517.6800000000001,11
17151,2009-12-04 14:56:00,2009-12-04 14:56:00,1,1,Lost,115,1,231.90000000000003,6
17155,2009-12-03 11:34:00,2010-03-28 11:19:00,115,0,Loyal,1,3,390.36,13
17157,2009-12-04 13:00:00,2010-03-09 10:45:00,95,0,Champions,20,8,2432.38,14
17158,2010-03-07 15:50:00,2010-03-07 15:50:00,1,0,Loyal,21,1,298.5,9
17159,2010-03-04 14:53:00,2010-03-04 14:53:00,1,0,Loyal,25,1,261.3,9
17160,2009-12-04 10:57:00,2010-03-25 16:58:00,112,0,Champions,3,4,1992.69,15
17163,2010-02-02 10:39:00,2010-02-02 10:39:00,1,0,Loyal,55,1,141.24,6
17165,2009-12-11 09:18:00,2010-03-24 11:38:00,104,0,Loyal,5,3,945.9300000000001,14
17171,2010-02-16 12:02:00,2010-02-16 12:02:00,1,0,Loyal,41,1,159.68,7
17172,2009-12-13 11:46:00,2009-12-13 11:46:00,1,1,Lost,106,1,336.82,7
17176,2010-01-31 15:49:00,2010-01-31 15:49:00,1,0,Loyal,56,1,286.34,7
17178,2009-12-08 16:20:00,2009-12-08 16:20:00,1,1,Lost,110,1,432.96,7
17180,2010-01-21 17:43:00,2010-03-15 14:01:00,53,0,Loyal,14,2,358.2,11
17182,2009-12-21 15:22:00,2009-12-21 15:22:00,1,1,Lost,97,1,178.5,5
17184,2009-12-09 14:17:00,2009-12-09 14:17:00,1,1,Lost,110,1,50.55,5
17188,2009-12-08 19:16:00,2010-03-03 14:20:00,85,0,Loyal,26,3,981.19,12
17189,2009-12-02 11:45:00,2009-12-16 12:16:00,15,1,Lost,103,2,442.57,8
17190,2010-03-05 13:21:00,2010-03-05 13:21:00,1,0,Loyal,24,1,405.41999999999996,10
17191,2009-12-01 16:34:00,2010-03-26 15:32:00,115,0,Loyal,2,3,894.47,14
17193,2009-12-02 10:02:00,2009-12-02 10:02:00,1,1,Lost,117,1,45.0,5
17195,2010-02-22 13:05:00,2010-02-22 13:05:00,1,0,Loyal,35,1,562.98,9
17200,2010-02-25 13:23:00,2010-02-25 13:24:00,1,0,Loyal,32,2,165.06,8
17201,2010-02-10 12:26:00,2010-02-10 12:26:00,1,0,Loyal,47,1,439.77,8
17207,2010-02-25 19:08:00,2010-02-25 19:08:00,1,0,Loyal,31,1,292.62,8
17209,2009-12-03 11:10:00,2010-02-28 16:01:00,88,0,Loyal,28,3,595.7,12
17211,2009-12-13 13:17:00,2010-02-28 14:41:00,78,0,Champions,29,4,1263.0,13
17213,2009-12-15 10:28:00,2010-03-09 14:16:00,85,0,Champions,20,4,1337.95,14
17218,2010-01-25 16:12:00,2010-03-15 16:13:00,50,0,Loyal,13,2,568.59,11
17220,2010-01-20 11:57:00,2010-03-10 13:26:00,50,0,Loyal,19,4,634.9399999999999,13
17222,2010-01-10 15:24:00,2010-03-08 17:27:00,58,0,Loyal,20,3,496.88,12
17226,2010-02-12 14:31:00,2010-02-12 14:31:00,1,0,Loyal,45,1,420.97999999999996,9
17227,2010-01-15 15:05:00,2010-03-17 15:20:00,62,0,Loyal,11,2,377.55,12
17228,2010-03-12 11:54:00,2010-03-12 11:54:00,1,0,Loyal,17,1,128.06,8
17230,2009-12-08 13:41:00,2010-03-19 13:19:00,101,0,Champions,10,7,4392.18,15
17231,2009-12-07 16:38:00,2010-03-15 17:14:00,99,0,Champions,13,6,1254.15,14
17233,2009-12-15 12:03:00,2009-12-15 12:03:00,1,1,Lost,104,1,179.36,5
17236,2010-03-07 13:00:00,2010-03-21 12:56:00,14,0,Loyal,8,2,382.43,12
17238,2009-12-01 10:59:00,2010-03-16 11:08:00,106,0,Loyal,13,4,910.96,13
17241,2010-02-15 14:47:00,2010-03-16 11:16:00,29,0,Champions,13,4,1292.59,14
17242,2010-01-24 10:27:00,2010-01-24 10:27:00,1,0,Loyal,64,1,441.26,8
17243,2009-12-01 15:36:00,2010-03-28 10:13:00,117,0,Champions,1,18,6232.99,15
17244,2009-12-06 11:27:00,2009-12-06 11:27:00,1,1,Lost,113,1,260.65,6
17245,2010-01-19 15:39:00,2010-01-19 15:39:00,1,0,Lost,68,1,200.18,7
17246,2009-12-01 17:45:00,2009-12-01 17:45:00,1,1,Lost,117,1,23.48,5
17251,2009-12-15 10:36:00,2009-12-15 10:36:00,1,1,Lost,104,1,306.40000000000003,6
17258,2010-02-12 15:51:00,2010-02-12 15:51:00,1,0,Loyal,44,1,283.85,8
17259,2010-02-22 13:38:00,2010-02-22 13:38:00,1,0,Loyal,35,1,308.62,8
17262,2009-12-15 11:26:00,2009-12-15 11:26:00,1,1,Lost,104,1,169.5,5
17266,2010-03-09 10:42:00,2010-03-09 10:42:00,1,0,Loyal,20,1,114.73,8
17268,2009-12-08 11:46:00,2010-03-16 13:25:00,99,0,Loyal,13,2,268.5,10
17270,2009-12-07 17:18:00,2009-12-07 17:18:00,1,1,Lost,111,1,389.62,7
17271,2009-12-03 13:49:00,2009-12-03 13:49:00,1,1,Lost,116,1,204.3,6
17281,2010-02-04 13:00:00,2010-02-04 13:00:00,1,0,Loyal,53,1,112.5,6
17285,2010-02-14 14:10:00,2010-03-21 13:38:00,35,0,Loyal,8,2,407.94,12
17287,2009-12-03 12:45:00,2010-03-04 12:39:00,91,0,Champions,25,7,947.07,13
17289,2010-03-08 12:52:00,2010-03-12 11:48:00,4,0,Loyal,17,2,349.79,11
17290,2009-12-13 13:28:00,2010-03-26 13:13:00,103,0,Loyal,3,2,158.99,10
17293,2009-12-03 15:09:00,2010-02-04 16:18:00,64,0,Loyal,52,3,569.99,10
17294,2010-02-08 14:21:00,2010-02-08 16:12:00,1,0,Loyal,48,2,467.78999999999996,9
17296,2009-12-09 14:01:00,2009-12-09 14:01:00,1,1,Lost,110,1,338.13,7
17298,2010-03-08 08:56:00,2010-03-08 08:56:00,1,0,Loyal,21,1,122.02000000000001,8
17301,2010-03-25 13:16:00,2010-03-25 13:16:00,1,0,Loyal,4,1,131.15,9
17305,2010-03-01 12:47:00,2010-03-01 12:47:00,1,0,Loyal,28,1,2135.46,11
17307,2010-01-19 16:38:00,2010-03-18 12:41:00,58,0,Loyal,11,3,457.92,13
17309,2010-02-04 15:49:00,2010-02-04 15:49:00,1,0,Loyal,52,1,209.89000000000001,7
17311,2010-02-03 12:38:00,2010-02-03 12:38:00,1,0,Loyal,54,1,509.46,8
17314,2009-12-03 11:25:00,2010-01-31 11:43:00,60,0,Loyal,57,2,250.10000000000002,8
17318,2009-12-14 13:11:00,2009-12-14 13:11:00,1,1,Lost,105,1,157.32999999999998,5
17319,2010-02-08 15:47:00,2010-02-08 15:47:00,1,0,Loyal,48,1,29.1,6
17320,2010-01-21 16:29:00,2010-01-21 16:29:00,1,0,Loyal,66,1,323.66,7
17322,2009-12-03 11:46:00,2009-12-03 11:46:00,1,1,Lost,116,1,114.55,5
17323,2010-01-10 11:58:00,2010-02-25 19:39:00,47,0,Loyal,31,2,247.25,9
17324,2009-12-18 15:29:00,2010-03-01 13:22:00,73,0,Loyal,28,2,141.36,8
17325,2010-03-08 11:31:00,2010-03-08 11:31:00,1,0,Loyal,21,1,101.89999999999999,8
17328,2010-02-04 17:11:00,2010-02-04 17:11:00,1,0,Loyal,52,1,104.7,6
17329,2009-12-03 16:09:00,2009-12-08 16:57:00,6,1,Lost,110,3,475.42,9
17330,2010-03-02 09:20:00,2010-03-02 09:20:00,1,0,Loyal,27,1,49.95,7
17332,2010-02-21 14:41:00,2010-03-14 12:24:00,21,0,Loyal,15,2,385.71,11
17335,2010-01-24 11:15:00,2010-01-24 11:15:00,1,0,Loyal,64,1,143.81,6
17338,2010-03-10 16:09:00,2010-03-10 16:09:00,1,0,Loyal,18,1,267.21000000000004,9
17340,2010-02-14 14:54:00,2010-03-21 16:02:00,36,0,Loyal,7,2,1848.94,14
17342,2010-02-08 09:16:00,2010-02-16 16:50:00,9,0,Loyal,40,2,626.14,11
17343,2009-12-03 18:30:00,2010-01-18 10:29:00,46,0,Lost,70,2,461.13,9
17344,2009-12-11 12:31:00,2009-12-11 12:31:00,1,1,Lost,108,1,299.74,6
17345,2009-12-01 16:17:00,2009-12-01 16:17:00,1,1,Lost,117,1,329.90999999999997,6
17348,2010-03-10 12:13:00,2010-03-10 12:13:00,1,0,Loyal,19,1,417.46,10
17349,2010-03-18 14:26:00,2010-03-18 14:26:00,1,0,Loyal,11,1,136.10000000000002,9
17350,2010-02-01 15:38:00,2010-02-01 15:38:00,1,0,Loyal,55,1,342.25100000000003,8
17351,2009-12-10 18:43:00,2010-02-16 15:27:00,68,0,Loyal,40,4,647.13,12
17352,2010-01-12 16:13:00,2010-01-12 16:13:00,1,0,Lost,75,1,36.25,5
17353,2010-03-25 12:52:00,2010-03-25 12:52:00,1,0,Loyal,4,1,342.0,11
17356,2010-01-20 12:14:00,2010-03-18 10:52:00,57,0,Loyal,11,2,422.22999999999996,12
17358,2010-02-24 16:42:00,2010-02-24 16:42:00,1,0,Loyal,32,1,117.22,7
17359,2010-03-01 14:48:00,2010-03-01 14:48:00,1,0,Loyal,28,1,156.6,7
17361,2010-02-01 14:30:00,2010-02-01 14:33:00,1,0,Loyal,56,2,383.59000000000003,9
17362,2010-01-06 10:53:00,2010-03-01 11:34:00,55,0,Loyal,28,3,399.0,11
17364,2009-12-07 15:28:00,2010-03-18 15:12:00,101,0,Champions,11,6,2340.67,15
17365,2010-02-01 11:56:00,2010-03-07 10:27:00,34,0,Loyal,22,2,616.95,12
17368,2009-12-15 17:45:00,2009-12-15 17:45:00,1,1,Lost,103,1,191.72,5
17371,2009-12-08 12:25:00,2010-03-26 14:01:00,109,0,Loyal,3,3,236.97,12
17372,2009-12-03 18:41:00,2010-03-28 12:26:00,115,0,Champions,1,9,1161.71,15
17373,2010-02-28 14:17:00,2010-02-28 14:17:00,1,0,Loyal,29,1,163.7,7
17377,2009-12-02 12:39:00,2010-03-24 10:45:00,112,0,Champions,5,22,4528.25,15
17388,2009-12-10 11:45:00,2009-12-10 11:45:00,1,1,Lost,109,1,228.96,6
17389,2009-12-04 12:06:00,2010-03-23 13:21:00,110,0,Loyal,6,2,1020.87,13
17400,2009-12-17 15:41:00,2010-02-19 17:40:00,65,0,Loyal,37,2,1757.41,12
17402,2009-12-16 17:40:00,2010-03-24 15:08:00,98,0,Loyal,5,3,210.7,12
17404,2010-01-07 11:31:00,2010-02-16 11:58:00,41,0,Champions,41,3,3055.87,13
17406,2009-12-06 13:45:00,2010-02-04 11:39:00,60,0,Loyal,53,2,693.12,10
17409,2009-12-11 12:17:00,2010-03-11 12:04:00,90,0,Champions,18,3,2472.46,14
17411,2009-12-03 12:02:00,2009-12-03 12:02:00,1,1,Lost,116,1,344.40000000000003,7
17412,2009-12-02 13:51:00,2010-01-31 10:50:00,60,0,Loyal,57,4,1277.59,12
17414,2009-12-03 16:49:00,2009-12-03 16:49:00,1,1,Lost,115,1,239.68,6
17416,2009-12-14 16:29:00,2009-12-14 16:29:00,1,1,Lost,104,1,659.4,8
17419,2010-01-25 13:19:00,2010-01-25 13:19:00,1,0,Loyal,63,1,215.7,7
17421,2009-12-04 15:43:00,2009-12-04 15:43:00,1,1,Lost,114,1,130.8,5
17426,2010-02-17 13:39:00,2010-02-17 13:39:00,1,0,Loyal,40,1,521.96,9
17428,2009-12-01 17:28:00,2009-12-16 17:06:00,15,1,Champions,102,4,3204.62,11
17432,2009-12-03 19:13:00,2010-03-22 16:44:00,109,0,Loyal,6,2,274.45,11
17436,2009-12-07 12:31:00,2009-12-07 12:31:00,1,1,Lost,112,1,76.5,5
17438,2010-03-08 16:53:00,2010-03-08 16:53:00,1,0,Loyal,20,1,263.73,9
17439,2010-02-22 12:48:00,2010-02-22 12:48:00,1,0,Loyal,35,1,325.74,8
17441,2009-12-07 13:32:00,2009-12-07 13:32:00,1,1,Lost,112,1,293.35,6
17442,2010-02-15 15:54:00,2010-02-15 15:54:00,1,0,Loyal,41,1,517.57,9
17448,2010-03-04 17:29:00,2010-03-21 14:07:00,17,0,Champions,8,14,4663.75,15
17449,2009-12-09 14:16:00,2010-03-07 16:12:00,89,0,Loyal,21,2,627.33,12
17454,2010-01-15 15:40:00,2010-03-08 10:05:00,52,0,Loyal,21,2,362.95,11
17457,2009-12-07 14:52:00,2010-01-08 10:34:00,32,0,Loyal,80,2,1115.4,10
17460,2010-01-22 13:25:00,2010-02-25 08:56:00,34,0,Loyal,32,2,501.1,10
17465,2009-12-03 13:25:00,2010-03-21 10:51:00,108,0,Champions,8,4,1409.76,15
17469,2009-12-16 15:06:00,2010-02-18 15:44:00,65,0,Loyal,38,3,1020.99,12
17472,2010-03-21 13:27:00,2010-03-21 13:27:00,1,0,Loyal,8,1,224.81,10
17476,2009-12-02 12:09:00,2009-12-02 12:09:00,1,1,Lost,117,1,260.36,6
17477,2010-03-02 11:53:00,2010-03-02 11:53:00,1,0,Loyal,27,1,731.72,10
17478,2010-03-16 14:19:00,2010-03-16 14:19:00,1,0,Loyal,13,1,706.2,11
17479,2010-03-17 09:26:00,2010-03-17 09:26:00,1,0,Loyal,12,1,389.26000000000005,10
17484,2010-03-25 16:17:00,2010-03-25 16:17:00,1,0,Loyal,3,1,133.85,9
17487,2009-12-11 15:06:00,2009-12-11 15:06:00,1,1,Lost,108,1,160.55,5
17488,2010-03-08 14:07:00,2010-03-08 14:07:00,1,0,Loyal,21,1,336.5,10
17496,2010-01-14 13:36:00,2010-03-22 15:59:00,68,0,Loyal,6,2,743.14,13
17504,2010-02-08 09:22:00,2010-02-08 09:22:00,1,0,Loyal,49,1,328.75,7
17508,2009-12-07 11:46:00,2010-03-05 10:51:00,88,0,Loyal,24,3,1992.95,14
17512,2009-12-10 19:35:00,2010-03-24 09:54:00,104,0,Champions,5,4,1381.39,15
17514,2010-02-08 14:00:00,2010-02-08 14:00:00,1,0,Loyal,49,1,313.35,7
17518,2010-03-28 13:31:00,2010-03-28 13:31:00,1,0,Loyal,1,1,153.55,9
17519,2009-12-01 09:57:00,2010-03-18 16:30:00,108,0,Champions,10,4,1230.73,15
17526,2009-12-17 16:18:00,2010-03-21 11:17:00,94,0,Champions,8,4,1130.45,15
17529,2010-01-11 12:29:00,2010-01-11 12:29:00,1,0,Lost,77,1,858.27,8
17530,2009-12-06 16:17:00,2009-12-06 16:17:00,1,1,Lost,112,1,245.63,6
17534,2010-02-25 16:55:00,2010-02-25 16:55:00,1,0,Loyal,31,1,502.2,9
17536,2010-01-26 12:00:00,2010-01-26 12:00:00,1,0,Loyal,62,1,34.78,6
17539,2009-12-13 12:36:00,2010-03-21 15:23:00,99,0,Loyal,7,3,1161.84,15
17542,2010-03-08 12:08:00,2010-03-08 12:17:00,1,0,Loyal,21,2,170.1,9
17547,2010-02-12 14:34:00,2010-02-12 14:34:00,1,0,Loyal,45,1,404.55,9
17550,2010-02-07 15:07:00,2010-02-07 15:07:00,1,0,Loyal,50,1,281.02,7
17552,2010-03-22 09:19:00,2010-03-22 09:19:00,1,0,Loyal,7,1,415.92,11
17557,2009-12-07 10:15:00,2009-12-07 10:15:00,1,1,Lost,112,1,34.0,5
17560,2010-02-17 12:11:00,2010-02-17 12:11:00,1,0,Loyal,40,1,223.2,8
17561,2009-12-06 13:29:00,2009-12-06 13:29:00,1,1,Lost,113,1,189.7,5
17568,2010-03-16 16:45:00,2010-03-16 16:45:00,1,0,Loyal,12,1,374.45,10
17572,2009-12-15 10:00:00,2009-12-15 10:00:00,1,1,Lost,104,1,62.31,5
17575,2010-02-10 13:48:00,2010-02-10 13:48:00,1,0,Loyal,47,1,171.7,6
17576,2009-12-03 16:54:00,2010-03-23 17:15:00,111,0,Champions,5,8,1769.52,15
17577,2010-02-09 10:10:00,2010-03-04 13:01:00,24,0,Loyal,25,2,348.75,11
17581,2009-12-03 12:34:00,2010-03-19 10:22:00,106,0,Champions,10,8,2049.0,15
17582,2010-03-26 12:23:00,2010-03-26 12:23:00,1,0,Loyal,3,1,303.55,10
17584,2010-01-25 08:17:00,2010-01-25 08:17:00,1,0,Loyal,63,1,462.05,8
17587,2010-03-21 14:16:00,2010-03-21 14:16:00,1,0,Loyal,8,1,176.71,9
17588,2010-03-12 12:34:00,2010-03-12 12:34:00,1,0,Loyal,17,1,402.5,10
17589,2010-03-07 13:48:00,2010-03-28 14:47:00,22,0,Loyal,1,2,1414.28,14
17591,2010-01-17 16:09:00,2010-01-17 16:09:00,1,0,Lost,70,1,135.65,6
17592,2009-12-01 10:49:00,2009-12-01 10:49:00,1,1,Lost,118,1,148.3,5
17593,2009-12-04 14:35:00,2010-03-01 13:10:00,87,0,Champions,28,4,2557.15,13
17596,2009-12-15 13:21:00,2010-03-16 16:18:00,92,0,Loyal,12,2,698.28,12
17603,2009-12-10 09:44:00,2010-01-29 17:25:00,51,0,Loyal,58,2,1067.01,10
17604,2010-01-27 12:19:00,2010-01-27 12:19:00,1,0,Loyal,61,1,157.08,6
17606,2009-12-02 13:32:00,2009-12-02 13:32:00,1,1,Lost,117,1,87.30000000000001,5
17610,2009-12-06 16:07:00,2010-02-22 15:52:00,78,0,Champions,34,4,1400.14,13
17611,2009-12-01 13:29:00,2010-03-21 14:04:00,111,0,Champions,8,4,1593.02,15
17612,2009-12-17 11:59:00,2010-03-19 12:31:00,93,0,Loyal,10,3,812.82,14
17618,2010-01-24 11:03:00,2010-01-24 11:03:00,1,0,Loyal,64,1,436.35,8
17623,2009-12-14 14:36:00,2009-12-14 14:36:00,1,1,Lost,105,1,197.05,6
17624,2009-12-20 12:35:00,2009-12-20 12:35:00,1,1,Lost,99,1,316.83,6
17625,2009-12-15 11:49:00,2010-01-31 11:54:00,48,0,Loyal,57,2,1618.94,11
17631,2009-12-09 14:15:00,2010-02-09 13:18:00,62,0,Loyal,48,3,335.76,9
17638,2009-12-18 09:58:00,2010-03-02 14:32:00,75,0,Loyal,27,2,842.4,11
17640,2010-03-23 09:15:00,2010-03-24 13:20:00,2,0,Loyal,5,2,853.02,13
17642,2009-12-05 16:01:00,2009-12-05 16:01:00,1,1,Lost,113,1,281.02,6
17644,2010-02-16 08:44:00,2010-03-28 11:04:00,41,0,Loyal,1,2,687.65,13
17646,2009-12-16 09:37:00,2010-02-17 11:49:00,64,0,Loyal,40,3,975.25,12
17647,2010-02-08 14:39:00,2010-02-08 14:40:00,1,0,Loyal,49,2,198.6,8
17660,2009-12-02 16:02:00,2009-12-02 16:02:00,1,1,Lost,116,1,163.47,5
17662,2009-12-17 09:54:00,2010-02-16 09:38:00,61,0,Loyal,41,2,412.92,10
17663,2010-03-04 11:42:00,2010-03-08 16:30:00,5,0,Loyal,20,2,1240.46,13
17667,2010-02-23 09:57:00,2010-02-23 09:57:00,1,0,Loyal,34,1,454.7,9
17672,2010-01-26 17:20:00,2010-03-08 13:17:00,41,0,Loyal,21,2,1449.16,13
17673,2010-03-19 14:02:00,2010-03-19 14:02:00,1,0,Loyal,10,1,583.9399999999999,12
17675,2009-12-10 16:10:00,2010-03-23 15:08:00,103,0,Champions,6,13,4777.25,15
17677,2009-12-16 11:23:00,2010-03-18 10:08:00,92,0,Champions,11,6,4998.6,15
17679,2009-12-03 17:32:00,2010-03-16 12:53:00,103,0,Champions,13,4,1159.5,14
17681,2010-01-15 11:53:00,2010-03-21 11:47:00,65,0,Loyal,8,3,640.6,14
17682,2010-03-08 09:49:00,2010-03-08 09:49:00,1,0,Loyal,21,1,373.5,10
17685,2010-02-11 13:44:00,2010-02-11 13:44:00,1,0,Loyal,46,1,636.9,9
17690,2010-02-03 14:26:00,2010-03-17 12:17:00,42,0,Loyal,12,2,765.37,12
17695,2010-01-28 09:27:00,2010-01-28 09:27:00,1,0,Loyal,60,1,303.9,7
17696,2009-12-10 17:09:00,2010-03-22 14:50:00,102,0,Champions,7,4,1481.04,15
17700,2009-12-01 11:37:00,2010-03-09 12:10:00,99,0,Loyal,20,3,1619.57,14
17706,2010-01-19 12:13:00,2010-01-19 12:17:00,1,0,Loyal,69,2,2278.07,11
17707,2009-12-07 12:19:00,2010-03-05 12:39:00,89,0,Loyal,24,2,104.4,9
17716,2009-12-02 17:18:00,2010-03-24 12:54:00,112,0,Champions,5,4,2734.08,15
17718,2010-03-05 08:01:00,2010-03-05 08:01:00,1,0,Loyal,24,1,299.83,9
17721,2010-02-18 15:18:00,2010-02-18 15:18:00,1,0,Loyal,38,1,307.21000000000004,8
17726,2010-01-26 14:58:00,2010-02-25 15:07:00,31,0,Loyal,32,2,235.27,9
17731,2010-02-09 12:37:00,2010-03-28 12:43:00,48,0,Loyal,1,2,468.88,12
17734,2010-03-07 13:55:00,2010-03-07 13:55:00,1,0,Loyal,22,1,321.7,9
17738,2010-03-19 10:07:00,2010-03-19 10:07:00,1,0,Loyal,10,1,453.17,11
17739,2009-12-07 10:48:00,2010-02-17 16:23:00,73,0,Champions,39,4,1780.42,13
17740,2010-01-11 13:11:00,2010-03-08 10:45:00,56,0,Loyal,21,2,110.70000000000002,9
17742,2009-12-01 13:16:00,2010-03-03 14:02:00,93,0,Loyal,26,3,691.71,12
17753,2010-01-06 14:20:00,2010-01-06 14:20:00,1,0,Lost,82,1,30.45,5
17754,2009-12-11 15:52:00,2010-03-12 16:18:00,92,0,Champions,16,4,1571.68,14
17757,2010-01-13 15:56:00,2010-03-11 13:46:00,57,0,Loyal,18,3,357.13,12
17760,2010-02-28 12:15:00,2010-03-22 11:24:00,22,0,Loyal,7,3,237.89,12
17763,2010-02-18 14:32:00,2010-02-24 13:34:00,6,0,Loyal,33,3,71.15,9
17764,2009-12-03 14:28:00,2009-12-03 14:28:00,1,1,Lost,116,1,187.15,5
17768,2009-12-02 12:26:00,2010-01-28 15:54:00,58,0,Loyal,59,3,569.77,10
17769,2010-01-19 11:33:00,2010-03-07 11:31:00,47,0,Loyal,22,2,365.3,11
17773,2010-01-18 14:32:00,2010-01-18 14:32:00,1,0,Lost,70,1,366.35,8
17774,2010-02-08 16:06:00,2010-03-16 12:00:00,36,0,Loyal,13,2,799.14,12
17776,2009-12-16 14:59:00,2009-12-16 14:59:00,1,1,Lost,103,1,207.75,6
17778,2010-02-16 12:44:00,2010-02-16 12:44:00,1,0,Loyal,41,1,197.70000000000002,8
17780,2010-01-24 11:21:00,2010-02-10 13:43:00,18,0,Loyal,47,3,346.56,10
17789,2010-02-16 13:16:00,2010-02-16 13:16:00,1,0,Loyal,41,1,171.25,7
17794,2010-01-20 12:17:00,2010-01-22 10:18:00,2,0,Lost,66,2,147.3,7
17797,2009-12-15 14:30:00,2010-03-23 14:09:00,98,0,Loyal,6,3,610.52,14
17799,2009-12-13 16:03:00,2010-03-19 14:05:00,96,0,Loyal,10,3,1436.14,15
17801,2010-01-17 11:31:00,2010-01-17 11:31:00,1,0,Lost,71,1,382.44,8
17802,2009-12-13 13:39:00,2009-12-13 14:10:00,1,1,Lost,106,2,522.95,8
17804,2009-12-01 12:22:00,2009-12-01 12:22:00,1,1,Lost,118,1,124.95,5
17807,2010-01-04 14:00:00,2010-01-04 14:00:00,1,0,Lost,84,1,189.68,5
17809,2009-12-02 14:52:00,2010-03-15 08:48:00,103,0,Champions,14,4,2132.9300000000003,14
17810,2010-01-25 10:26:00,2010-02-09 10:47:00,16,0,Loyal,48,2,373.16,9
17816,2009-12-15 15:27:00,2010-02-19 13:53:00,66,0,Loyal,38,2,59.55,8
17818,2009-12-02 11:34:00,2009-12-02 11:34:00,1,1,Lost,117,1,124.78,5
17819,2009-12-13 15:24:00,2010-02-28 10:40:00,77,0,Loyal,29,3,1288.5,13
17825,2009-12-14 12:09:00,2009-12-14 12:16:00,1,1,Lost,105,3,437.46,9
17827,2010-03-28 12:20:00,2010-03-28 12:20:00,1,0,Loyal,1,1,388.84,11
17829,2010-02-22 15:39:00,2010-02-22 15:39:00,1,0,Loyal,34,1,1310.3000000000002,11
17833,2009-12-16 13:40:00,2009-12-16 13:40:00,1,1,Lost,103,1,338.46000000000004,7
17838,2010-03-19 09:53:00,2010-03-24 10:15:00,6,0,Loyal,5,3,788.97,14
17841,2009-12-02 15:41:00,2010-03-25 12:54:00,113,0,Champions,4,31,8780.42,15
17847,2010-03-04 12:57:00,2010-03-04 12:57:00,1,0,Loyal,25,1,40.65,8
17848,2009-12-06 13:19:00,2010-03-18 18:57:00,103,0,Champions,10,7,1307.66,15
17849,2010-03-14 15:17:00,2010-03-14 15:19:00,1,0,Loyal,14,2,191.08,9
17851,2009-12-03 17:46:00,2010-01-15 15:47:00,43,0,Loyal,72,4,1334.46,12
17852,2009-12-08 12:51:00,2009-12-15 11:06:00,7,1,Lost,104,2,380.36,8
17853,2009-12-03 15:09:00,2009-12-03 15:09:00,1,1,Lost,116,1,584.35,8
17854,2009-12-08 11:13:00,2009-12-08 11:13:00,1,1,Lost,111,1,135.94,5
17857,2010-03-08 12:09:00,2010-03-08 12:09:00,1,0,Loyal,21,1,468.0,10
17858,2009-12-06 15:41:00,2010-02-28 13:49:00,84,0,Champions,29,5,2975.38,13
17860,2009-12-11 16:48:00,2009-12-11 16:54:00,1,1,Lost,107,2,246.94,7
17861,2009-12-10 11:27:00,2010-03-04 10:31:00,84,0,Champions,25,4,1441.59,14
17863,2010-02-25 12:01:00,2010-02-25 12:01:00,1,0,Loyal,32,1,335.58,8
17865,2009-12-01 10:49:00,2010-03-01 11:18:00,91,0,Champions,28,8,4551.34,13
17866,2009-12-14 16:01:00,2009-12-14 16:01:00,1,1,Lost,104,1,149.5,5
17867,2009-12-02 13:39:00,2010-01-26 17:08:00,56,0,Loyal,61,3,126.88,8
17871,2010-01-15 14:48:00,2010-01-15 14:48:00,1,0,Lost,73,1,230.48,7
17873,2009-12-16 15:11:00,2010-03-25 13:55:00,99,0,Champions,4,5,1613.65,15
17875,2010-01-20 15:30:00,2010-01-20 15:30:00,1,0,Lost,67,1,167.1,6
17876,2010-02-02 13:00:00,2010-02-02 13:00:00,1,0,Loyal,55,1,777.4,9
17880,2009-12-09 16:13:00,2010-03-10 12:39:00,91,0,Loyal,19,2,366.0,11
17883,2010-02-25 20:07:00,2010-02-25 20:07:00,1,0,Loyal,31,1,168.48,7
17884,2009-12-04 16:23:00,2010-02-01 12:53:00,59,0,Champions,56,6,849.55,11
17888,2009-12-21 16:34:00,2010-02-17 11:31:00,58,0,Loyal,40,4,378.49,11
17905,2010-01-28 17:54:00,2010-03-14 13:28:00,45,0,Champions,15,6,947.0799999999999,13
17907,2010-03-09 12:33:00,2010-03-09 12:33:00,1,0,Loyal,20,1,291.76,9
17908,2009-12-14 12:24:00,2009-12-14 12:24:00,1,1,Lost,105,1,398.96,7
17909,2009-12-02 13:10:00,2009-12-02 13:10:00,1,1,Lost,117,1,110.05,5
17910,2009-12-13 16:04:00,2009-12-13 16:04:00,1,1,Lost,105,1,261.7,6
17913,2009-12-03 13:02:00,2010-03-07 12:35:00,94,0,Loyal,22,4,828.66,13
17916,2009-12-06 14:10:00,2010-03-21 12:26:00,105,0,Loyal,8,2,43.87,10
17920,2009-12-06 10:37:00,2010-03-28 11:38:00,113,0,Champions,1,13,8642.55,15
17927,2009-12-18 11:03:00,2009-12-18 11:03:00,1,1,Lost,101,1,294.0,6
17929,2009-12-09 11:40:00,2010-02-28 13:28:00,82,0,Loyal,29,2,588.6,11
17930,2010-03-04 10:41:00,2010-03-19 10:11:00,15,0,Loyal,10,2,570.8,12
17931,2010-02-16 15:47:00,2010-03-04 18:02:00,17,0,Champions,24,5,602.73,13
17933,2010-03-17 15:11:00,2010-03-17 15:11:00,1,0,Loyal,12,1,114.69,8
17935,2009-12-04 14:33:00,2010-03-24 12:07:00,110,0,Loyal,5,2,225.25,11
17941,2010-01-06 15:37:00,2010-02-18 19:11:00,44,0,Loyal,38,2,822.72,11
17945,2010-01-12 11:33:00,2010-01-12 11:40:00,1,0,Lost,76,3,360.35,9
17950,2010-01-04 17:39:00,2010-01-04 17:39:00,1,0,Lost,83,1,131.95,5
17954,2009-12-09 13:22:00,2010-03-28 14:18:00,110,0,Champions,1,5,927.73,14
17955,2010-02-12 16:27:00,2010-02-22 11:22:00,10,0,Loyal,35,2,392.6,10
17958,2009-12-11 15:37:00,2009-12-11 15:37:00,1,1,Lost,107,1,465.42,7
17960,2010-03-08 12:22:00,2010-03-08 12:22:00,1,0,Loyal,21,1,10.9,8
17961,2009-12-01 14:48:00,2010-03-23 15:56:00,113,0,Champions,5,27,964.75,14
17962,2010-01-13 15:24:00,2010-01-13 15:24:00,1,0,Lost,74,1,366.23,8
17963,2010-01-19 17:25:00,2010-01-19 17:25:00,1,0,Lost,68,1,171.17,6
17965,2009-12-14 13:19:00,2010-03-01 13:14:00,77,0,Champions,28,5,2146.91,13
17966,2010-01-18 13:24:00,2010-03-26 13:57:00,68,0,Loyal,3,3,674.39,14
17969,2009-12-06 13:53:00,2010-03-21 14:49:00,106,0,Champions,8,11,1250.81,15
17978,2009-12-08 13:27:00,2010-01-11 13:51:00,35,0,Lost,77,2,288.05,7
17982,2010-01-28 09:38:00,2010-01-28 09:38:00,1,0,Loyal,60,1,138.18,6
17984,2009-12-01 11:51:00,2009-12-01 11:51:00,1,1,Lost,118,1,212.63,6
17988,2009-12-07 13:35:00,2009-12-16 15:21:00,10,1,Lost,102,3,190.32,7
17990,2009-12-07 15:19:00,2009-12-07 15:19:00,1,1,Lost,111,1,332.70000000000005,6
17998,2009-12-01 13:07:00,2009-12-02 10:02:00,1,1,Lost,117,2,319.19,7
18001,2009-12-02 15:38:00,2009-12-02 15:38:00,1,1,Lost,116,1,176.6,5
18002,2009-12-08 11:07:00,2009-12-08 11:07:00,1,1,Lost,111,1,44.32,5
18006,2009-12-17 12:27:00,2009-12-17 12:27:00,1,1,Lost,102,1,53.55,5
18008,2010-01-06 12:35:00,2010-03-15 16:19:00,69,0,Champions,13,4,1348.9499999999998,14
18009,2010-02-25 11:49:00,2010-03-23 13:05:00,27,0,Loyal,6,2,507.95,12
18012,2009-12-16 13:16:00,2009-12-16 13:16:00,1,1,Lost,103,1,115.3,5
18016,2010-01-27 16:00:00,2010-01-27 16:00:00,1,0,Loyal,60,1,201.20000000000002,7
18029,2010-03-07 15:30:00,2010-03-07 15:30:00,1,0,Loyal,21,1,433.77,10
18036,2009-12-18 12:04:00,2010-01-18 14:23:00,32,0,Lost,70,2,247.15,8
18037,2009-12-01 13:48:00,2010-03-24 13:28:00,113,0,Loyal,5,7,70.15,11
18039,2010-03-09 11:19:00,2010-03-09 11:19:00,1,0,Loyal,20,1,120.97,8
18041,2010-01-14 10:04:00,2010-02-25 15:39:00,43,0,Champions,31,4,1414.69,13
18046,2010-02-28 11:36:00,2010-02-28 11:36:00,1,0,Loyal,29,1,189.63,7
18051,2009-12-09 12:17:00,2010-03-15 13:58:00,97,0,Champions,14,7,2282.28,14
18057,2010-01-18 12:42:00,2010-01-18 12:42:00,1,0,Lost,70,1,297.32,7
18058,2010-02-10 09:38:00,2010-02-10 09:38:00,1,0,Loyal,47,1,301.2,7
18061,2009-12-04 11:36:00,2010-03-22 14:43:00,109,0,Champions,7,8,1757.31,15
18063,2010-03-16 13:05:00,2010-03-16 13:05:00,1,0,Loyal,13,1,102.0,8
18064,2010-02-01 15:01:00,2010-03-04 13:24:00,31,0,Loyal,25,2,1103.16,12
18065,2009-12-09 16:00:00,2010-02-12 12:04:00,65,0,Loyal,45,4,773.23,12
18069,2010-02-28 16:14:00,2010-02-28 16:16:00,1,0,Loyal,28,2,379.59000000000003,10
18070,2010-02-08 13:28:00,2010-02-08 13:28:00,1,0,Loyal,49,1,314.1,7
18071,2009-12-05 10:31:00,2009-12-18 14:22:00,14,1,Lost,101,2,407.55,8
18077,2009-12-07 11:40:00,2010-03-19 15:27:00,103,0,Champions,9,5,903.5699999999999,14
18078,2010-03-21 15:50:00,2010-03-21 15:50:00,1,0,Loyal,7,1,256.22,10
18085,2010-03-21 11:57:00,2010-03-21 11:57:00,1,0,Loyal,8,1,258.75,10
18087,2009-12-01 09:43:00,2010-03-03 09:16:00,92,0,Champions,26,7,1913.1,13
18092,2009-12-04 12:37:00,2010-02-17 13:16:00,76,0,Champions,40,4,3245.0,13
18094,2010-01-07 11:16:00,2010-01-07 11:16:00,1,0,Lost,81,1,854.72,8
18097,2009-12-17 11:06:00,2009-12-17 11:06:00,1,1,Lost,102,1,171.26,5
18101,2010-02-03 13:52:00,2010-02-03 13:52:00,1,0,Loyal,54,1,112.5,6
18106,2010-01-15 11:36:00,2010-02-28 13:55:00,45,0,Loyal,29,3,599.13,12
18108,2009-12-02 12:47:00,2009-12-02 12:47:00,1,1,Lost,117,1,493.25,7
18115,2010-01-11 11:57:00,2010-01-11 11:57:00,1,0,Lost,77,1,9.700000000000001,5
18131,2010-03-18 08:48:00,2010-03-18 08:48:00,1,0,Loyal,11,1,222.95999999999998,10
18134,2010-01-14 11:59:00,2010-01-14 11:59:00,1,0,Lost,74,1,302.15,7
18135,2010-03-15 13:55:00,2010-03-15 13:55:00,1,0,Loyal,14,1,190.9,8
18144,2009-12-16 15:57:00,2009-12-16 15:57:00,1,1,Lost,102,1,597.5,8
18145,2009-12-08 12:30:00,2010-01-05 10:18:00,28,0,Lost,83,2,673.74,9
18148,2010-03-03 11:40:00,2010-03-03 11:40:00,1,0,Loyal,26,1,112.85000000000001,7
18149,2010-03-14 12:41:00,2010-03-14 12:41:00,1,0,Loyal,15,1,361.34000000000003,10
18151,2010-03-04 10:47:00,2010-03-04 10:47:00,1,0,Loyal,25,1,564.2,10
18152,2010-03-03 15:26:00,2010-03-03 15:26:00,1,0,Loyal,25,1,426.69,10
18153,2010-02-18 15:50:00,2010-02-18 15:50:00,1,0,Loyal,38,1,246.22,8
18162,2009-12-07 13:24:00,2009-12-07 13:24:00,1,1,Lost,112,1,371.51,7
18166,2010-03-26 12:26:00,2010-03-26 12:26:00,1,0,Loyal,3,1,175.5,9
18168,2009-12-03 17:29:00,2010-02-05 14:57:00,64,0,Loyal,52,3,769.63,11
18170,2010-01-08 14:10:00,2010-03-08 12:33:00,59,0,Loyal,21,3,874.0500000000001,13
18171,2010-01-05 10:46:00,2010-03-18 15:11:00,73,0,Loyal,11,2,607.75,13
18172,2009-12-11 09:58:00,2010-03-23 10:23:00,103,0,Champions,6,4,1926.01,15
18175,2010-02-02 10:25:00,2010-02-02 10:25:00,1,0,Loyal,55,1,176.1,6
18177,2009-12-15 18:57:00,2010-03-21 15:25:00,96,0,Loyal,7,2,554.5,12
18178,2010-02-18 14:25:00,2010-03-12 15:47:00,23,0,Loyal,16,2,1124.42,13
18179,2010-02-14 15:51:00,2010-02-14 15:51:00,1,0,Loyal,42,1,304.38,8
18181,2009-12-04 15:30:00,2009-12-04 15:30:00,1,1,Lost,114,1,298.99,6
18186,2009-12-17 10:22:00,2009-12-17 10:22:00,1,1,Lost,102,1,329.58,6
18187,2010-03-18 09:49:00,2010-03-18 09:49:00,1,0,Loyal,11,1,724.89,12
18188,2010-03-26 11:37:00,2010-03-26 11:37:00,1,0,Loyal,3,1,299.75,10
18189,2010-03-24 09:57:00,2010-03-24 09:57:00,1,0,Loyal,5,1,313.49,10
18190,2009-12-22 12:05:00,2010-01-29 14:37:00,39,0,Loyal,59,2,268.32000000000005,8
18194,2010-01-28 15:30:00,2010-01-28 15:30:00,1,0,Loyal,59,1,630.32,9
18196,2010-03-17 14:55:00,2010-03-17 14:55:00,1,0,Loyal,12,1,292.93,9
18199,2010-01-25 11:32:00,2010-01-25 11:32:00,1,0,Loyal,63,1,344.75,8
18201,2009-12-17 08:55:00,2009-12-17 08:55:00,1,1,Lost,102,1,447.53000000000003,7
18203,2009-12-08 13:19:00,2009-12-08 13:19:00,1,1,Lost,111,1,109.08,5
18212,2010-01-31 14:42:00,2010-01-31 14:42:00,1,0,Loyal,57,1,298.3,7
18215,2010-03-26 13:03:00,2010-03-26 13:03:00,1,0,Loyal,3,1,783.5500000000001,12
18218,2010-02-17 15:11:00,2010-02-17 15:11:00,1,0,Loyal,40,1,301.91999999999996,8
18219,2009-12-07 13:17:00,2010-03-25 15:14:00,109,0,Loyal,3,3,447.94,13
18220,2009-12-15 11:42:00,2009-12-15 11:42:00,1,1,Lost,104,1,253.64000000000001,6
18223,2009-12-04 12:20:00,2010-03-18 17:26:00,105,0,Champions,10,6,3854.34,15
18225,2009-12-04 16:52:00,2010-03-19 10:21:00,105,0,Loyal,10,3,1886.1599999999999,15
18226,2010-03-05 10:05:00,2010-03-05 10:05:00,1,0,Loyal,24,1,421.45,10
18229,2009-12-03 14:42:00,2010-01-19 13:33:00,47,0,Loyal,69,2,660.0,10
18231,2010-01-10 12:13:00,2010-03-28 14:32:00,78,0,Champions,1,8,1977.44,15
18242,2010-01-11 08:49:00,2010-01-11 08:49:00,1,0,Lost,77,1,326.54,6
18245,2010-03-08 15:26:00,2010-03-26 13:08:00,18,0,Loyal,3,2,497.91,12
18247,2010-03-18 15:52:00,2010-03-18 15:52:00,1,0,Loyal,10,1,186.0,9
18251,2009-12-22 12:01:00,2010-03-15 15:58:00,84,0,Champions,13,3,6110.49,14
18252,2009-12-18 16:13:00,2010-03-26 13:28:00,98,0,Loyal,3,4,836.92,14
18253,2010-03-07 12:38:00,2010-03-07 12:38:00,1,0,Loyal,22,1,317.88,9
18257,2010-02-18 16:20:00,2010-02-18 16:20:00,1,0,Loyal,38,1,360.38,9
18259,2009-12-08 08:38:00,2010-01-28 16:39:00,52,0,Loyal,59,2,662.7,10
18260,2009-12-15 13:50:00,2009-12-15 13:50:00,1,1,Lost,104,1,308.38,6
18267,2010-02-05 08:43:00,2010-02-05 08:43:00,1,0,Loyal,52,1,269.37,7
18268,2009-12-11 10:27:00,2010-02-25 10:06:00,76,0,Champions,32,4,1247.25,13
18271,2009-12-08 11:27:00,2009-12-08 11:27:00,1,1,Lost,111,1,192.54999999999998,5
18272,2010-03-04 12:53:00,2010-03-04 12:53:00,1,0,Loyal,25,1,635.0,11
18275,2009-12-08 16:23:00,2009-12-08 16:23:00,1,1,Lost,110,1,372.64,7
18276,2009-12-10 17:14:00,2009-12-10 17:14:00,1,1,Lost,108,1,218.05,6
18283,2010-02-19 17:16:00,2010-03-28 13:21:00,37,0,Loyal,1,3,332.02,12
18285,2010-02-17 10:24:00,2010-02-17 10:24:00,1,0,Loyal,40,1,427.0,9
18286,2009-12-16 10:45:00,2009-12-16 10:45:00,1,1,Lost,103,1,462.95,7
